SIC_ID,NUM,TIPO,SORGENTE,NOME,COGNOME,RAGIONE_SOCIALE,DATA_NASCITA,LUOGO_NASCITA,PROVINCIA_NASCITA,NAZIONALITA,CODICE_FISCALE,PARTITA_IVA,CODICE_SDI,DOC_TIPO,DOC_NUMERO,DOC_RILASCIATO_DA,DOC_DATA_RILASCIO,DOC_SCADENZA,EMAIL,PEC,TELEFONO_MOBILE,WHATSAPP,TELEFONO_FISSO,VIA_RESIDENZA,CAP_RESIDENZA,CITTA_RESIDENZA,PROVINCIA_RESIDENZA,PAESE_RESIDENZA,VIA_DOMICILIO,CAP_DOMICILIO,CITTA_DOMICILIO,PROVINCIA_DOMICILIO,SEDE_LEGALE_VIA,SEDE_LEGALE_CAP,SEDE_LEGALE_CITTA,SEDE_LEGALE_PROV,SEDE_OPERATIVA_VIA,SEDE_OPERATIVA_CAP,SEDE_OPERATIVA_CITTA,SEDE_OPERATIVA_PROV,IBAN,BANCA,BIC_SWIFT,WALLET_ETH_ERC20,WALLET_BSC_BEP20,WALLET_TRX_TRC20,WALLET_BTC,RUOLO_81,MEMBERSHIP,CODICE_REFERRAL,PV_SALDO,DATA_REGISTRAZIONE,STATUS_LEAD,SCORE_LEAD,NOTE
SIC00001,1,PERSONA,Labotecnic1|Labotecnic2,,,,,,,IT,,,,,,,,,marcodaurelio1@gmail.com,,,,,,,,,Italia,,,,,,,,,,,,,,,,,,,,GUEST,FREE,,0,18/06/2026,FREDDO,,
SIC00002,2,PERSONA,Labotecnic1|Labotecnic2,,,,,,,IT,,,,,,,,,0120001@mmfgshops.com,,,,,,,,,Italia,,,,,,,,,,,,,,,,,,,,GUEST,FREE,,0,18/06/2026,FREDDO,,
SIC00003,3,PERSONA,Labotecnic1|Labotecnic2,,,,,,,IT,,,,,,,,,amministrazione@studiotecnicoomega.it,,,,,,,,,Italia,,,,,,,,,,,,,,,,,,,,GUEST,FREE,,0,18/06/2026,FREDDO,,
SIC00004,4,PERSONA,Labotecnic1|Labotecnic2,,,,,,,IT,,,,,,,,,avvocati@marensi.it,,,,,,,,,Italia,,,,,,,,,,,,,,,,,,,,GUEST,FREE,,0,18/06/2026,FREDDO,,
SIC00005,5,PERSONA,Labotecnic1|Labotecnic2,,,,,,,IT,,,,,,,,,avv.giorgia.giannini@tiscali.it,,,,,,,,,Italia,,,,,,,,,,,,,,,,,,,,GUEST,FREE,,0,18/06/2026,FREDDO,,
SIC00006,6,PERSONA,Labotecnic1|Labotecnic2,,,,,,,IT,,,,,,,,,avv.marcopietropolli@gmail.com,,,,,,,,,Italia,,,,,,,,,,,,,,,,,,,,GUEST,FREE,,0,18/06/2026,FREDDO,,
SIC00007,7,PERSONA,Labotecnic1|Labotecnic2,,,,,,,IT,,,,,,,,,bernardinello.marco@libero.it,,,,,,,,,Italia,,,,,,,,,,,,,,,,,,,,GUEST,FREE,,0,18/06/2026,FREDDO,,
SIC00008,8,PERSONA,Labotecnic1|Labotecnic2,,,,,,,IT,,,,,,,,,bellan_marco@hotmail.it,,,,,,,,,Italia,,,,,,,,,,,,,,,,,,,,GUEST,FREE,,0,18/06/2026,FREDDO,,
SIC00009,9,PERSONA,Labotecnic1|Labotecnic2,,,,,,,IT,,,,,,,,,enrico.greghi@hotmail.it,,,,,,,,,Italia,,,,,,,,,,,,,,,,,,,,GUEST,FREE,,0,18/06/2026,FREDDO,,
SIC00010,10,PERSONA,Labotecnic1|Labotecnic2,,,,,,,IT,,,,,,,,,fabrismarcoimpianti@libero.it,,,,,,,,,Italia,,,,,,,,,,,,,,,,,,,,GUEST,FREE,,0,18/06/2026,FREDDO,,
SIC00011,11,PERSONA,Labotecnic1|Labotecnic2,,,,,,,IT,,,,,,,,,frrmarco@yahoo.it,,,,,,,,,Italia,,,,,,,,,,,,,,,,,,,,GUEST,FREE,,0,18/06/2026,FREDDO,,
SIC00012,12,PERSONA,Labotecnic1|Labotecnic2,,,,,,,IT,,,,,,,,,garbellini.marco@gmail.com,,,,,,,,,Italia,,,,,,,,,,,,,,,,,,,,GUEST,FREE,,0,18/06/2026,FREDDO,,
SIC00013,13,PERSONA,Labotecnic1|Labotecnic2,,,,,,,IT,,,,,,,,,geomarcoleoni@tiscali.it,,,,,,,,,Italia,,,,,,,,,,,,,,,,,,,,GUEST,FREE,,0,18/06/2026,FREDDO,,
SIC00014,14,PERSONA,Labotecnic1|Labotecnic2,,,,,,,IT,,,,,,,,,info@studiotecnico-elisaandreasi.it,,,,,,,,,Italia,,,,,,,,,,,,,,,,,,,,GUEST,FREE,,0,18/06/2026,FREDDO,,
SIC00015,15,PERSONA,Labotecnic1|Labotecnic2,,,,,,,IT,,,,,,,,,info@studiotecnicogpa.it,,,,,,,,,Italia,,,,,,,,,,,,,,,,,,,,GUEST,FREE,,0,18/06/2026,FREDDO,,
SIC00016,16,PERSONA,Labotecnic1|Labotecnic2,,,,,,,IT,,,,,,,,,lggrandi@gmail.com,,,,,,,,,Italia,,,,,,,,,,,,,,,,,,,,GUEST,FREE,,0,18/06/2026,FREDDO,,
SIC00017,17,PERSONA,Labotecnic1|Labotecnic2,,,,,,,IT,,,,,,,,,marco@studiopaghesrl.it,,,,,,,,,Italia,,,,,,,,,,,,,,,,,,,,GUEST,FREE,,0,18/06/2026,FREDDO,,
SIC00018,18,PERSONA,Labotecnic1|Labotecnic2,,,,,,,IT,,,,,,,,,marco.coletto@studioprofessionisti3lune.it,,,,,,,,,Italia,,,,,,,,,,,,,,,,,,,,GUEST,FREE,,0,18/06/2026,FREDDO,,
SIC00019,19,PERSONA,Labotecnic1|Labotecnic2,,,,,,,IT,,,,,,,,,marco.destro@anticimex.it,,,,,,,,,Italia,,,,,,,,,,,,,,,,,,,,GUEST,FREE,,0,18/06/2026,FREDDO,,
SIC00020,20,PERSONA,Labotecnic1|Labotecnic2,,,,,,,IT,,,,,,,,,marco.marconi.mailbox@gmail.com,,,,,,,,,Italia,,,,,,,,,,,,,,,,,,,,GUEST,FREE,,0,18/06/2026,FREDDO,,
SIC00021,21,PERSONA,Labotecnic1|Labotecnic2,,,,,,,IT,,,,,,,,,marco.pietro@libero.it,,,,,,,,,Italia,,,,,,,,,,,,,,,,,,,,GUEST,FREE,,0,18/06/2026,FREDDO,,
SIC00022,22,PERSONA,Labotecnic1|Labotecnic2,,,,,,,IT,,,,,,,,,marco.siciliani@attivamenteonlus.it,,,,,,,,,Italia,,,,,,,,,,,,,,,,,,,,GUEST,FREE,,0,18/06/2026,FREDDO,,
SIC00023,23,PERSONA,Labotecnic1|Labotecnic2,,,,,,,IT,,,,,,,,,marco3sa@libero.it,,,,,,,,,Italia,,,,,,,,,,,,,,,,,,,,GUEST,FREE,,0,18/06/2026,FREDDO,,
SIC00024,24,PERSONA,Labotecnic1|Labotecnic2,,,,,,,IT,,,,,,,,,plservicesrl@legalmail.it,,,,,,,,,Italia,,,,,,,,,,,,,,,,,,,,GUEST,FREE,,0,18/06/2026,FREDDO,,
SIC00025,25,PERSONA,Labotecnic1|Labotecnic2,,,,,,,IT,,,,,,,,,avvsilviadinapoli@gmail.com,,,,,,,,,Italia,,,,,,,,,,,,,,,,,,,,GUEST,FREE,,0,18/06/2026,FREDDO,,
SIC00026,26,PERSONA,Labotecnic1|Labotecnic2,,,,,,,IT,,,,,,,,,marco.anzini71@gmail.com,,,,,,,,,Italia,,,,,,,,,,,,,,,,,,,,GUEST,FREE,,0,18/06/2026,FREDDO,,
SIC00027,27,PERSONA,Labotecnic1|Labotecnic2,,,,,,,IT,,,,,,,,,marco.lavagetto@freelance-studio.it,,,,,,,,,Italia,,,,,,,,,,,,,,,,,,,,GUEST,FREE,,0,18/06/2026,FREDDO,,
SIC00028,28,PERSONA,Labotecnic1|Labotecnic2,,,,,,,IT,,,,,,,,,robertodegregorio69@gmail.com,,,,,,,,,Italia,,,,,,,,,,,,,,,,,,,,GUEST,FREE,,0,18/06/2026,FREDDO,,
SIC00029,29,PERSONA,81LEAD|EmailMirco,AVC,,,,,,IT,,,,,,,,,mod231@avcsrl.it,,3906596063920,3906596063920,,,,,,Italia,,,,,,,,,,,,,,,,,,,,GUEST,FREE,,0,18/06/2026,FREDDO,,
SIC00030,30,PERSONA,81LEAD|ContattiMirco|EmailMirco|Labotecnic1|Labotecnic2,Aadf,,,,,,IT,,,,,,,,,aadf.info@gmail.com,,,,,,,,,Italia,,,,,,,,,,,,,,,,,,,,GUEST,FREE,,0,18/06/2026,FREDDO,,
SIC00031,31,PERSONA,81LEAD|ContattiMirco|EmailMirco|Labotecnic1|Labotecnic2,Aboumosaab26,,,,,,IT,,,,,,,,,aboumosaab26@hotmail.it,,,,,,,,,Italia,,,,,,,,,,,,,,,,,,,,GUEST,FREE,,0,18/06/2026,FREDDO,,
SIC00032,32,PERSONA,81LEAD|EmailMirco,Acquadolce,,,,,,IT,,,,,,,,,info@acquadolce.info,,3905837795340,3905837795340,,,,,,Italia,,,,,,,,,,,,,,,,,,,,GUEST,FREE,,0,18/06/2026,FREDDO,,
SIC00033,33,PERSONA,81LEAD|ContattiMirco|Labotecnic1|Labotecnic2,Adi-motta,,,,,,IT,,,,,,,,,adi-motta@hotmail.it,,,,,,,,,Italia,,,,,,,,,,,,,,,,,,,,GUEST,FREE,,0,18/06/2026,FREDDO,,
SIC00034,34,PERSONA,81LEAD|ContattiMirco|EmailMirco|Labotecnic1|Labotecnic2,Adrianozamana,,,,,,IT,,,,,,,,,adrianozamana@gmail.com,,3933832336720,3933832336720,,,,,,Italia,,,,,,,,,,,,,,,,,,,,GUEST,FREE,,0,18/06/2026,FREDDO,,
SIC00035,35,PERSONA,81LEAD|ContattiMirco|EmailMirco|Labotecnic1|Labotecnic2,Agirmo,,,,,,IT,,,,,,,,,agirmo@infovacanze.it,,,,,,,,,Italia,,,,,,,,,,,,,,,,,,,,GUEST,FREE,,0,18/06/2026,FREDDO,,
SIC00036,36,PERSONA,81LEAD|ContattiMirco|EmailMirco|Labotecnic1|Labotecnic2,Agitatorec,,,,,,IT,,,,,,,,,agitatorec@inwind.it,,,,,,,,,Italia,,,,,,,,,,,,,,,,,,,,GUEST,FREE,,0,18/06/2026,FREDDO,,
SIC00037,37,PERSONA,81LEAD|ContattiMirco|EmailMirco|Labotecnic1|Labotecnic2,Agostinoviola,,,,,,IT,,,,,,,,,agostinoviola@inwind.it,,,,,,,,,Italia,,,,,,,,,,,,,,,,,,,,GUEST,FREE,,0,18/06/2026,FREDDO,,
SIC00038,38,PERSONA,81LEAD|ContattiMirco|EmailMirco|Labotecnic1|Labotecnic2,Aizitel07,,,,,,IT,,,,,,,,,aizitel07@libero.it,,,,,,,,,Italia,,,,,,,,,,,,,,,,,,,,GUEST,FREE,,0,18/06/2026,FREDDO,,
SIC00039,39,PERSONA,81LEAD|ContattiMirco|Labotecnic1|Labotecnic2,Albertiluciano,,,,,,IT,,,,,,,,,albertiluciano@libero.it,,,,,,,,,Italia,,,,,,,,,,,,,,,,,,,,GUEST,FREE,,0,18/06/2026,FREDDO,,
SIC00040,40,PERSONA,81LEAD|Labotecnic1|Labotecnic2,Alberto88siviero,,,,,,IT,,,,,,,,,alberto88siviero@alice.it,,,,,,,,,Italia,,,,,,,,,,,,,,,,,,,,GUEST,FREE,,0,18/06/2026,FREDDO,,
SIC00041,41,PERSONA,81LEAD|Labotecnic1|Labotecnic2,Albertopreviato,,,,,,IT,,,,,,,,,albertopreviato@libero.it,,,,,,,,,Italia,,,,,,,,,,,,,,,,,,,,GUEST,FREE,,0,18/06/2026,FREDDO,,
SIC00042,42,PERSONA,81LEAD|Labotecnic1|Labotecnic2,Albertovenezia,,,,,,IT,,,,,,,,,albertovenezia@mac.com,,,,,,,,,Italia,,,,,,,,,,,,,,,,,,,,GUEST,FREE,,0,18/06/2026,FREDDO,,
SIC00043,43,PERSONA,81LEAD|ContattiMirco|EmailMirco|Labotecnic1|Labotecnic2,Alessandra,,,,,,IT,,,,,,,,,alessandra@studioassociatobbc.it,,,,,,,,,Italia,,,,,,,,,,,,,,,,,,,,GUEST,FREE,,0,18/06/2026,FREDDO,,
SIC00044,44,PERSONA,81LEAD|ContattiMirco|EmailMirco|Labotecnic1|Labotecnic2,Alessandrogrossi,,,,,,IT,,,,,,,,,alessandrogrossi@live.it,,3934946920650,3934946920650,,,,,,Italia,,,,,,,,,,,,,,,,,,,,GUEST,FREE,,0,18/06/2026,FREDDO,,
SIC00045,45,PERSONA,81LEAD|ContattiMirco|EmailMirco|Labotecnic1|Labotecnic2,Alessandromorelli,,,,,,IT,,,,,,,,,alessandromorelli@inwind.it,,,,,,,,,Italia,,,,,,,,,,,,,,,,,,,,GUEST,FREE,,0,18/06/2026,FREDDO,,
SIC00046,46,PERSONA,81LEAD|ContattiMirco|EmailMirco|Labotecnic1|Labotecnic2,Alessandrotecchiati,,,,,,IT,,,,,,,,,alessandrotecchiati@tiscali.it,,3933894042300,3933894042300,,,,,,Italia,,,,,,,,,,,,,,,,,,,,GUEST,FREE,,0,18/06/2026,FREDDO,,
SIC00047,47,PERSONA,81LEAD|ContattiMirco|EmailMirco|Labotecnic1|Labotecnic2,Alessia_maselli,,,,,,IT,,,,,,,,,alessia_maselli@virgilio.it,,,,,,,,,Italia,,,,,,,,,,,,,,,,,,,,GUEST,FREE,,0,18/06/2026,FREDDO,,
SIC00048,48,PERSONA,81LEAD|ContattiMirco|EmailMirco|Labotecnic1|Labotecnic2,Alessiascapocchin85,,,,,,IT,,,,,,,,,alessiascapocchin85@gmail.com,,39349619350800,39349619350800,,,,,,Italia,,,,,,,,,,,,,,,,,,,,GUEST,FREE,,0,18/06/2026,FREDDO,,
SIC00049,49,PERSONA,81LEAD|ContattiMirco|Labotecnic1|Labotecnic2,Alessio,,,,,,IT,,,,,,,,,alessio@fb-fantasy.it,,3933878280220,3933878280220,,,,,,Italia,,,,,,,,,,,,,,,,,,,,GUEST,FREE,,0,18/06/2026,FREDDO,,
SIC00050,50,PERSONA,81LEAD|ContattiMirco|Labotecnic1|Labotecnic2,Alexs,,,,,,IT,,,,,,,,,alex1970s@libero.it,,,,,,,,,Italia,,,,,,,,,,,,,,,,,,,,GUEST,FREE,,0,18/06/2026,FREDDO,,
SIC00051,51,PERSONA,81LEAD|Labotecnic1|Labotecnic2,Alfonso,,,,,,IT,,,,,,,,,alfonso.martello@aslnapoli2nord.it,,,,,,,,,Italia,,,,,,,,,,,,,,,,,,,,GUEST,FREE,,0,18/06/2026,FREDDO,,
SIC00052,52,PERSONA,81LEAD|ContattiMirco|EmailMirco|Labotecnic1|Labotecnic2,Alfonsogorirossi,,,,,,IT,,,,,,,,,alfonsogorirossi@virgilio.it,,,,,,,,,Italia,,,,,,,,,,,,,,,,,,,,GUEST,FREE,,0,18/06/2026,FREDDO,,
SIC00053,53,PERSONA,81LEAD|EmailMirco,Alpiturist,,,,,,IT,,,,,,,,,info@alpiturist.com,,3904246924350,3904246924350,,,,,,Italia,,,,,,,,,,,,,,,,,,,,GUEST,FREE,,0,18/06/2026,FREDDO,,
SIC00054,54,PERSONA,81LEAD|ContattiMirco|EmailMirco|Labotecnic1|Labotecnic2,Alxdc,,,,,,IT,,,,,,,,,alxdc@yahoo.it,,,,,,,,,Italia,,,,,,,,,,,,,,,,,,,,GUEST,FREE,,0,18/06/2026,FREDDO,,
SIC00055,55,PERSONA,81LEAD|ContattiMirco|EmailMirco|Labotecnic1|Labotecnic2,Amministrazione,,,,,,IT,,,,,,,,,amministrazione@promofiereverona.com,,,,,,,,,Italia,,,,,,,,,,,,,,,,,,,,GUEST,FREE,,0,18/06/2026,FREDDO,,
SIC00056,56,PERSONA,81LEAD|ContattiMirco,Amministrazione,,,,,,IT,,,,,,,,,amministrazione@ascomrovigo.it,,,,,,,,,Italia,,,,,,,,,,,,,,,,,,,,GUEST,FREE,,0,18/06/2026,FREDDO,,
SIC00057,57,PERSONA,81LEAD|ContattiMirco|EmailMirco|Labotecnic1|Labotecnic2,Ampeliobos,,,,,,IT,,,,,,,,,ampeliobos@alice.it,,,,,,,,,Italia,,,,,,,,,,,,,,,,,,,,GUEST,FREE,,0,18/06/2026,FREDDO,,
SIC00058,58,PERSONA,81LEAD|ContattiMirco|EmailMirco|Labotecnic1|Labotecnic2,Andreonecristina,,,,,,IT,,,,,,,,,andreonecristina@yahoo.it,,,,,,,,,Italia,,,,,,,,,,,,,,,,,,,,GUEST,FREE,,0,18/06/2026,FREDDO,,
SIC00059,59,PERSONA,81LEAD|Labotecnic1|Labotecnic2,Angela,,,,,,IT,,,,,,,,,angelina.giacometti@istruzione.it,,,,,,,,,Italia,,,,,,,,,,,,,,,,,,,,GUEST,FREE,,0,18/06/2026,FREDDO,,
SIC00060,60,PERSONA,81LEAD|ContattiMirco|EmailMirco|Labotecnic1|Labotecnic2,Angela,,,,,,IT,,,,,,,,,angela@studiodieci.info,,,,,,,,,Italia,,,,,,,,,,,,,,,,,,,,GUEST,FREE,,0,18/06/2026,FREDDO,,
SIC00061,61,PERSONA,81LEAD|ContattiMirco|EmailMirco,Anipa,,,,,,IT,,,,,,,,,anipa@anipa.it,,,,,,,,,Italia,,,,,,,,,,,,,,,,,,,,GUEST,FREE,,0,18/06/2026,FREDDO,,
SIC00062,62,PERSONA,81LEAD|ContattiMirco|EmailMirco|Labotecnic1|Labotecnic2,Anna,,,,,,IT,,,,,,,,,anna@annaritagelasio.it,,,,,,,,,Italia,,,,,,,,,,,,,,,,,,,,GUEST,FREE,,0,18/06/2026,FREDDO,,
SIC00063,63,PERSONA,81LEAD|ContattiMirco|EmailMirco|Labotecnic1|Labotecnic2,Anna_sanfilippo64,,,,,,IT,,,,,,,,,anna_sanfilippo64@libero.it,,,,,,,,,Italia,,,,,,,,,,,,,,,,,,,,GUEST,FREE,,0,18/06/2026,FREDDO,,
SIC00064,64,PERSONA,81LEAD|ContattiMirco|EmailMirco|Labotecnic1|Labotecnic2,Annaac,,,,,,IT,,,,,,,,,anna86ac@hotmail.it,,3933966153610,3933966153610,,,,,,Italia,,,,,,,,,,,,,,,,,,,,GUEST,FREE,,0,18/06/2026,FREDDO,,
SIC00065,65,PERSONA,81LEAD|ContattiMirco|EmailMirco|Labotecnic1|Labotecnic2,Annafranzese51,,,,,,IT,,,,,,,,,annafranzese51@gmail.com,,,,,,,,,Italia,,,,,,,,,,,,,,,,,,,,GUEST,FREE,,0,18/06/2026,FREDDO,,
SIC00066,66,PERSONA,81LEAD|ContattiMirco|Labotecnic1|Labotecnic2,Annalisa,,,,,,IT,,,,,,,,,25annalisa@gmail.com,,,,,,,,,Italia,,,,,,,,,,,,,,,,,,,,GUEST,FREE,,0,18/06/2026,FREDDO,,
SIC00067,67,PERSONA,81LEAD|ContattiMirco|EmailMirco|Labotecnic1|Labotecnic2,Annapisanelli,,,,,,IT,,,,,,,,,annapisanelli@gmail.com,,,,,,,,,Italia,,,,,,,,,,,,,,,,,,,,GUEST,FREE,,0,18/06/2026,FREDDO,,
SIC00068,68,PERSONA,81LEAD|ContattiMirco|EmailMirco|Labotecnic1|Labotecnic2,Annascarpato9,,,,,,IT,,,,,,,,,annascarpato9@gmail.com,,,,,,,,,Italia,,,,,,,,,,,,,,,,,,,,GUEST,FREE,,0,18/06/2026,FREDDO,,
SIC00069,69,PERSONA,81LEAD|ContattiMirco|Labotecnic1|Labotecnic2,Antonia,,,,,,IT,,,,,,,,,antonia@gamoservizi.it,,3934038864580,3934038864580,,,,,,Italia,,,,,,,,,,,,,,,,,,,,GUEST,FREE,,0,18/06/2026,FREDDO,,
SIC00070,70,PERSONA,81LEAD|ContattiMirco|EmailMirco|Labotecnic1|Labotecnic2,Apesorridente,,,,,,IT,,,,,,,,,apesorridente@hotmail.com,,,,,,,,,Italia,,,,,,,,,,,,,,,,,,,,GUEST,FREE,,0,18/06/2026,FREDDO,,
SIC00071,71,PERSONA,81LEAD|ContattiMirco|EmailMirco|Labotecnic1|Labotecnic2,Archiluigibarbato,,,,,,IT,,,,,,,,,archiluigibarbato@gmail.com,,,,,,,,,Italia,,,,,,,,,,,,,,,,,,,,GUEST,FREE,,0,18/06/2026,FREDDO,,
SIC00072,72,PERSONA,81LEAD|ContattiMirco|EmailMirco|Labotecnic1|Labotecnic2,Architettozanardi,,,,,,IT,,,,,,,,,architettozanardi@libero.it,,,,,,,,,Italia,,,,,,,,,,,,,,,,,,,,GUEST,FREE,,0,18/06/2026,FREDDO,,
SIC00073,73,PERSONA,81LEAD|ContattiMirco|EmailMirco|Labotecnic1|Labotecnic2,Armyat,,,,,,IT,,,,,,,,,armyat@libero.it,,,,,,,,,Italia,,,,,,,,,,,,,,,,,,,,GUEST,FREE,,0,18/06/2026,FREDDO,,
SIC00074,74,PERSONA,81LEAD|ContattiMirco|EmailMirco,Artigiano,,,,,,IT,,,,,,,,,restauri@tiscalinet.it,,39338916335000,39338916335000,,,,,,Italia,,,,,,,,,,,,,,,,,,,,GUEST,FREE,,0,18/06/2026,FREDDO,,
SIC00075,75,PERSONA,81LEAD|ContattiMirco|EmailMirco,Assistenza,,,,,,IT,,,,,,,,,assistenza@staff.aruba.it,,,,,,,,,Italia,,,,,,,,,,,,,,,,,,,,GUEST,FREE,,0,18/06/2026,FREDDO,,
SIC00076,76,PERSONA,81LEAD|ContattiMirco|EmailMirco|Labotecnic1|Labotecnic2,Atlanta76,,,,,,IT,,,,,,,,,atlanta76@libero.it,,,,,,,,,Italia,,,,,,,,,,,,,,,,,,,,GUEST,FREE,,0,18/06/2026,FREDDO,,
SIC00077,77,PERSONA,81LEAD|ContattiMirco|EmailMirco|Labotecnic1|Labotecnic2,Attilio,,,,,,IT,,,,,,,,,attilio@mastudio.it,,,,,,,,,Italia,,,,,,,,,,,,,,,,,,,,GUEST,FREE,,0,18/06/2026,FREDDO,,
SIC00078,78,PERSONA,81LEAD|ContattiMirco|EmailMirco|Labotecnic1|Labotecnic2,Aulettadebora,,,,,,IT,,,,,,,,,aulettadebora@live.com,,,,,,,,,Italia,,,,,,,,,,,,,,,,,,,,GUEST,FREE,,0,18/06/2026,FREDDO,,
SIC00079,79,PERSONA,81LEAD|ContattiMirco|EmailMirco|Labotecnic1|Labotecnic2,B,,,,,,IT,,,,,,,,,b-nicola@libero.it,,3933469009460,3933469009460,,,,,,Italia,,,,,,,,,,,,,,,,,,,,GUEST,FREE,,0,18/06/2026,FREDDO,,
SIC00080,80,PERSONA,81LEAD|EmailMirco,B.Edil,,,,,,IT,,,,,,,,,marcohasrama@hotmail.it,,3932855372950,3932855372950,,,,,,Italia,,,,,,,,,,,,,,,,,,,,GUEST,FREE,,0,18/06/2026,FREDDO,,
SIC00081,81,PERSONA,81LEAD|ContattiMirco|EmailMirco|Labotecnic1|Labotecnic2,Baglionisax,,,,,,IT,,,,,,,,,baglionisax@libero.it,,,,,,,,,Italia,,,,,,,,,,,,,,,,,,,,GUEST,FREE,,0,18/06/2026,FREDDO,,
SIC00082,82,PERSONA,81LEAD|ContattiMirco|EmailMirco|Labotecnic1|Labotecnic2,Bagnohappydays,,,,,,IT,,,,,,,,,bagnohappydays@gmail.com,,,,,,,,,Italia,,,,,,,,,,,,,,,,,,,,GUEST,FREE,,0,18/06/2026,FREDDO,,
SIC00083,83,PERSONA,81LEAD|ContattiMirco|EmailMirco|Labotecnic1|Labotecnic2,Bakhitgahli,,,,,,IT,,,,,,,,,bakhitgahli@gmail.com,,,,,,,,,Italia,,,,,,,,,,,,,,,,,,,,GUEST,FREE,,0,18/06/2026,FREDDO,,
SIC00084,84,PERSONA,81LEAD|ContattiMirco|EmailMirco|Labotecnic1|Labotecnic2,Baldodaniele8,,,,,,IT,,,,,,,,,baldodaniele8@yahoo.it,,3939245712990,3939245712990,,,,,,Italia,,,,,,,,,,,,,,,,,,,,GUEST,FREE,,0,18/06/2026,FREDDO,,
SIC00085,85,PERSONA,81LEAD|ContattiMirco|EmailMirco|Labotecnic1|Labotecnic2,Balgu2007,,,,,,IT,,,,,,,,,balgu2007@alice.it,,,,,,,,,Italia,,,,,,,,,,,,,,,,,,,,GUEST,FREE,,0,18/06/2026,FREDDO,,
SIC00086,86,PERSONA,81LEAD|ContattiMirco|EmailMirco|Labotecnic1|Labotecnic2,Banin_matteo,,,,,,IT,,,,,,,,,banin_matteo@libero.it,,3934093537130,3934093537130,,,,,,Italia,,,,,,,,,,,,,,,,,,,,GUEST,FREE,,0,18/06/2026,FREDDO,,
SIC00087,87,PERSONA,81LEAD|ContattiMirco|EmailMirco|Labotecnic1|Labotecnic2,Baninmanolo,,,,,,IT,,,,,,,,,baninmanolo@libero.it,,,,,,,,,Italia,,,,,,,,,,,,,,,,,,,,GUEST,FREE,,0,18/06/2026,FREDDO,,
SIC00088,88,PERSONA,81LEAD|ContattiMirco|EmailMirco|Labotecnic1|Labotecnic2,Barbarabellonivox,,,,,,IT,,,,,,,,,barbarabellonivox@gmail.com,,,,,,,,,Italia,,,,,,,,,,,,,,,,,,,,GUEST,FREE,,0,18/06/2026,FREDDO,,
SIC00089,89,PERSONA,81LEAD|ContattiMirco|EmailMirco|Labotecnic1|Labotecnic2,Bardellaprogetti,,,,,,IT,,,,,,,,,bardellaprogetti@libero.it,,,,,,,,,Italia,,,,,,,,,,,,,,,,,,,,GUEST,FREE,,0,18/06/2026,FREDDO,,
SIC00090,90,PERSONA,81LEAD|ContattiMirco|EmailMirco|Labotecnic1|Labotecnic2,Barfiori,,,,,,IT,,,,,,,,,barfiori@tin.it,,,,,,,,,Italia,,,,,,,,,,,,,,,,,,,,GUEST,FREE,,0,18/06/2026,FREDDO,,
SIC00091,91,PERSONA,81LEAD|ContattiMirco|EmailMirco|Labotecnic1|Labotecnic2,Barnaalina,,,,,,IT,,,,,,,,,barnaalina@libero.it,,,,,,,,,Italia,,,,,,,,,,,,,,,,,,,,GUEST,FREE,,0,18/06/2026,FREDDO,,
SIC00092,92,PERSONA,81LEAD|ContattiMirco|EmailMirco|Labotecnic1|Labotecnic2,Baronma,,,,,,IT,,,,,,,,,baronma@libero.it,,,,,,,,,Italia,,,,,,,,,,,,,,,,,,,,GUEST,FREE,,0,18/06/2026,FREDDO,,
SIC00093,93,PERSONA,81LEAD|ContattiMirco|Labotecnic1|Labotecnic2,Basanadamiano,,,,,,IT,,,,,,,,,basanadamiano@libero.it,,3933514334470,3933514334470,,,,,,Italia,,,,,,,,,,,,,,,,,,,,GUEST,FREE,,0,18/06/2026,FREDDO,,
SIC00094,94,PERSONA,81LEAD|ContattiMirco|EmailMirco|Labotecnic1|Labotecnic2,Basstef72,,,,,,IT,,,,,,,,,basstef72@gmail.com,,,,,,,,,Italia,,,,,,,,,,,,,,,,,,,,GUEST,FREE,,0,18/06/2026,FREDDO,,
SIC00095,95,PERSONA,81LEAD|ContattiMirco|EmailMirco|Labotecnic1|Labotecnic2,Battistagallo,,,,,,IT,,,,,,,,,battistagallo@gmail.com,,,,,,,,,Italia,,,,,,,,,,,,,,,,,,,,GUEST,FREE,,0,18/06/2026,FREDDO,,
SIC00096,96,PERSONA,81LEAD|ContattiMirco|EmailMirco|Labotecnic1|Labotecnic2,Bdavid69,,,,,,IT,,,,,,,,,bdavid69@tiscali.it,,,,,,,,,Italia,,,,,,,,,,,,,,,,,,,,GUEST,FREE,,0,18/06/2026,FREDDO,,
SIC00097,97,PERSONA,81LEAD|ContattiMirco|EmailMirco|Labotecnic1|Labotecnic2,Bdocmatteo,,,,,,IT,,,,,,,,,bdocmatteo@gmail.com,,,,,,,,,Italia,,,,,,,,,,,,,,,,,,,,GUEST,FREE,,0,18/06/2026,FREDDO,,
SIC00098,98,PERSONA,81LEAD|ContattiMirco|EmailMirco|Labotecnic1|Labotecnic2,Beatriceviviani,,,,,,IT,,,,,,,,,beatriceviviani@tosettiviviani.com,,3934257254760,3934257254760,,,,,,Italia,,,,,,,,,,,,,,,,,,,,GUEST,FREE,,0,18/06/2026,FREDDO,,
SIC00099,99,PERSONA,81LEAD|ContattiMirco|EmailMirco|Labotecnic1|Labotecnic2,Bebobestmusic,,,,,,IT,,,,,,,,,bebobestmusic@gmail.com,,,,,,,,,Italia,,,,,,,,,,,,,,,,,,,,GUEST,FREE,,0,18/06/2026,FREDDO,,
SIC00100,100,PERSONA,81LEAD|ContattiMirco|EmailMirco|Labotecnic1|Labotecnic2,Bedeiroberta,,,,,,IT,,,,,,,,,bedeiroberta@gmail.com,,,,,,,,,Italia,,,,,,,,,,,,,,,,,,,,GUEST,FREE,,0,18/06/2026,FREDDO,,
SIC00101,101,PERSONA,81LEAD|ContattiMirco|EmailMirco|Labotecnic1|Labotecnic2,Bedonml,,,,,,IT,,,,,,,,,bedonml@libero.it,,,,,,,,,Italia,,,,,,,,,,,,,,,,,,,,GUEST,FREE,,0,18/06/2026,FREDDO,,
SIC00102,102,PERSONA,81LEAD|ContattiMirco|EmailMirco|Labotecnic1|Labotecnic2,Bellaselbe,,,,,,IT,,,,,,,,,bellaselbe@gmail.com,,,,,,,,,Italia,,,,,,,,,,,,,,,,,,,,GUEST,FREE,,0,18/06/2026,FREDDO,,
SIC00103,103,PERSONA,81LEAD|ContattiMirco|EmailMirco|Labotecnic1|Labotecnic2,Bellato,,,,,,IT,,,,,,,,,abellato64@gmail.com,,,,,,,,,Italia,,,,,,,,,,,,,,,,,,,,GUEST,FREE,,0,18/06/2026,FREDDO,,
SIC00104,104,PERSONA,81LEAD|Labotecnic1|Labotecnic2,Bellatoalberto,,,,,,IT,,,,,,,,,bellatoalberto@hotmail.com,,,,,,,,,Italia,,,,,,,,,,,,,,,,,,,,GUEST,FREE,,0,18/06/2026,FREDDO,,
SIC00105,105,PERSONA,81LEAD|ContattiMirco|EmailMirco|Labotecnic1|Labotecnic2,Bellemoeri,,,,,,IT,,,,,,,,,bellemoernani@libero.it,,,,,,,,,Italia,,,,,,,,,,,,,,,,,,,,GUEST,FREE,,0,18/06/2026,FREDDO,,
SIC00106,106,PERSONA,81LEAD|ContattiMirco|EmailMirco|Labotecnic1|Labotecnic2,Belliade,,,,,,IT,,,,,,,,,belliade@alice.it,,,,,,,,,Italia,,,,,,,,,,,,,,,,,,,,GUEST,FREE,,0,18/06/2026,FREDDO,,
SIC00107,107,PERSONA,81LEAD|ContattiMirco|EmailMirco|Labotecnic1|Labotecnic2,Beppe,,,,,,IT,,,,,,,,,beppe@givemotions.it,,,,,,,,,Italia,,,,,,,,,,,,,,,,,,,,GUEST,FREE,,0,18/06/2026,FREDDO,,
SIC00108,108,PERSONA,81LEAD|ContattiMirco|EmailMirco|Labotecnic1|Labotecnic2,Beppetv,,,,,,IT,,,,,,,,,beppe59tv@libero.it,,,,,,,,,Italia,,,,,,,,,,,,,,,,,,,,GUEST,FREE,,0,18/06/2026,FREDDO,,
SIC00109,109,PERSONA,81LEAD|ContattiMirco|EmailMirco|Labotecnic1|Labotecnic2,Bergantongiorgio,,,,,,IT,,,,,,,,,bergantongiorgio@gmail.com,,,,,,,,,Italia,,,,,,,,,,,,,,,,,,,,GUEST,FREE,,0,18/06/2026,FREDDO,,
SIC00110,110,PERSONA,81LEAD|ContattiMirco|EmailMirco|Labotecnic1|Labotecnic2,Bertarellilucadjberta,,,,,,IT,,,,,,,,,bertarellilucadjberta@gmail.com,,,,,,,,,Italia,,,,,,,,,,,,,,,,,,,,GUEST,FREE,,0,18/06/2026,FREDDO,,
SIC00111,111,PERSONA,81LEAD|ContattiMirco,Berti,,,,,,IT,,,,,,,,,berti@fregugliasrl.it,,,,,,,,,Italia,,,,,,,,,,,,,,,,,,,,GUEST,FREE,,0,18/06/2026,FREDDO,,
SIC00112,112,PERSONA,81LEAD|ContattiMirco|EmailMirco,Bestwestern,,,,,,IT,,,,,,,,,bestwestern@express.medallia.com,,,,,,,,,Italia,,,,,,,,,,,,,,,,,,,,GUEST,FREE,,0,18/06/2026,FREDDO,,
SIC00113,113,PERSONA,81LEAD|ContattiMirco|Labotecnic1|Labotecnic2,Better,,,,,,IT,,,,,,,,,better@excite.it,,,,,,,,,Italia,,,,,,,,,,,,,,,,,,,,GUEST,FREE,,0,18/06/2026,FREDDO,,
SIC00114,114,PERSONA,81LEAD|ContattiMirco|EmailMirco|Labotecnic1|Labotecnic2,Bettonora,,,,,,IT,,,,,,,,,bettonora@live.it,,,,,,,,,Italia,,,,,,,,,,,,,,,,,,,,GUEST,FREE,,0,18/06/2026,FREDDO,,
SIC00115,115,PERSONA,81LEAD|ContattiMirco|EmailMirco|Labotecnic1|Labotecnic2,Bettydianini,,,,,,IT,,,,,,,,,bettydianini@gmail.com,,3932812828240,3932812828240,,,,,,Italia,,,,,,,,,,,,,,,,,,,,GUEST,FREE,,0,18/06/2026,FREDDO,,
SIC00116,116,PERSONA,81LEAD|ContattiMirco|EmailMirco|Labotecnic1|Labotecnic2,Bfferrari,,,,,,IT,,,,,,,,,bfferrari@libero.it,,,,,,,,,Italia,,,,,,,,,,,,,,,,,,,,GUEST,FREE,,0,18/06/2026,FREDDO,,
SIC00117,117,PERSONA,81LEAD|ContattiMirco|EmailMirco,Billing,,,,,,IT,,,,,,,,,billing@zoom.us,,,,,,,,,Italia,,,,,,,,,,,,,,,,,,,,GUEST,FREE,,0,18/06/2026,FREDDO,,
SIC00118,118,PERSONA,81LEAD|ContattiMirco|EmailMirco|Labotecnic1|Labotecnic2,Binabo,,,,,,IT,,,,,,,,,binabo@alice.it,,,,,,,,,Italia,,,,,,,,,,,,,,,,,,,,GUEST,FREE,,0,18/06/2026,FREDDO,,
SIC00119,119,PERSONA,81LEAD|ContattiMirco|EmailMirco,Bivoln1,,,,,,IT,,,,,,,,,bivoln1@gmail.com,,,,,,,,,Italia,,,,,,,,,,,,,,,,,,,,GUEST,FREE,,0,18/06/2026,FREDDO,,
SIC00120,120,PERSONA,81LEAD|ContattiMirco|EmailMirco|Labotecnic1|Labotecnic2,Bluetek,,,,,,IT,,,,,,,,,bluetek@libero.it,,,,,,,,,Italia,,,,,,,,,,,,,,,,,,,,GUEST,FREE,,0,18/06/2026,FREDDO,,
SIC00121,121,PERSONA,81LEAD|ContattiMirco|EmailMirco|Labotecnic1|Labotecnic2,Bmax76,,,,,,IT,,,,,,,,,bmax76@alice.it,,,,,,,,,Italia,,,,,,,,,,,,,,,,,,,,GUEST,FREE,,0,18/06/2026,FREDDO,,
SIC00122,122,PERSONA,81LEAD|ContattiMirco|EmailMirco|Labotecnic1|Labotecnic2,Boatomichele,,,,,,IT,,,,,,,,,boatomichele@libero.it,,3932902278620,3932902278620,,,,,,Italia,,,,,,,,,,,,,,,,,,,,GUEST,FREE,,0,18/06/2026,FREDDO,,
SIC00123,123,PERSONA,81LEAD|ContattiMirco|EmailMirco,Bobsammy463,,,,,,IT,,,,,,,,,bobsammy463@gmail.com,,,,,,,,,Italia,,,,,,,,,,,,,,,,,,,,GUEST,FREE,,0,18/06/2026,FREDDO,,
SIC00124,124,PERSONA,ContattiMirco|EmailMirco|Labotecnic1|Labotecnic2,Bobymarkovic,,,,,,IT,,,,,,,,,bobymarkovic@gmail.com,,,,,,,,,Italia,,,,,,,,,,,,,,,,,,,,GUEST,FREE,,0,18/06/2026,FREDDO,,
SIC00125,125,PERSONA,81LEAD|ContattiMirco|EmailMirco|Labotecnic1|Labotecnic2,Bodea76,,,,,,IT,,,,,,,,,bodea76@yahoo.it,,,,,,,,,Italia,,,,,,,,,,,,,,,,,,,,GUEST,FREE,,0,18/06/2026,FREDDO,,
SIC00126,126,PERSONA,81LEAD|ContattiMirco|EmailMirco|Labotecnic1|Labotecnic2,Bonaldomatteo,,,,,,IT,,,,,,,,,bonaldomatteo@tiscali.it,,,,,,,,,Italia,,,,,,,,,,,,,,,,,,,,GUEST,FREE,,0,18/06/2026,FREDDO,,
SIC00127,127,PERSONA,81LEAD|ContattiMirco|EmailMirco|Labotecnic1|Labotecnic2,Booking,,,,,,IT,,,,,,,,,booking@lifeclass.net,,,,,,,,,Italia,,,,,,,,,,,,,,,,,,,,GUEST,FREE,,0,18/06/2026,FREDDO,,
SIC00128,128,PERSONA,81LEAD|ContattiMirco|EmailMirco|Labotecnic1|Labotecnic2,Borghipneumatici,,,,,,IT,,,,,,,,,borghipneumatici@gmail.com,,,,,,,,,Italia,,,,,,,,,,,,,,,,,,,,GUEST,FREE,,0,18/06/2026,FREDDO,,
SIC00129,129,PERSONA,81LEAD|ContattiMirco|EmailMirco|Labotecnic1|Labotecnic2,Boscolomanuel75,,,,,,IT,,,,,,,,,boscolomanuel75@gmail.com,,,,,,,,,Italia,,,,,,,,,,,,,,,,,,,,GUEST,FREE,,0,18/06/2026,FREDDO,,
SIC00130,130,PERSONA,81LEAD|ContattiMirco|EmailMirco|Labotecnic1|Labotecnic2,Bredalorenza,,,,,,IT,,,,,,,,,bredalorenza@gmail.com,,,,,,,,,Italia,,,,,,,,,,,,,,,,,,,,GUEST,FREE,,0,18/06/2026,FREDDO,,
SIC00131,131,PERSONA,81LEAD|ContattiMirco|EmailMirco|Labotecnic1|Labotecnic2,Brini60,,,,,,IT,,,,,,,,,brini60@gmail.com,,,,,,,,,Italia,,,,,,,,,,,,,,,,,,,,GUEST,FREE,,0,18/06/2026,FREDDO,,
SIC00132,132,PERSONA,81LEAD|ContattiMirco|Labotecnic1|Labotecnic2,Brunobuttini,,,,,,IT,,,,,,,,,brunobuttini@icloud.com,,,,,,,,,Italia,,,,,,,,,,,,,,,,,,,,GUEST,FREE,,0,18/06/2026,FREDDO,,
SIC00133,133,PERSONA,81LEAD|ContattiMirco|EmailMirco|Labotecnic1|Labotecnic2,Btstrasporti,,,,,,IT,,,,,,,,,btstrasporti@gmail.com,,,,,,,,,Italia,,,,,,,,,,,,,,,,,,,,GUEST,FREE,,0,18/06/2026,FREDDO,,
SIC00134,134,PERSONA,81LEAD|ContattiMirco|EmailMirco|Labotecnic1|Labotecnic2,Bulferetti,,,,,,IT,,,,,,,,,bulferetti@yahoo.it,,,,,,,,,Italia,,,,,,,,,,,,,,,,,,,,GUEST,FREE,,0,18/06/2026,FREDDO,,
SIC00135,135,PERSONA,81LEAD|ContattiMirco|EmailMirco|Labotecnic1|Labotecnic2,Bumarix,,,,,,IT,,,,,,,,,bumarix@tiscali.it,,,,,,,,,Italia,,,,,,,,,,,,,,,,,,,,GUEST,FREE,,0,18/06/2026,FREDDO,,
SIC00136,136,PERSONA,81LEAD|ContattiMirco|EmailMirco,Businesssupport,,,,,,IT,,,,,,,,,businesssupport@soldo.com,,,,,,,,,Italia,,,,,,,,,,,,,,,,,,,,GUEST,FREE,,0,18/06/2026,FREDDO,,
SIC00137,137,PERSONA,81LEAD|ContattiMirco|EmailMirco|Labotecnic1|Labotecnic2,C,,,,,,IT,,,,,,,,,c_bernardinello@tin.it,,,,,,,,,Italia,,,,,,,,,,,,,,,,,,,,GUEST,FREE,,0,18/06/2026,FREDDO,,
SIC00138,138,PERSONA,81LEAD|ContattiMirco|EmailMirco|Labotecnic1|Labotecnic2,Cafaq,,,,,,IT,,,,,,,,,caf001aq@gmail.com,,,,,,,,,Italia,,,,,,,,,,,,,,,,,,,,GUEST,FREE,,0,18/06/2026,FREDDO,,
SIC00139,139,PERSONA,EmailMirco,Caio,,,,,,IT,,,,,,,,,mo03@infopec.cassaedile.it,,,,,,,,,Italia,,,,,,,,,,,,,,,,,,,,GUEST,FREE,,0,18/06/2026,FREDDO,,
SIC00140,140,PERSONA,81LEAD|ContattiMirco|EmailMirco|Labotecnic1|Labotecnic2,Callegari_andrea,,,,,,IT,,,,,,,,,callegari_andrea@libero.it,,3932909740570,3932909740570,,,,,,Italia,,,,,,,,,,,,,,,,,,,,GUEST,FREE,,0,18/06/2026,FREDDO,,
SIC00141,141,PERSONA,81LEAD|ContattiMirco|Labotecnic1|Labotecnic2,Camillafranci8,,,,,,IT,,,,,,,,,camillafranci8@gmail.com,,,,,,,,,Italia,,,,,,,,,,,,,,,,,,,,GUEST,FREE,,0,18/06/2026,FREDDO,,
SIC00142,142,PERSONA,81LEAD|ContattiMirco|EmailMirco|Labotecnic1|Labotecnic2,Camisotti,,,,,,IT,,,,,,,,,camisotti@tiscalinet.it,,,,,,,,,Italia,,,,,,,,,,,,,,,,,,,,GUEST,FREE,,0,18/06/2026,FREDDO,,
SIC00143,143,PERSONA,81LEAD|ContattiMirco|Labotecnic1|Labotecnic2,Camlauretta,,,,,,IT,,,,,,,,,camlauretta@libero.it,,,,,,,,,Italia,,,,,,,,,,,,,,,,,,,,GUEST,FREE,,0,18/06/2026,FREDDO,,
SIC00144,144,PERSONA,81LEAD|ContattiMirco|EmailMirco,Canova1963,,,,,,IT,,,,,,,,,canova1963@gmail.com,,3934838197590,3934838197590,,,,,,Italia,,,,,,,,,,,,,,,,,,,,GUEST,FREE,,0,18/06/2026,FREDDO,,
SIC00145,145,PERSONA,81LEAD|ContattiMirco|EmailMirco|Labotecnic1|Labotecnic2,Capodaglio,,,,,,IT,,,,,,,,,capodaglio@gteing.com,,,,,,,,,Italia,,,,,,,,,,,,,,,,,,,,GUEST,FREE,,0,18/06/2026,FREDDO,,
SIC00146,146,PERSONA,81LEAD|ContattiMirco|EmailMirco|Labotecnic1|Labotecnic2,Carcolombo70,,,,,,IT,,,,,,,,,carcolombo70@gmail.com,,,,,,,,,Italia,,,,,,,,,,,,,,,,,,,,GUEST,FREE,,0,18/06/2026,FREDDO,,
SIC00147,147,PERSONA,81LEAD|ContattiMirco|EmailMirco,Cardsupport,,,,,,IT,,,,,,,,,cardsupport@coinbase.com,,329491769100,329491769100,,,,,,Italia,,,,,,,,,,,,,,,,,,,,GUEST,FREE,,0,18/06/2026,FREDDO,,
SIC00148,148,PERSONA,81LEAD|ContattiMirco|EmailMirco|Labotecnic1|Labotecnic2,Carlaintoppa72,,,,,,IT,,,,,,,,,carlaintoppa72@gmail.com,,,,,,,,,Italia,,,,,,,,,,,,,,,,,,,,GUEST,FREE,,0,18/06/2026,FREDDO,,
SIC00149,149,PERSONA,81LEAD|ContattiMirco|EmailMirco|Labotecnic1|Labotecnic2,Carlapaparella,,,,,,IT,,,,,,,,,carlapaparella@libero.it,,,,,,,,,Italia,,,,,,,,,,,,,,,,,,,,GUEST,FREE,,0,18/06/2026,FREDDO,,
SIC00150,150,PERSONA,81LEAD|ContattiMirco|EmailMirco|Labotecnic1|Labotecnic2,Carlocallegaro,,,,,,IT,,,,,,,,,carlocallegaro@gmail.com,,,,,,,,,Italia,,,,,,,,,,,,,,,,,,,,GUEST,FREE,,0,18/06/2026,FREDDO,,
SIC00151,151,PERSONA,81LEAD|ContattiMirco|EmailMirco|Labotecnic1|Labotecnic2,Carlodalterio79,,,,,,IT,,,,,,,,,carlodalterio79@gmail.com,,3933928540060,3933928540060,,,,,,Italia,,,,,,,,,,,,,,,,,,,,GUEST,FREE,,0,18/06/2026,FREDDO,,
SIC00152,152,PERSONA,81LEAD|ContattiMirco|EmailMirco|Labotecnic1|Labotecnic2,Carloluviner,,,,,,IT,,,,,,,,,carloluviner@carloluviner.it,,,,,,,,,Italia,,,,,,,,,,,,,,,,,,,,GUEST,FREE,,0,18/06/2026,FREDDO,,
SIC00153,153,PERSONA,81LEAD|ContattiMirco|Labotecnic1|Labotecnic2,Carlottabellan,,,,,,IT,,,,,,,,,carlottabellan@libero.it,,,,,,,,,Italia,,,,,,,,,,,,,,,,,,,,GUEST,FREE,,0,18/06/2026,FREDDO,,
SIC00154,154,PERSONA,81LEAD|ContattiMirco|EmailMirco|Labotecnic1|Labotecnic2,Carmelopiacent,,,,,,IT,,,,,,,,,carmelopiacent@libero.it,,,,,,,,,Italia,,,,,,,,,,,,,,,,,,,,GUEST,FREE,,0,18/06/2026,FREDDO,,
SIC00155,155,PERSONA,81LEAD|ContattiMirco|EmailMirco|Labotecnic1|Labotecnic2,Carolina_ffigueiredo,,,,,,IT,,,,,,,,,carolina_ffigueiredo@hotmail.com,,3934717373380,3934717373380,,,,,,Italia,,,,,,,,,,,,,,,,,,,,GUEST,FREE,,0,18/06/2026,FREDDO,,
SIC00156,156,PERSONA,81LEAD|ContattiMirco|EmailMirco|Labotecnic1|Labotecnic2,Carrozzeriasette,,,,,,IT,,,,,,,,,carrozzeriasette@libero.it,,,,,,,,,Italia,,,,,,,,,,,,,,,,,,,,GUEST,FREE,,0,18/06/2026,FREDDO,,
SIC00157,157,PERSONA,81LEAD|ContattiMirco|EmailMirco|Labotecnic1|Labotecnic2,Casfra75,,,,,,IT,,,,,,,,,casfra75@hotmail.com,,,,,,,,,Italia,,,,,,,,,,,,,,,,,,,,GUEST,FREE,,0,18/06/2026,FREDDO,,
SIC00158,158,PERSONA,81LEAD|ContattiMirco|EmailMirco|Labotecnic1|Labotecnic2,Catiacarloni,,,,,,IT,,,,,,,,,catiacarloni@hotmail.it,,,,,,,,,Italia,,,,,,,,,,,,,,,,,,,,GUEST,FREE,,0,18/06/2026,FREDDO,,
SIC00159,159,PERSONA,81LEAD|ContattiMirco|EmailMirco|Labotecnic1|Labotecnic2,Cavazzana,,,,,,IT,,,,,,,,,cavazzana@tin.it,,,,,,,,,Italia,,,,,,,,,,,,,,,,,,,,GUEST,FREE,,0,18/06/2026,FREDDO,,
SIC00160,160,PERSONA,81LEAD|ContattiMirco|EmailMirco|Labotecnic1|Labotecnic2,Cbotta61,,,,,,IT,,,,,,,,,cbotta61@gmail.com,,,,,,,,,Italia,,,,,,,,,,,,,,,,,,,,GUEST,FREE,,0,18/06/2026,FREDDO,,
SIC00161,161,PERSONA,81LEAD|ContattiMirco|EmailMirco|Labotecnic1|Labotecnic2,Cbudri,,,,,,IT,,,,,,,,,cbudri@michelangelost.com,,,,,,,,,Italia,,,,,,,,,,,,,,,,,,,,GUEST,FREE,,0,18/06/2026,FREDDO,,
SIC00162,162,PERSONA,81LEAD|ContattiMirco|EmailMirco|Labotecnic1|Labotecnic2,Cecilia,,,,,,IT,,,,,,,,,cecilia@fancygrafica.com,,39328666846600,39328666846600,,,,,,Italia,,,,,,,,,,,,,,,,,,,,GUEST,FREE,,0,18/06/2026,FREDDO,,
SIC00163,163,PERSONA,81LEAD|ContattiMirco|EmailMirco|Labotecnic1|Labotecnic2,Cedacvolpato,,,,,,IT,,,,,,,,,cedacvolpato@virgilio.it,,,,,,,,,Italia,,,,,,,,,,,,,,,,,,,,GUEST,FREE,,0,18/06/2026,FREDDO,,
SIC00164,164,PERSONA,81LEAD|EmailMirco,Cei,,,,,,IT,,,,,,,,,info@edilnoleggiosicilia.it,,3909239079870,3909239079870,,,,,,Italia,,,,,,,,,,,,,,,,,,,,GUEST,FREE,,0,18/06/2026,FREDDO,,
SIC00165,165,PERSONA,81LEAD|ContattiMirco|EmailMirco|Labotecnic1|Labotecnic2,Celsocaramori,,,,,,IT,,,,,,,,,celsocaramori@tiscali.it,,,,,,,,,Italia,,,,,,,,,,,,,,,,,,,,GUEST,FREE,,0,18/06/2026,FREDDO,,
SIC00166,166,PERSONA,81LEAD|ContattiMirco|EmailMirco|Labotecnic1|Labotecnic2,Cencing,,,,,,IT,,,,,,,,,cencing@libero.it,,,,,,,,,Italia,,,,,,,,,,,,,,,,,,,,GUEST,FREE,,0,18/06/2026,FREDDO,,
SIC00167,167,PERSONA,81LEAD|ContattiMirco|EmailMirco,Cenna,,,,,,IT,,,,,,,,,cenna@cenna.it,,,,,,,,,Italia,,,,,,,,,,,,,,,,,,,,GUEST,FREE,,0,18/06/2026,FREDDO,,
SIC00168,168,PERSONA,81LEAD|ContattiMirco|EmailMirco|Labotecnic1|Labotecnic2,Centrostudi,,,,,,IT,,,,,,,,,centrostudi@agefis.it,,,,,,,,,Italia,,,,,,,,,,,,,,,,,,,,GUEST,FREE,,0,18/06/2026,FREDDO,,
SIC00169,169,PERSONA,81LEAD|ContattiMirco|EmailMirco|Labotecnic1|Labotecnic2,Cer_max,,,,,,IT,,,,,,,,,cer_max@virgilio.it,,,,,,,,,Italia,,,,,,,,,,,,,,,,,,,,GUEST,FREE,,0,18/06/2026,FREDDO,,
SIC00170,170,PERSONA,81LEAD|ContattiMirco|EmailMirco|Labotecnic1|Labotecnic2,Cfagni,,,,,,IT,,,,,,,,,cfagni@yahoo.com,,,,,,,,,Italia,,,,,,,,,,,,,,,,,,,,GUEST,FREE,,0,18/06/2026,FREDDO,,
SIC00171,171,PERSONA,81LEAD|ContattiMirco|EmailMirco|Labotecnic1|Labotecnic2,Chef-86,,,,,,IT,,,,,,,,,chef-86@live.it,,,,,,,,,Italia,,,,,,,,,,,,,,,,,,,,GUEST,FREE,,0,18/06/2026,FREDDO,,
SIC00172,172,PERSONA,81LEAD|ContattiMirco|EmailMirco|Labotecnic1|Labotecnic2,Cheikhniang563,,,,,,IT,,,,,,,,,cheikhniang563@gmail.com,,,,,,,,,Italia,,,,,,,,,,,,,,,,,,,,GUEST,FREE,,0,18/06/2026,FREDDO,,
SIC00173,173,PERSONA,81LEAD|EmailMirco,Chiara,,,,,,IT,,,,,,,,,tecnico@seftrum.com,,,,,,,,,Italia,,,,,,,,,,,,,,,,,,,,GUEST,FREE,,0,18/06/2026,FREDDO,,
SIC00174,174,PERSONA,81LEAD|ContattiMirco|EmailMirco|Labotecnic1|Labotecnic2,Chiarabravin,,,,,,IT,,,,,,,,,chiarabravin@libero.it,,3932716861480,3932716861480,,,,,,Italia,,,,,,,,,,,,,,,,,,,,GUEST,FREE,,0,18/06/2026,FREDDO,,
SIC00175,175,PERSONA,81LEAD|ContattiMirco|EmailMirco|Labotecnic1|Labotecnic2,Chiaralucci,,,,,,IT,,,,,,,,,chiaralucci@virgilio.it,,,,,,,,,Italia,,,,,,,,,,,,,,,,,,,,GUEST,FREE,,0,18/06/2026,FREDDO,,
SIC00176,176,PERSONA,81LEAD|ContattiMirco|EmailMirco|Labotecnic1|Labotecnic2,Chiclamino95,,,,,,IT,,,,,,,,,chiclamino95@gmail.com,,,,,,,,,Italia,,,,,,,,,,,,,,,,,,,,GUEST,FREE,,0,18/06/2026,FREDDO,,
SIC00177,177,PERSONA,81LEAD|ContattiMirco|EmailMirco|Labotecnic1|Labotecnic2,Chicumarga2005,,,,,,IT,,,,,,,,,chicumarga2005@yahoo.it,,,,,,,,,Italia,,,,,,,,,,,,,,,,,,,,GUEST,FREE,,0,18/06/2026,FREDDO,,
SIC00178,178,PERSONA,81LEAD|ContattiMirco|EmailMirco|Labotecnic1|Labotecnic2,Chioccia75,,,,,,IT,,,,,,,,,chioccia75@hotmail.it,,,,,,,,,Italia,,,,,,,,,,,,,,,,,,,,GUEST,FREE,,0,18/06/2026,FREDDO,,
SIC00179,179,PERSONA,81LEAD|ContattiMirco|EmailMirco|Labotecnic1|Labotecnic2,Chiodimichele,,,,,,IT,,,,,,,,,chiodimichele@libero.it,,,,,,,,,Italia,,,,,,,,,,,,,,,,,,,,GUEST,FREE,,0,18/06/2026,FREDDO,,
SIC00180,180,PERSONA,81LEAD|ContattiMirco|EmailMirco|Labotecnic1|Labotecnic2,Chioggiaortomercatoveneto,,,,,,IT,,,,,,,,,chioggiaortomercatoveneto@yahoo.it,,,,,,,,,Italia,,,,,,,,,,,,,,,,,,,,GUEST,FREE,,0,18/06/2026,FREDDO,,
SIC00181,181,PERSONA,81LEAD|ContattiMirco|EmailMirco,Chris,,,,,,IT,,,,,,,,,chris@mellowboards.com,,,,,,,,,Italia,,,,,,,,,,,,,,,,,,,,GUEST,FREE,,0,18/06/2026,FREDDO,,
SIC00182,182,PERSONA,81LEAD|ContattiMirco|EmailMirco|Labotecnic1|Labotecnic2,Christabel_50,,,,,,IT,,,,,,,,,christabel_50@yahoo.com,,,,,,,,,Italia,,,,,,,,,,,,,,,,,,,,GUEST,FREE,,0,18/06/2026,FREDDO,,
SIC00183,183,PERSONA,81LEAD|ContattiMirco|EmailMirco|Labotecnic1|Labotecnic2,Christian,,,,,,IT,,,,,,,,,christian@tuttogare.com,,,,,,,,,Italia,,,,,,,,,,,,,,,,,,,,GUEST,FREE,,0,18/06/2026,FREDDO,,
SIC00184,184,PERSONA,81LEAD|ContattiMirco|EmailMirco|Labotecnic1|Labotecnic2,Christiancarlini82,,,,,,IT,,,,,,,,,christiancarlini82@gmail.com,,,,,,,,,Italia,,,,,,,,,,,,,,,,,,,,GUEST,FREE,,0,18/06/2026,FREDDO,,
SIC00185,185,PERSONA,81LEAD|ContattiMirco|EmailMirco|Labotecnic1|Labotecnic2,Ciaoelyz88,,,,,,IT,,,,,,,,,ciaoelyz88@gmail.com,,,,,,,,,Italia,,,,,,,,,,,,,,,,,,,,GUEST,FREE,,0,18/06/2026,FREDDO,,
SIC00186,186,PERSONA,81LEAD|ContattiMirco|EmailMirco|Labotecnic1|Labotecnic2,Cielleperon,,,,,,IT,,,,,,,,,cielleperon@libero.it,,,,,,,,,Italia,,,,,,,,,,,,,,,,,,,,GUEST,FREE,,0,18/06/2026,FREDDO,,
SIC00187,187,PERSONA,81LEAD|ContattiMirco|EmailMirco|Labotecnic1|Labotecnic2,Cinzia,,,,,,IT,,,,,,,,,cinzia@autoaccessoriopolesano.it,,,,,,,,,Italia,,,,,,,,,,,,,,,,,,,,GUEST,FREE,,0,18/06/2026,FREDDO,,
SIC00188,188,PERSONA,81LEAD|ContattiMirco|EmailMirco|Labotecnic1|Labotecnic2,Cipriotianna60,,,,,,IT,,,,,,,,,cipriotianna60@gmail.com,,,,,,,,,Italia,,,,,,,,,,,,,,,,,,,,GUEST,FREE,,0,18/06/2026,FREDDO,,
SIC00189,189,PERSONA,81LEAD|ContattiMirco|EmailMirco|Labotecnic1|Labotecnic2,Claudiargentina,,,,,,IT,,,,,,,,,claudiargentina@hotmail.com,,,,,,,,,Italia,,,,,,,,,,,,,,,,,,,,GUEST,FREE,,0,18/06/2026,FREDDO,,
SIC00190,190,PERSONA,81LEAD|ContattiMirco|EmailMirco|Labotecnic1|Labotecnic2,Claudio_design,,,,,,IT,,,,,,,,,claudio_design@libero.it,,3932875134610,3932875134610,,,,,,Italia,,,,,,,,,,,,,,,,,,,,GUEST,FREE,,0,18/06/2026,FREDDO,,
SIC00191,191,PERSONA,81LEAD|ContattiMirco|EmailMirco|Labotecnic1|Labotecnic2,Claudio_marangoni1,,,,,,IT,,,,,,,,,claudio_marangoni1@libero.it,,,,,,,,,Italia,,,,,,,,,,,,,,,,,,,,GUEST,FREE,,0,18/06/2026,FREDDO,,
SIC00192,192,PERSONA,81LEAD|ContattiMirco|EmailMirco|Labotecnic1|Labotecnic2,Claudionoce65,,,,,,IT,,,,,,,,,claudionoce65@gmail.com,,3933931462120,3933931462120,,,,,,Italia,,,,,,,,,,,,,,,,,,,,GUEST,FREE,,0,18/06/2026,FREDDO,,
SIC00193,193,PERSONA,81LEAD|ContattiMirco|EmailMirco|Labotecnic1|Labotecnic2,Claudiopigato,,,,,,IT,,,,,,,,,claudiopigato@tin.it,,3933329731250,3933329731250,,,,,,Italia,,,,,,,,,,,,,,,,,,,,GUEST,FREE,,0,18/06/2026,FREDDO,,
SIC00194,194,PERSONA,81LEAD|ContattiMirco|EmailMirco|Labotecnic1|Labotecnic2,Claudiozorzan,,,,,,IT,,,,,,,,,claudiozorzan@gmail.com,,,,,,,,,Italia,,,,,,,,,,,,,,,,,,,,GUEST,FREE,,0,18/06/2026,FREDDO,,
SIC00195,195,PERSONA,81LEAD|ContattiMirco|EmailMirco|Labotecnic1|Labotecnic2,Clementechimbote,,,,,,IT,,,,,,,,,clementechimbote@hotmail.com,,3933136464740,3933136464740,,,,,,Italia,,,,,,,,,,,,,,,,,,,,GUEST,FREE,,0,18/06/2026,FREDDO,,
SIC00196,196,PERSONA,81LEAD|ContattiMirco|EmailMirco|Labotecnic1|Labotecnic2,Cleopatrasavino,,,,,,IT,,,,,,,,,cleopatrasavino@gmail.com,,,,,,,,,Italia,,,,,,,,,,,,,,,,,,,,GUEST,FREE,,0,18/06/2026,FREDDO,,
SIC00197,197,PERSONA,81LEAD|ContattiMirco|EmailMirco,Clienti,,,,,,IT,,,,,,,,,clienti@linear.it,,,,,,,,,Italia,,,,,,,,,,,,,,,,,,,,GUEST,FREE,,0,18/06/2026,FREDDO,,
SIC00198,198,PERSONA,81LEAD|ContattiMirco|EmailMirco|Labotecnic1|Labotecnic2,Clinicaveterinariastazione,,,,,,IT,,,,,,,,,clinicaveterinariastazione@gmail.com,,,,,,,,,Italia,,,,,,,,,,,,,,,,,,,,GUEST,FREE,,0,18/06/2026,FREDDO,,
SIC00199,199,PERSONA,81LEAD|EmailMirco,Co.Ve.Ri.,,,,,,IT,,,,,,,,,privacy@coveri.it,,390414294660,390414294660,,,,,,Italia,,,,,,,,,,,,,,,,,,,,GUEST,FREE,,0,18/06/2026,FREDDO,,
SIC00200,200,PERSONA,81LEAD|ContattiMirco|EmailMirco,Coinbasecard,,,,,,IT,,,,,,,,,coinbasecard@aptopayments.com,,389683305900,389683305900,,,,,,Italia,,,,,,,,,,,,,,,,,,,,GUEST,FREE,,0,18/06/2026,FREDDO,,
SIC00201,201,PERSONA,81LEAD|ContattiMirco|EmailMirco|Labotecnic1|Labotecnic2,Coledilaf,,,,,,IT,,,,,,,,,coledilaf@virgilio.it,,,,,,,,,Italia,,,,,,,,,,,,,,,,,,,,GUEST,FREE,,0,18/06/2026,FREDDO,,
SIC00202,202,PERSONA,81LEAD|ContattiMirco|EmailMirco,Comedil,,,,,,IT,,,,,,,,,info@comedilshop.com,,390734538840,390734538840,,,,,,Italia,,,,,,,,,,,,,,,,,,,,GUEST,FREE,,0,18/06/2026,FREDDO,,
SIC00203,203,PERSONA,81LEAD|ContattiMirco|EmailMirco|Labotecnic1|Labotecnic2,Comitatoelettoralepvp,,,,,,IT,,,,,,,,,comitatoelettoralepvp@gmail.com,,348935362100,348935362100,,,,,,Italia,,,,,,,,,,,,,,,,,,,,GUEST,FREE,,0,18/06/2026,FREDDO,,
SIC00204,204,PERSONA,81LEAD|ContattiMirco|EmailMirco,Communication,,,,,,IT,,,,,,,,,communication@mail.pixartprinting.com,,340547928300,340547928300,,,,,,Italia,,,,,,,,,,,,,,,,,,,,GUEST,FREE,,0,18/06/2026,FREDDO,,
SIC00205,205,PERSONA,81LEAD|ContattiMirco|EmailMirco|Labotecnic1|Labotecnic2,Comunica,,,,,,IT,,,,,,,,,comunica@fotovoltaici.info,,,,,,,,,Italia,,,,,,,,,,,,,,,,,,,,GUEST,FREE,,0,18/06/2026,FREDDO,,
SIC00206,206,PERSONA,81LEAD|ContattiMirco|EmailMirco|Labotecnic1|Labotecnic2,Comunicazione,,,,,,IT,,,,,,,,,comunicazione@attivamenteonlus.it,,,,,,,,,Italia,,,,,,,,,,,,,,,,,,,,GUEST,FREE,,0,18/06/2026,FREDDO,,
SIC00207,207,PERSONA,81LEAD|ContattiMirco|EmailMirco|Labotecnic1|Labotecnic2,Conession,,,,,,IT,,,,,,,,,conession@yahoo.it,,,,,,,,,Italia,,,,,,,,,,,,,,,,,,,,GUEST,FREE,,0,18/06/2026,FREDDO,,
SIC00208,208,PERSONA,81LEAD|ContattiMirco|EmailMirco|Labotecnic1|Labotecnic2,Consie83,,,,,,IT,,,,,,,,,consie83@yahoo.it,,,,,,,,,Italia,,,,,,,,,,,,,,,,,,,,GUEST,FREE,,0,18/06/2026,FREDDO,,
SIC00209,209,PERSONA,81LEAD|ContattiMirco|EmailMirco,Contact,,,,,,IT,,,,,,,,,contact@sendinblue.com,,,,,,,,,Italia,,,,,,,,,,,,,,,,,,,,GUEST,FREE,,0,18/06/2026,FREDDO,,
SIC00210,210,PERSONA,81LEAD|ContattiMirco|EmailMirco,Contact,,,,,,IT,,,,,,,,,contact@systeme.io,,345781104200,345781104200,,,,,,Italia,,,,,,,,,,,,,,,,,,,,GUEST,FREE,,0,18/06/2026,FREDDO,,
SIC00211,211,PERSONA,81LEAD|ContattiMirco|EmailMirco|Labotecnic1|Labotecnic2,Contewally,,,,,,IT,,,,,,,,,contewally@gmail.com,,,,,,,,,Italia,,,,,,,,,,,,,,,,,,,,GUEST,FREE,,0,18/06/2026,FREDDO,,
SIC00212,212,PERSONA,81LEAD|ContattiMirco|EmailMirco|Labotecnic1|Labotecnic2,Corizzorocco2,,,,,,IT,,,,,,,,,corizzorocco2@gmail.com,,,,,,,,,Italia,,,,,,,,,,,,,,,,,,,,GUEST,FREE,,0,18/06/2026,FREDDO,,
SIC00213,213,PERSONA,81LEAD|EmailMirco,Cornolti,,,,,,IT,,,,,,,,,falcor67@libero.it,,390355715610,390355715610,,,,,,Italia,,,,,,,,,,,,,,,,,,,,GUEST,FREE,,0,18/06/2026,FREDDO,,
SIC00214,214,PERSONA,81LEAD|ContattiMirco|EmailMirco|Labotecnic1|Labotecnic2,Corradomanoli,,,,,,IT,,,,,,,,,corradomanoli@alice.it,,,,,,,,,Italia,,,,,,,,,,,,,,,,,,,,GUEST,FREE,,0,18/06/2026,FREDDO,,
SIC00215,215,PERSONA,81LEAD|ContattiMirco|EmailMirco,Corsairscompany,,,,,,IT,,,,,,,,,corsairscompany@gmail.com,,334672772200,334672772200,,,,,,Italia,,,,,,,,,,,,,,,,,,,,GUEST,FREE,,0,18/06/2026,FREDDO,,
SIC00216,216,PERSONA,81LEAD|ContattiMirco|EmailMirco|Labotecnic1|Labotecnic2,Cortebenetti,,,,,,IT,,,,,,,,,cortebenetti@gmail.com,,,,,,,,,Italia,,,,,,,,,,,,,,,,,,,,GUEST,FREE,,0,18/06/2026,FREDDO,,
SIC00217,217,PERSONA,81LEAD|ContattiMirco|EmailMirco|Labotecnic1|Labotecnic2,Cortelmail,,,,,,IT,,,,,,,,,cortelmail@yahoo.it,,,,,,,,,Italia,,,,,,,,,,,,,,,,,,,,GUEST,FREE,,0,18/06/2026,FREDDO,,
SIC00218,218,PERSONA,81LEAD|ContattiMirco|EmailMirco|Labotecnic1|Labotecnic2,Corvucci,,,,,,IT,,,,,,,,,corvucci@corofar.it,,3938865846840,3938865846840,,,,,,Italia,,,,,,,,,,,,,,,,,,,,GUEST,FREE,,0,18/06/2026,FREDDO,,
SIC00219,219,PERSONA,81LEAD|EmailMirco,Cosit,,,,,,IT,,,,,,,,,cosit@manufatticosit.com,,3909093844220,3909093844220,,,,,,Italia,,,,,,,,,,,,,,,,,,,,GUEST,FREE,,0,18/06/2026,FREDDO,,
SIC00220,220,PERSONA,81LEAD|ContattiMirco|EmailMirco|Labotecnic1|Labotecnic2,Crepaldiadolfo,,,,,,IT,,,,,,,,,crepaldiadolfo@libero.it,,,,,,,,,Italia,,,,,,,,,,,,,,,,,,,,GUEST,FREE,,0,18/06/2026,FREDDO,,
SIC00221,221,PERSONA,81LEAD|ContattiMirco|EmailMirco|Labotecnic1|Labotecnic2,Crialdue,,,,,,IT,,,,,,,,,crialdue@gmail.com,,,,,,,,,Italia,,,,,,,,,,,,,,,,,,,,GUEST,FREE,,0,18/06/2026,FREDDO,,
SIC00222,222,PERSONA,81LEAD|ContattiMirco|EmailMirco|Labotecnic1|Labotecnic2,Cricomi,,,,,,IT,,,,,,,,,cricomi@gmail.com,,,,,,,,,Italia,,,,,,,,,,,,,,,,,,,,GUEST,FREE,,0,18/06/2026,FREDDO,,
SIC00223,223,PERSONA,81LEAD|ContattiMirco|EmailMirco|Labotecnic1|Labotecnic2,Crifill,,,,,,IT,,,,,,,,,crifill@libero.it,,,,,,,,,Italia,,,,,,,,,,,,,,,,,,,,GUEST,FREE,,0,18/06/2026,FREDDO,,
SIC00224,224,PERSONA,81LEAD|ContattiMirco|EmailMirco|Labotecnic1|Labotecnic2,Criscavallini,,,,,,IT,,,,,,,,,criscavallini@libero.it,,,,,,,,,Italia,,,,,,,,,,,,,,,,,,,,GUEST,FREE,,0,18/06/2026,FREDDO,,
SIC00225,225,PERSONA,81LEAD|ContattiMirco|EmailMirco|Labotecnic1|Labotecnic2,Cristianafantoni,,,,,,IT,,,,,,,,,cristianafantoni@hotmail.com,,,,,,,,,Italia,,,,,,,,,,,,,,,,,,,,GUEST,FREE,,0,18/06/2026,FREDDO,,
SIC00226,226,PERSONA,81LEAD|ContattiMirco|EmailMirco|Labotecnic1|Labotecnic2,Cristianbergo,,,,,,IT,,,,,,,,,cristianbergo@libero.it,,,,,,,,,Italia,,,,,,,,,,,,,,,,,,,,GUEST,FREE,,0,18/06/2026,FREDDO,,
SIC00227,227,PERSONA,81LEAD|ContattiMirco|EmailMirco|Labotecnic1|Labotecnic2,Cristiancrose,,,,,,IT,,,,,,,,,cristiancrose@libero.it,,,,,,,,,Italia,,,,,,,,,,,,,,,,,,,,GUEST,FREE,,0,18/06/2026,FREDDO,,
SIC00228,228,PERSONA,81LEAD|ContattiMirco|EmailMirco|Labotecnic1|Labotecnic2,Cristianopellegrin,,,,,,IT,,,,,,,,,cristianopellegrin@libero.it,,,,,,,,,Italia,,,,,,,,,,,,,,,,,,,,GUEST,FREE,,0,18/06/2026,FREDDO,,
SIC00229,229,PERSONA,81LEAD|ContattiMirco|EmailMirco|Labotecnic1|Labotecnic2,Crivellari_ferro,,,,,,IT,,,,,,,,,crivellari_ferro@yahoo.it,,,,,,,,,Italia,,,,,,,,,,,,,,,,,,,,GUEST,FREE,,0,18/06/2026,FREDDO,,
SIC00230,230,PERSONA,81LEAD|ContattiMirco|EmailMirco|Labotecnic1|Labotecnic2,Crivellariolga,,,,,,IT,,,,,,,,,crivellariolga@gmail.com,,,,,,,,,Italia,,,,,,,,,,,,,,,,,,,,GUEST,FREE,,0,18/06/2026,FREDDO,,
SIC00231,231,PERSONA,81LEAD|ContattiMirco|EmailMirco|Labotecnic1|Labotecnic2,Crlrpl255,,,,,,IT,,,,,,,,,crlrpl255@gmail.com,,3934685133860,3934685133860,,,,,,Italia,,,,,,,,,,,,,,,,,,,,GUEST,FREE,,0,18/06/2026,FREDDO,,
SIC00232,232,PERSONA,81LEAD|ContattiMirco|EmailMirco|Labotecnic1|Labotecnic2,Croccoalessandra,,,,,,IT,,,,,,,,,croccoalessandra@virgilio.it,,3934912371680,3934912371680,,,,,,Italia,,,,,,,,,,,,,,,,,,,,GUEST,FREE,,0,18/06/2026,FREDDO,,
SIC00233,233,PERSONA,81LEAD|ContattiMirco|EmailMirco|Labotecnic1|Labotecnic2,Csc,,,,,,IT,,,,,,,,,csc@cscgruppopiu.it,,,,,,,,,Italia,,,,,,,,,,,,,,,,,,,,GUEST,FREE,,0,18/06/2026,FREDDO,,
SIC00234,234,PERSONA,81LEAD|ContattiMirco|Labotecnic1|Labotecnic2,Cscmaurizio,,,,,,IT,,,,,,,,,cscmaurizio@virgilio.it,,3933469355150,3933469355150,,,,,,Italia,,,,,,,,,,,,,,,,,,,,GUEST,FREE,,0,18/06/2026,FREDDO,,
SIC00235,235,PERSONA,81LEAD|ContattiMirco|EmailMirco|Labotecnic1|Labotecnic2,Csultan,,,,,,IT,,,,,,,,,csultan@fastwebnet.it,,,,,,,,,Italia,,,,,,,,,,,,,,,,,,,,GUEST,FREE,,0,18/06/2026,FREDDO,,
SIC00236,236,PERSONA,81LEAD|ContattiMirco|EmailMirco|Labotecnic1|Labotecnic2,Csweca,,,,,,IT,,,,,,,,,csweca@tin.it,,,,,,,,,Italia,,,,,,,,,,,,,,,,,,,,GUEST,FREE,,0,18/06/2026,FREDDO,,
SIC00237,237,PERSONA,81LEAD|ContattiMirco|EmailMirco|Labotecnic1|Labotecnic2,Curitanapoli,,,,,,IT,,,,,,,,,curitanapoli@yahoo.com,,,,,,,,,Italia,,,,,,,,,,,,,,,,,,,,GUEST,FREE,,0,18/06/2026,FREDDO,,
SIC00238,238,PERSONA,81LEAD|ContattiMirco|EmailMirco,Curtisouma2017,,,,,,IT,,,,,,,,,curtisouma2017@gmail.com,,,,,,,,,Italia,,,,,,,,,,,,,,,,,,,,GUEST,FREE,,0,18/06/2026,FREDDO,,
SIC00239,239,PERSONA,81LEAD|ContattiMirco|EmailMirco|Labotecnic1|Labotecnic2,Cusinnatalino,,,,,,IT,,,,,,,,,cusinnatalino@libero.it,,,,,,,,,Italia,,,,,,,,,,,,,,,,,,,,GUEST,FREE,,0,18/06/2026,FREDDO,,
SIC00240,240,PERSONA,81LEAD|ContattiMirco|EmailMirco,Customercareefficace,,,,,,IT,,,,,,,,,customercareefficace@gmail.com,,,,,,,,,Italia,,,,,,,,,,,,,,,,,,,,GUEST,FREE,,0,18/06/2026,FREDDO,,
SIC00241,241,PERSONA,81LEAD|ContattiMirco|EmailMirco|Labotecnic1|Labotecnic2,Dabbinajat,,,,,,IT,,,,,,,,,dabbinajat@gmail.com,,,,,,,,,Italia,,,,,,,,,,,,,,,,,,,,GUEST,FREE,,0,18/06/2026,FREDDO,,
SIC00242,242,PERSONA,81LEAD|ContattiMirco|EmailMirco|Labotecnic1|Labotecnic2,Dacri78,,,,,,IT,,,,,,,,,dacri78@libero.it,,,,,,,,,Italia,,,,,,,,,,,,,,,,,,,,GUEST,FREE,,0,18/06/2026,FREDDO,,
SIC00243,243,PERSONA,81LEAD|ContattiMirco|EmailMirco|Labotecnic1|Labotecnic2,Daffeh2020,,,,,,IT,,,,,,,,,daffeh2020@gmail.com,,,,,,,,,Italia,,,,,,,,,,,,,,,,,,,,GUEST,FREE,,0,18/06/2026,FREDDO,,
SIC00244,244,PERSONA,81LEAD|ContattiMirco|EmailMirco|Labotecnic1|Labotecnic2,Dainesevito,,,,,,IT,,,,,,,,,dainesevito@libero.it,,,,,,,,,Italia,,,,,,,,,,,,,,,,,,,,GUEST,FREE,,0,18/06/2026,FREDDO,,
SIC00245,245,PERSONA,81LEAD|ContattiMirco|EmailMirco|Labotecnic1|Labotecnic2,Daisyperezperez,,,,,,IT,,,,,,,,,daisyperezperez@hotmail.com,,,,,,,,,Italia,,,,,,,,,,,,,,,,,,,,GUEST,FREE,,0,18/06/2026,FREDDO,,
SIC00246,246,PERSONA,81LEAD|ContattiMirco|EmailMirco|Labotecnic1|Labotecnic2,Dallara8410,,,,,,IT,,,,,,,,,dallara8410@gmail.com,,,,,,,,,Italia,,,,,,,,,,,,,,,,,,,,GUEST,FREE,,0,18/06/2026,FREDDO,,
SIC00247,247,PERSONA,81LEAD|ContattiMirco|EmailMirco|Labotecnic1|Labotecnic2,Damiano,,,,,,IT,,,,,,,,,damiano@sisasrl.org,,,,,,,,,Italia,,,,,,,,,,,,,,,,,,,,GUEST,FREE,,0,18/06/2026,FREDDO,,
SIC00248,248,PERSONA,81LEAD|ContattiMirco|EmailMirco|Labotecnic1|Labotecnic2,Danicre,,,,,,IT,,,,,,,,,danicre@katamail.com,,3934776785480,3934776785480,,,,,,Italia,,,,,,,,,,,,,,,,,,,,GUEST,FREE,,0,18/06/2026,FREDDO,,
SIC00249,249,PERSONA,81LEAD|ContattiMirco|EmailMirco|Labotecnic1|Labotecnic2,Daniele,,,,,,IT,,,,,,,,,daniele@centrodicalcolo.it,,3934929183220,3934929183220,,,,,,Italia,,,,,,,,,,,,,,,,,,,,GUEST,FREE,,0,18/06/2026,FREDDO,,
SIC00250,250,PERSONA,81LEAD|ContattiMirco|EmailMirco,Daniele,,,,,,IT,,,,,,,,,daniele@dibenedetti.com,,3933338261380,3933338261380,,,,,,Italia,,,,,,,,,,,,,,,,,,,,GUEST,FREE,,0,18/06/2026,FREDDO,,
SIC00251,251,PERSONA,81LEAD|ContattiMirco|EmailMirco|Labotecnic1|Labotecnic2,Danielebariga,,,,,,IT,,,,,,,,,danielebariga@libero.it,,,,,,,,,Italia,,,,,,,,,,,,,,,,,,,,GUEST,FREE,,0,18/06/2026,FREDDO,,
SIC00252,252,PERSONA,81LEAD|ContattiMirco|Labotecnic1|Labotecnic2,Danielebragadin,,,,,,IT,,,,,,,,,danielebragadin@gmail.com,,,,,,,,,Italia,,,,,,,,,,,,,,,,,,,,GUEST,FREE,,0,18/06/2026,FREDDO,,
SIC00253,253,PERSONA,81LEAD|ContattiMirco|EmailMirco,Danielenalin1968,,,,,,IT,,,,,,,,,danielenalin1968@gmail.com,,,,,,,,,Italia,,,,,,,,,,,,,,,,,,,,GUEST,FREE,,0,18/06/2026,FREDDO,,
SIC00254,254,PERSONA,81LEAD|ContattiMirco|EmailMirco|Labotecnic1|Labotecnic2,Danieli,,,,,,IT,,,,,,,,,danieli@solaristende.it,,,,,,,,,Italia,,,,,,,,,,,,,,,,,,,,GUEST,FREE,,0,18/06/2026,FREDDO,,
SIC00255,255,PERSONA,81LEAD|ContattiMirco|EmailMirco,Danielsound2001,,,,,,IT,,,,,,,,,danielsound2001@yahoo.it,,,,,,,,,Italia,,,,,,,,,,,,,,,,,,,,GUEST,FREE,,0,18/06/2026,FREDDO,,
SIC00256,256,PERSONA,81LEAD|ContattiMirco|Labotecnic1|Labotecnic2,Danilobeninati86,,,,,,IT,,,,,,,,,danilobeninati86@gmail.com,,,,,,,,,Italia,,,,,,,,,,,,,,,,,,,,GUEST,FREE,,0,18/06/2026,FREDDO,,
SIC00257,257,PERSONA,81LEAD|ContattiMirco|EmailMirco|Labotecnic1|Labotecnic2,Danivota,,,,,,IT,,,,,,,,,danivota@yahoo.it,,,,,,,,,Italia,,,,,,,,,,,,,,,,,,,,GUEST,FREE,,0,18/06/2026,FREDDO,,
SIC00258,258,PERSONA,81LEAD|ContattiMirco|EmailMirco|Labotecnic1|Labotecnic2,Dariaviviani,,,,,,IT,,,,,,,,,dariaviviani@gmail.com,,,,,,,,,Italia,,,,,,,,,,,,,,,,,,,,GUEST,FREE,,0,18/06/2026,FREDDO,,
SIC00259,259,PERSONA,81LEAD|ContattiMirco|EmailMirco|Labotecnic1|Labotecnic2,Daryy89,,,,,,IT,,,,,,,,,daryy89@gmail.com,,,,,,,,,Italia,,,,,,,,,,,,,,,,,,,,GUEST,FREE,,0,18/06/2026,FREDDO,,
SIC00260,260,PERSONA,81LEAD|ContattiMirco|EmailMirco|Labotecnic1|Labotecnic2,Davaj,,,,,,IT,,,,,,,,,davaj@tiscali.it,,3933434128970,3933434128970,,,,,,Italia,,,,,,,,,,,,,,,,,,,,GUEST,FREE,,0,18/06/2026,FREDDO,,
SIC00261,261,PERSONA,81LEAD|ContattiMirco|EmailMirco|Labotecnic1|Labotecnic2,Davidbozzato,,,,,,IT,,,,,,,,,davidbozzato@hotmail.com,,,,,,,,,Italia,,,,,,,,,,,,,,,,,,,,GUEST,FREE,,0,18/06/2026,FREDDO,,
SIC00262,262,PERSONA,81LEAD|ContattiMirco|Labotecnic1|Labotecnic2,Davide,,,,,,IT,,,,,,,,,davide@fusaroimpianti.it,,3932892950550,3932892950550,,,,,,Italia,,,,,,,,,,,,,,,,,,,,GUEST,FREE,,0,18/06/2026,FREDDO,,
SIC00263,263,PERSONA,81LEAD|ContattiMirco|EmailMirco,Davidebozzato,,,,,,IT,,,,,,,,,davidebozzato@outlook.com,,333189455800,333189455800,,,,,,Italia,,,,,,,,,,,,,,,,,,,,GUEST,FREE,,0,18/06/2026,FREDDO,,
SIC00264,264,PERSONA,81LEAD|ContattiMirco|EmailMirco|Labotecnic1|Labotecnic2,Davideferroarch,,,,,,IT,,,,,,,,,davideferroarch@gmail.com,,,,,,,,,Italia,,,,,,,,,,,,,,,,,,,,GUEST,FREE,,0,18/06/2026,FREDDO,,
SIC00265,265,PERSONA,81LEAD|ContattiMirco|EmailMirco|Labotecnic1|Labotecnic2,Davidepomponio,,,,,,IT,,,,,,,,,davidepomponio@libero.it,,3939393565780,3939393565780,,,,,,Italia,,,,,,,,,,,,,,,,,,,,GUEST,FREE,,0,18/06/2026,FREDDO,,
SIC00266,266,PERSONA,81LEAD|ContattiMirco|Labotecnic1|Labotecnic2,Davider84,,,,,,IT,,,,,,,,,davider84@hotmail.it,,3932028661900,3932028661900,,,,,,Italia,,,,,,,,,,,,,,,,,,,,GUEST,FREE,,0,18/06/2026,FREDDO,,
SIC00267,267,PERSONA,81LEAD|ContattiMirco|EmailMirco,Davidmanzoli,,,,,,IT,,,,,,,,,davidmanzoli@gmail.com,,,,,,,,,Italia,,,,,,,,,,,,,,,,,,,,GUEST,FREE,,0,18/06/2026,FREDDO,,
SIC00268,268,PERSONA,81LEAD|ContattiMirco|EmailMirco,Davidmanzoli,,,,,,IT,,,,,,,,,davidmanzoli72@gmail.com,,,,,,,,,Italia,,,,,,,,,,,,,,,,,,,,GUEST,FREE,,0,18/06/2026,FREDDO,,
SIC00269,269,PERSONA,81LEAD|ContattiMirco|EmailMirco|Labotecnic1|Labotecnic2,Davidricciardi,,,,,,IT,,,,,,,,,davidricciardi@tiscali.it,,3933357457060,3933357457060,,,,,,Italia,,,,,,,,,,,,,,,,,,,,GUEST,FREE,,0,18/06/2026,FREDDO,,
SIC00270,270,PERSONA,81LEAD|ContattiMirco|EmailMirco|Labotecnic1|Labotecnic2,Dbponteggi,,,,,,IT,,,,,,,,,dbponteggi@gmail.com,,,,,,,,,Italia,,,,,,,,,,,,,,,,,,,,GUEST,FREE,,0,18/06/2026,FREDDO,,
SIC00271,271,PERSONA,81LEAD|ContattiMirco|EmailMirco|Labotecnic1|Labotecnic2,Dbuoso,,,,,,IT,,,,,,,,,dbuoso@libero.it,,,,,,,,,Italia,,,,,,,,,,,,,,,,,,,,GUEST,FREE,,0,18/06/2026,FREDDO,,
SIC00272,272,PERSONA,81LEAD|ContattiMirco|EmailMirco|Labotecnic1|Labotecnic2,Debernardiv329,,,,,,IT,,,,,,,,,debernardiv329@gmail.com,,,,,,,,,Italia,,,,,,,,,,,,,,,,,,,,GUEST,FREE,,0,18/06/2026,FREDDO,,
SIC00273,273,PERSONA,81LEAD|ContattiMirco|EmailMirco|Labotecnic1|Labotecnic2,Dellamura,,,,,,IT,,,,,,,,,dellamura@iol.it,,,,,,,,,Italia,,,,,,,,,,,,,,,,,,,,GUEST,FREE,,0,18/06/2026,FREDDO,,
SIC00274,274,PERSONA,81LEAD|ContattiMirco,Deltamchele59,,,,,,IT,,,,,,,,,deltamchele59@gmail.it,,,,,,,,,Italia,,,,,,,,,,,,,,,,,,,,GUEST,FREE,,0,18/06/2026,FREDDO,,
SIC00275,275,PERSONA,81LEAD|ContattiMirco,Deltamichele59,,,,,,IT,,,,,,,,,deltamichele59@gmail.it,,,,,,,,,Italia,,,,,,,,,,,,,,,,,,,,GUEST,FREE,,0,18/06/2026,FREDDO,,
SIC00276,276,PERSONA,81LEAD|ContattiMirco,Deltamichele79,,,,,,IT,,,,,,,,,deltamichele79@gmail.it,,,,,,,,,Italia,,,,,,,,,,,,,,,,,,,,GUEST,FREE,,0,18/06/2026,FREDDO,,
SIC00277,277,PERSONA,81LEAD|ContattiMirco|Labotecnic1|Labotecnic2,Deltast,,,,,,IT,,,,,,,,,deltast@shineline.it,,,,,,,,,Italia,,,,,,,,,,,,,,,,,,,,GUEST,FREE,,0,18/06/2026,FREDDO,,
SIC00278,278,PERSONA,81LEAD|ContattiMirco|EmailMirco|Labotecnic1|Labotecnic2,Delu6060,,,,,,IT,,,,,,,,,delu6060@tiscali.it,,,,,,,,,Italia,,,,,,,,,,,,,,,,,,,,GUEST,FREE,,0,18/06/2026,FREDDO,,
SIC00279,279,PERSONA,81LEAD|ContattiMirco|EmailMirco|Labotecnic1|Labotecnic2,Demfolk,,,,,,IT,,,,,,,,,demfolk@yahoo.it,,,,,,,,,Italia,,,,,,,,,,,,,,,,,,,,GUEST,FREE,,0,18/06/2026,FREDDO,,
SIC00280,280,PERSONA,81LEAD|ContattiMirco|Labotecnic1|Labotecnic2,Denisfinotti,,,,,,IT,,,,,,,,,denisfinotti@yahoo.it,,,,,,,,,Italia,,,,,,,,,,,,,,,,,,,,GUEST,FREE,,0,18/06/2026,FREDDO,,
SIC00281,281,PERSONA,81LEAD|ContattiMirco|EmailMirco|Labotecnic1|Labotecnic2,Desiertoceleste,,,,,,IT,,,,,,,,,desiertoceleste@gmail.com,,,,,,,,,Italia,,,,,,,,,,,,,,,,,,,,GUEST,FREE,,0,18/06/2026,FREDDO,,
SIC00282,282,PERSONA,81LEAD|ContattiMirco|EmailMirco,Designs,,,,,,IT,,,,,,,,,designs@spreadshirt.net,,347532932100,347532932100,,,,,,Italia,,,,,,,,,,,,,,,,,,,,GUEST,FREE,,0,18/06/2026,FREDDO,,
SIC00283,283,PERSONA,81LEAD|ContattiMirco|EmailMirco|Labotecnic1|Labotecnic2,Devare,,,,,,IT,,,,,,,,,devare@libero.it,,3933456484830,3933456484830,,,,,,Italia,,,,,,,,,,,,,,,,,,,,GUEST,FREE,,0,18/06/2026,FREDDO,,
SIC00284,284,PERSONA,81LEAD|ContattiMirco|EmailMirco|Labotecnic1|Labotecnic2,Dianatosku,,,,,,IT,,,,,,,,,dianatosku@live.it,,,,,,,,,Italia,,,,,,,,,,,,,,,,,,,,GUEST,FREE,,0,18/06/2026,FREDDO,,
SIC00285,285,PERSONA,81LEAD|ContattiMirco|EmailMirco,Dianetruebloodu545,,,,,,IT,,,,,,,,,dianetruebloodu545@gmail.com,,,,,,,,,Italia,,,,,,,,,,,,,,,,,,,,GUEST,FREE,,0,18/06/2026,FREDDO,,
SIC00286,286,PERSONA,81LEAD|ContattiMirco|EmailMirco,Didattica,,,,,,IT,,,,,,,,,didattica@hideea.com,,39346678674300,39346678674300,,,,,,Italia,,,,,,,,,,,,,,,,,,,,GUEST,FREE,,0,18/06/2026,FREDDO,,
SIC00287,287,PERSONA,81LEAD|ContattiMirco|EmailMirco|Labotecnic1|Labotecnic2,Diegogiarrizzo,,,,,,IT,,,,,,,,,diegogiarrizzo@libero.it,,3933971825580,3933971825580,,,,,,Italia,,,,,,,,,,,,,,,,,,,,GUEST,FREE,,0,18/06/2026,FREDDO,,
SIC00288,288,PERSONA,81LEAD|ContattiMirco|EmailMirco,Diessefood,,,,,,IT,,,,,,,,,diessefood@diessechem.com,,,,,,,,,Italia,,,,,,,,,,,,,,,,,,,,GUEST,FREE,,0,18/06/2026,FREDDO,,
SIC00289,289,PERSONA,ContattiMirco|Labotecnic1|Labotecnic2,Difrescopatrizia,,,,,,IT,,,,,,,,,difrescopatrizia@virgilio.it,,,,,,,,,Italia,,,,,,,,,,,,,,,,,,,,GUEST,FREE,,0,18/06/2026,FREDDO,,
SIC00290,290,PERSONA,81LEAD|ContattiMirco|EmailMirco|Labotecnic1|Labotecnic2,Digitalvideo3,,,,,,IT,,,,,,,,,digitalvideo3@virgilio.it,,,,,,,,,Italia,,,,,,,,,,,,,,,,,,,,GUEST,FREE,,0,18/06/2026,FREDDO,,
SIC00291,291,PERSONA,81LEAD|ContattiMirco|EmailMirco|Labotecnic1|Labotecnic2,Dimaurodaniela76,,,,,,IT,,,,,,,,,dimaurodaniela76@gmail.com,,3932892950550,3932892950550,,,,,,Italia,,,,,,,,,,,,,,,,,,,,GUEST,FREE,,0,18/06/2026,FREDDO,,
SIC00292,292,PERSONA,81LEAD|ContattiMirco|EmailMirco|Labotecnic1|Labotecnic2,Dimitrisapia,,,,,,IT,,,,,,,,,dimitrisapia@libero.it,,,,,,,,,Italia,,,,,,,,,,,,,,,,,,,,GUEST,FREE,,0,18/06/2026,FREDDO,,
SIC00293,293,PERSONA,81LEAD|ContattiMirco|EmailMirco|Labotecnic1|Labotecnic2,Direzione,,,,,,IT,,,,,,,,,direzione@giclasolar.com,,,,,,,,,Italia,,,,,,,,,,,,,,,,,,,,GUEST,FREE,,0,18/06/2026,FREDDO,,
SIC00294,294,PERSONA,81LEAD|ContattiMirco|EmailMirco|Labotecnic1|Labotecnic2,Direzione,,,,,,IT,,,,,,,,,direzione@centroimpresa.biz,,,,,,,,,Italia,,,,,,,,,,,,,,,,,,,,GUEST,FREE,,0,18/06/2026,FREDDO,,
SIC00295,295,PERSONA,81LEAD|ContattiMirco|EmailMirco|Labotecnic1|Labotecnic2,Direzione,,,,,,IT,,,,,,,,,direzione@confimprenditori.it,,,,,,,,,Italia,,,,,,,,,,,,,,,,,,,,GUEST,FREE,,0,18/06/2026,FREDDO,,
SIC00296,296,PERSONA,81LEAD|ContattiMirco|EmailMirco,Direzione,,,,,,IT,,,,,,,,,direzione@hotelexpoverona.it,,,,,,,,,Italia,,,,,,,,,,,,,,,,,,,,GUEST,FREE,,0,18/06/2026,FREDDO,,
SIC00297,297,PERSONA,81LEAD|ContattiMirco|EmailMirco|Labotecnic1|Labotecnic2,Dirk,,,,,,IT,,,,,,,,,dirk@autistici.org,,,,,,,,,Italia,,,,,,,,,,,,,,,,,,,,GUEST,FREE,,0,18/06/2026,FREDDO,,
SIC00298,298,PERSONA,81LEAD|ContattiMirco|EmailMirco|Labotecnic1|Labotecnic2,Discernim,,,,,,IT,,,,,,,,,discernim@gmail.com,,,,,,,,,Italia,,,,,,,,,,,,,,,,,,,,GUEST,FREE,,0,18/06/2026,FREDDO,,
SIC00299,299,PERSONA,81LEAD|ContattiMirco|Labotecnic1|Labotecnic2,Divinafiorella,,,,,,IT,,,,,,,,,divinafiorella@gmail.com,,,,,,,,,Italia,,,,,,,,,,,,,,,,,,,,GUEST,FREE,,0,18/06/2026,FREDDO,,
SIC00300,300,PERSONA,81LEAD|ContattiMirco|EmailMirco|Labotecnic1|Labotecnic2,Djcarlodevilla,,,,,,IT,,,,,,,,,djcarlodevilla@gmail.com,,3934874133220,3934874133220,,,,,,Italia,,,,,,,,,,,,,,,,,,,,GUEST,FREE,,0,18/06/2026,FREDDO,,
SIC00301,301,PERSONA,81LEAD|ContattiMirco|EmailMirco|Labotecnic1|Labotecnic2,Dkrama,,,,,,IT,,,,,,,,,dkrama@tin.it,,,,,,,,,Italia,,,,,,,,,,,,,,,,,,,,GUEST,FREE,,0,18/06/2026,FREDDO,,
SIC00302,302,PERSONA,81LEAD|ContattiMirco|EmailMirco|Labotecnic1|Labotecnic2,Dmantovani,,,,,,IT,,,,,,,,,dmantovani@miswaco.slb.com,,,,,,,,,Italia,,,,,,,,,,,,,,,,,,,,GUEST,FREE,,0,18/06/2026,FREDDO,,
SIC00303,303,PERSONA,81LEAD|ContattiMirco|EmailMirco|Labotecnic1|Labotecnic2,Dmazzon,,,,,,IT,,,,,,,,,dmazzon@tiscali.it,,,,,,,,,Italia,,,,,,,,,,,,,,,,,,,,GUEST,FREE,,0,18/06/2026,FREDDO,,
SIC00304,304,PERSONA,81LEAD|ContattiMirco|EmailMirco,Doganafedex,,,,,,IT,,,,,,,,,doganafedex@fedex.com,,338397778500,338397778500,,,,,,Italia,,,,,,,,,,,,,,,,,,,,GUEST,FREE,,0,18/06/2026,FREDDO,,
SIC00305,305,PERSONA,81LEAD|ContattiMirco|EmailMirco|Labotecnic1|Labotecnic2,Domeneghetti,,,,,,IT,,,,,,,,,domeneghetti@a08.it,,,,,,,,,Italia,,,,,,,,,,,,,,,,,,,,GUEST,FREE,,0,18/06/2026,FREDDO,,
SIC00306,306,PERSONA,81LEAD|ContattiMirco|EmailMirco|Labotecnic1|Labotecnic2,Donatoaliprandi,,,,,,IT,,,,,,,,,donatoaliprandi@libero.it,,3933514395230,3933514395230,,,,,,Italia,,,,,,,,,,,,,,,,,,,,GUEST,FREE,,0,18/06/2026,FREDDO,,
SIC00307,307,PERSONA,81LEAD|ContattiMirco|EmailMirco|Labotecnic1|Labotecnic2,Dongting28,,,,,,IT,,,,,,,,,dongting28@gmail.com,,,,,,,,,Italia,,,,,,,,,,,,,,,,,,,,GUEST,FREE,,0,18/06/2026,FREDDO,,
SIC00308,308,PERSONA,81LEAD|ContattiMirco|EmailMirco|Labotecnic1|Labotecnic2,Donicast,,,,,,IT,,,,,,,,,donicast@tiscali.it,,,,,,,,,Italia,,,,,,,,,,,,,,,,,,,,GUEST,FREE,,0,18/06/2026,FREDDO,,
SIC00309,309,PERSONA,81LEAD|ContattiMirco|EmailMirco|Labotecnic1|Labotecnic2,Dorafalzarano,,,,,,IT,,,,,,,,,dorafalzarano@libero.it,,,,,,,,,Italia,,,,,,,,,,,,,,,,,,,,GUEST,FREE,,0,18/06/2026,FREDDO,,
SIC00310,310,PERSONA,81LEAD|ContattiMirco|EmailMirco|Labotecnic1|Labotecnic2,Dorianascarlata,,,,,,IT,,,,,,,,,dorianascarlata@libero.it,,,,,,,,,Italia,,,,,,,,,,,,,,,,,,,,GUEST,FREE,,0,18/06/2026,FREDDO,,
SIC00311,311,PERSONA,81LEAD|ContattiMirco,Doumbiasounga17061994sido,,,,,,IT,,,,,,,,,doumbiasounga17061994sido@glail.com,,,,,,,,,Italia,,,,,,,,,,,,,,,,,,,,GUEST,FREE,,0,18/06/2026,FREDDO,,
SIC00312,312,PERSONA,81LEAD|ContattiMirco,Doumbiasoungali17061994sido,,,,,,IT,,,,,,,,,doumbiasoungali17061994sido@gmail.com,,,,,,,,,Italia,,,,,,,,,,,,,,,,,,,,GUEST,FREE,,0,18/06/2026,FREDDO,,
SIC00313,313,PERSONA,81LEAD|ContattiMirco,Doumbiasoungalo17061194sido,,,,,,IT,,,,,,,,,doumbiasoungalo17061194sido@gmail.com,,,,,,,,,Italia,,,,,,,,,,,,,,,,,,,,GUEST,FREE,,0,18/06/2026,FREDDO,,
SIC00314,314,PERSONA,81LEAD|ContattiMirco,Doumbiasoungalo17061994sido,,,,,,IT,,,,,,,,,doumbiasoungalo17061994sido@gmail.com,,,,,,,,,Italia,,,,,,,,,,,,,,,,,,,,GUEST,FREE,,0,18/06/2026,FREDDO,,
SIC00315,315,PERSONA,81LEAD|ContattiMirco,Doumbiasoungalo17061994sifo,,,,,,IT,,,,,,,,,doumbiasoungalo17061994sifo@gmail.com,,,,,,,,,Italia,,,,,,,,,,,,,,,,,,,,GUEST,FREE,,0,18/06/2026,FREDDO,,
SIC00316,316,PERSONA,81LEAD|ContattiMirco,Doumbiasoungalo17061994soido,,,,,,IT,,,,,,,,,doumbiasoungalo17061994soido@gmail.com,,,,,,,,,Italia,,,,,,,,,,,,,,,,,,,,GUEST,FREE,,0,18/06/2026,FREDDO,,
SIC00317,317,PERSONA,81LEAD|ContattiMirco,Doumbiasoungalo17061994sudo,,,,,,IT,,,,,,,,,doumbiasoungalo17061994sudo@gmail.com,,,,,,,,,Italia,,,,,,,,,,,,,,,,,,,,GUEST,FREE,,0,18/06/2026,FREDDO,,
SIC00318,318,PERSONA,81LEAD|ContattiMirco,Doumbiasoungalo17061995sido,,,,,,IT,,,,,,,,,doumbiasoungalo17061995sido@gmail.com,,,,,,,,,Italia,,,,,,,,,,,,,,,,,,,,GUEST,FREE,,0,18/06/2026,FREDDO,,
SIC00319,319,PERSONA,81LEAD|ContattiMirco,Doumbiasoungla17061994sido,,,,,,IT,,,,,,,,,doumbiasoungla17061994sido@gmail.com,,,,,,,,,Italia,,,,,,,,,,,,,,,,,,,,GUEST,FREE,,0,18/06/2026,FREDDO,,
SIC00320,320,PERSONA,81LEAD|ContattiMirco,Doumbiasounglo17061994sido,,,,,,IT,,,,,,,,,doumbiasounglo17061994sido@gmail.com,,,,,,,,,Italia,,,,,,,,,,,,,,,,,,,,GUEST,FREE,,0,18/06/2026,FREDDO,,
SIC00321,321,PERSONA,81LEAD|ContattiMirco|Labotecnic1|Labotecnic2,Dragoneluci,,,,,,IT,,,,,,,,,dragone5luci@libero.it,,,,,,,,,Italia,,,,,,,,,,,,,,,,,,,,GUEST,FREE,,0,18/06/2026,FREDDO,,
SIC00322,322,PERSONA,81LEAD|ContattiMirco|EmailMirco|Labotecnic1|Labotecnic2,Drex81,,,,,,IT,,,,,,,,,drex81@libero.it,,,,,,,,,Italia,,,,,,,,,,,,,,,,,,,,GUEST,FREE,,0,18/06/2026,FREDDO,,
SIC00323,323,PERSONA,81LEAD|ContattiMirco|EmailMirco|Labotecnic1|Labotecnic2,Dridialejos,,,,,,IT,,,,,,,,,dridialejos@yahoo.it,,3934915912520,3934915912520,,,,,,Italia,,,,,,,,,,,,,,,,,,,,GUEST,FREE,,0,18/06/2026,FREDDO,,
SIC00324,324,PERSONA,81LEAD|ContattiMirco|EmailMirco,Drive,,,,,,IT,,,,,,,,,drive@soldo.com,,328217455600,328217455600,,,,,,Italia,,,,,,,,,,,,,,,,,,,,GUEST,FREE,,0,18/06/2026,FREDDO,,
SIC00325,325,PERSONA,81LEAD|ContattiMirco|EmailMirco|Labotecnic1|Labotecnic2,Dukesgarage2011,,,,,,IT,,,,,,,,,dukesgarage2011@gmail.com,,,,,,,,,Italia,,,,,,,,,,,,,,,,,,,,GUEST,FREE,,0,18/06/2026,FREDDO,,
SIC00326,326,PERSONA,81LEAD|ContattiMirco|Labotecnic1|Labotecnic2,Duopan,,,,,,IT,,,,,,,,,duopan@libero.it,,,,,,,,,Italia,,,,,,,,,,,,,,,,,,,,GUEST,FREE,,0,18/06/2026,FREDDO,,
SIC00327,327,PERSONA,81LEAD|EmailMirco,ETERNOO,,,,,,IT,,,,,,,,,segreteria@eternoo.it,,3904575132270,3904575132270,,,,,,Italia,,,,,,,,,,,,,,,,,,,,GUEST,FREE,,0,18/06/2026,FREDDO,,
SIC00328,328,PERSONA,81LEAD|ContattiMirco|EmailMirco,Easy-cracow,,,,,,IT,,,,,,,,,info.easy-cracow@viennahouse.com,,,,,,,,,Italia,,,,,,,,,,,,,,,,,,,,GUEST,FREE,,0,18/06/2026,FREDDO,,
SIC00329,329,PERSONA,81LEAD|ContattiMirco|EmailMirco|Labotecnic1|Labotecnic2,Ecosistemtec,,,,,,IT,,,,,,,,,ecosistemtec@libero.it,,,,,,,,,Italia,,,,,,,,,,,,,,,,,,,,GUEST,FREE,,0,18/06/2026,FREDDO,,
SIC00330,330,PERSONA,81LEAD|ContattiMirco|EmailMirco|Labotecnic1|Labotecnic2,Edepompeis,,,,,,IT,,,,,,,,,edepompeis@gmail.com,,,,,,,,,Italia,,,,,,,,,,,,,,,,,,,,GUEST,FREE,,0,18/06/2026,FREDDO,,
SIC00331,331,PERSONA,81LEAD|EmailMirco,Edil-For,,,,,,IT,,,,,,,,,info@edilfor.it,,390359050100,390359050100,,,,,,Italia,,,,,,,,,,,,,,,,,,,,GUEST,FREE,,0,18/06/2026,FREDDO,,
SIC00332,332,PERSONA,81LEAD|ContattiMirco|EmailMirco|Labotecnic1|Labotecnic2,Edil-city,,,,,,IT,,,,,,,,,edil-city@libero.it,,,,,,,,,Italia,,,,,,,,,,,,,,,,,,,,GUEST,FREE,,0,18/06/2026,FREDDO,,
SIC00333,333,PERSONA,81LEAD|ContattiMirco|EmailMirco,Edil.dome,,,,,,IT,,,,,,,,,info@edildome.it,,3932757744200,3932757744200,,,,,,Italia,,,,,,,,,,,,,,,,,,,,GUEST,FREE,,0,18/06/2026,FREDDO,,
SIC00334,334,PERSONA,81LEAD|EmailMirco,Edilbernardibau,,,,,,IT,,,,,,,,,info@edilbernardibau.it,,3904713832840,3904713832840,,,,,,Italia,,,,,,,,,,,,,,,,,,,,GUEST,FREE,,0,18/06/2026,FREDDO,,
SIC00335,335,PERSONA,81LEAD|EmailMirco,Edilbonacina,,,,,,IT,,,,,,,,,nfo@edilbonacina.it,,3903549402890,3903549402890,,,,,,Italia,,,,,,,,,,,,,,,,,,,,GUEST,FREE,,0,18/06/2026,FREDDO,,
SIC00336,336,PERSONA,81LEAD|ContattiMirco|EmailMirco,Edilnova,,,,,,IT,,,,,,,,,info@impresacostruzioniedilnova.it,,39049936693100,39049936693100,,,,,,Italia,,,,,,,,,,,,,,,,,,,,GUEST,FREE,,0,18/06/2026,FREDDO,,
SIC00337,337,PERSONA,81LEAD|ContattiMirco|EmailMirco|Labotecnic1|Labotecnic2,Edyguerrini,,,,,,IT,,,,,,,,,edyguerrini@gmail.com,,,,,,,,,Italia,,,,,,,,,,,,,,,,,,,,GUEST,FREE,,0,18/06/2026,FREDDO,,
SIC00338,338,PERSONA,81LEAD|ContattiMirco|EmailMirco|Labotecnic1|Labotecnic2,Elcon,,,,,,IT,,,,,,,,,elcon@polesineinnovazione.it,,,,,,,,,Italia,,,,,,,,,,,,,,,,,,,,GUEST,FREE,,0,18/06/2026,FREDDO,,
SIC00339,339,PERSONA,81LEAD|ContattiMirco|EmailMirco|Labotecnic1|Labotecnic2,Eldaghirardelli,,,,,,IT,,,,,,,,,eldaghirardelli@gmail.com,,,,,,,,,Italia,,,,,,,,,,,,,,,,,,,,GUEST,FREE,,0,18/06/2026,FREDDO,,
SIC00340,340,PERSONA,81LEAD|ContattiMirco|EmailMirco|Labotecnic1|Labotecnic2,Ele8327,,,,,,IT,,,,,,,,,ele8327@libero.it,,3934923218550,3934923218550,,,,,,Italia,,,,,,,,,,,,,,,,,,,,GUEST,FREE,,0,18/06/2026,FREDDO,,
SIC00341,341,PERSONA,81LEAD|ContattiMirco|EmailMirco|Labotecnic1|Labotecnic2,Eleberna54,,,,,,IT,,,,,,,,,eleberna54@libero.it,,,,,,,,,Italia,,,,,,,,,,,,,,,,,,,,GUEST,FREE,,0,18/06/2026,FREDDO,,
SIC00342,342,PERSONA,81LEAD|ContattiMirco|EmailMirco|Labotecnic1|Labotecnic2,Elena,,,,,,IT,,,,,,,,,amministrazione@lineealterne.com,,,,,,,,,Italia,,,,,,,,,,,,,,,,,,,,GUEST,FREE,,0,18/06/2026,FREDDO,,
SIC00343,343,PERSONA,81LEAD|ContattiMirco|Labotecnic1|Labotecnic2,Elenabeltrami2,,,,,,IT,,,,,,,,,elenabeltrami2@gmail.com,,3933397557180,3933397557180,,,,,,Italia,,,,,,,,,,,,,,,,,,,,GUEST,FREE,,0,18/06/2026,FREDDO,,
SIC00344,344,PERSONA,81LEAD|ContattiMirco|EmailMirco|Labotecnic1|Labotecnic2,Elenaverlich,,,,,,IT,,,,,,,,,elenaverlich@libero.it,,,,,,,,,Italia,,,,,,,,,,,,,,,,,,,,GUEST,FREE,,0,18/06/2026,FREDDO,,
SIC00345,345,PERSONA,81LEAD|ContattiMirco|Labotecnic1|Labotecnic2,Eleongas,,,,,,IT,,,,,,,,,1eleongas@libero.it,,3934949048920,3934949048920,,,,,,Italia,,,,,,,,,,,,,,,,,,,,GUEST,FREE,,0,18/06/2026,FREDDO,,
SIC00346,346,PERSONA,81LEAD|ContattiMirco|EmailMirco|Labotecnic1|Labotecnic2,Elisa_gatto,,,,,,IT,,,,,,,,,elisa_gatto@libero.it,,3932902468280,3932902468280,,,,,,Italia,,,,,,,,,,,,,,,,,,,,GUEST,FREE,,0,18/06/2026,FREDDO,,
SIC00347,347,PERSONA,81LEAD|ContattiMirco|EmailMirco|Labotecnic1|Labotecnic2,Elisaandreasi,,,,,,IT,,,,,,,,,elisaandreasi@gmail.com,,,,,,,,,Italia,,,,,,,,,,,,,,,,,,,,GUEST,FREE,,0,18/06/2026,FREDDO,,
SIC00348,348,PERSONA,81LEAD|ContattiMirco|Labotecnic1|Labotecnic2,Elisabettadoretti,,,,,,IT,,,,,,,,,elisabettadoretti@gmail.com,,3933578181900,3933578181900,,,,,,Italia,,,,,,,,,,,,,,,,,,,,GUEST,FREE,,0,18/06/2026,FREDDO,,
SIC00349,349,PERSONA,81LEAD|ContattiMirco|EmailMirco|Labotecnic1|Labotecnic2,Elisabettaonida,,,,,,IT,,,,,,,,,elisabettaonida@gmail.com,,,,,,,,,Italia,,,,,,,,,,,,,,,,,,,,GUEST,FREE,,0,18/06/2026,FREDDO,,
SIC00350,350,PERSONA,81LEAD|ContattiMirco|EmailMirco|Labotecnic1|Labotecnic2,Elisapavan,,,,,,IT,,,,,,,,,elisapavan@live.it,,3934955529470,3934955529470,,,,,,Italia,,,,,,,,,,,,,,,,,,,,GUEST,FREE,,0,18/06/2026,FREDDO,,
SIC00351,351,PERSONA,81LEAD|ContattiMirco|EmailMirco|Labotecnic1|Labotecnic2,Elvicascio,,,,,,IT,,,,,,,,,elvicascio@libero.it,,,,,,,,,Italia,,,,,,,,,,,,,,,,,,,,GUEST,FREE,,0,18/06/2026,FREDDO,,
SIC00352,352,PERSONA,81LEAD|ContattiMirco|EmailMirco,Email,,,,,,IT,,,,,,,,,email@italopentimalli.com,,,,,,,,,Italia,,,,,,,,,,,,,,,,,,,,GUEST,FREE,,0,18/06/2026,FREDDO,,
SIC00353,353,PERSONA,81LEAD|ContattiMirco|Labotecnic1|Labotecnic2,Emanueladigoscio,,,,,,IT,,,,,,,,,emanueladigoscio@yahoo.it,,3937924162610,3937924162610,,,,,,Italia,,,,,,,,,,,,,,,,,,,,GUEST,FREE,,0,18/06/2026,FREDDO,,
SIC00354,354,PERSONA,81LEAD|ContattiMirco|EmailMirco|Labotecnic1|Labotecnic2,Emanuelesirtori,,,,,,IT,,,,,,,,,emanuelesirtori@gmail.com,,,,,,,,,Italia,,,,,,,,,,,,,,,,,,,,GUEST,FREE,,0,18/06/2026,FREDDO,,
SIC00355,355,PERSONA,81LEAD|ContattiMirco|EmailMirco|Labotecnic1|Labotecnic2,Emanuelpellegrini,,,,,,IT,,,,,,,,,emanuelpellegrini@libero.it,,,,,,,,,Italia,,,,,,,,,,,,,,,,,,,,GUEST,FREE,,0,18/06/2026,FREDDO,,
SIC00356,356,PERSONA,81LEAD|ContattiMirco|EmailMirco|Labotecnic1|Labotecnic2,Embyone,,,,,,IT,,,,,,,,,embyone@virgilio.it,,,,,,,,,Italia,,,,,,,,,,,,,,,,,,,,GUEST,FREE,,0,18/06/2026,FREDDO,,
SIC00357,357,PERSONA,81LEAD|ContattiMirco|EmailMirco|Labotecnic1|Labotecnic2,Emilypregnolato,,,,,,IT,,,,,,,,,emilypregnolato@hotmail.it,,,,,,,,,Italia,,,,,,,,,,,,,,,,,,,,GUEST,FREE,,0,18/06/2026,FREDDO,,
SIC00358,358,PERSONA,81LEAD|ContattiMirco|EmailMirco|Labotecnic1|Labotecnic2,Emozione05,,,,,,IT,,,,,,,,,emozione05@gmail.com,,,,,,,,,Italia,,,,,,,,,,,,,,,,,,,,GUEST,FREE,,0,18/06/2026,FREDDO,,
SIC00359,359,PERSONA,81LEAD|ContattiMirco|EmailMirco|Labotecnic1|Labotecnic2,Emreina,,,,,,IT,,,,,,,,,emreina@hotmail.it,,,,,,,,,Italia,,,,,,,,,,,,,,,,,,,,GUEST,FREE,,0,18/06/2026,FREDDO,,
SIC00360,360,PERSONA,81LEAD|ContattiMirco|EmailMirco|Labotecnic1|Labotecnic2,Eneazerbin,,,,,,IT,,,,,,,,,eneazerbin@virgilio.it,,,,,,,,,Italia,,,,,,,,,,,,,,,,,,,,GUEST,FREE,,0,18/06/2026,FREDDO,,
SIC00361,361,PERSONA,81LEAD,Energia,,,,,,IT,,,,,,,,,infoenergia@regione.veneto.it,,,,,,,,,Italia,,,,,,,,,,,,,,,,,,,,GUEST,FREE,,0,18/06/2026,FREDDO,,
SIC00362,362,PERSONA,81LEAD|ContattiMirco|EmailMirco|Labotecnic1|Labotecnic2,Engineering,,,,,,IT,,,,,,,,,engineering@finsolar.it,,,,,,,,,Italia,,,,,,,,,,,,,,,,,,,,GUEST,FREE,,0,18/06/2026,FREDDO,,
SIC00363,363,PERSONA,81LEAD|ContattiMirco|EmailMirco|Labotecnic1|Labotecnic2,Ennoemi,,,,,,IT,,,,,,,,,ennoemi@gmail.com,,,,,,,,,Italia,,,,,,,,,,,,,,,,,,,,GUEST,FREE,,0,18/06/2026,FREDDO,,
SIC00364,364,PERSONA,81LEAD|ContattiMirco|EmailMirco,Enockbodi,,,,,,IT,,,,,,,,,enockbodi@gmail.com,,,,,,,,,Italia,,,,,,,,,,,,,,,,,,,,GUEST,FREE,,0,18/06/2026,FREDDO,,
SIC00365,365,PERSONA,81LEAD|ContattiMirco|EmailMirco|Labotecnic1|Labotecnic2,Enricobimbatti,,,,,,IT,,,,,,,,,enricobimbatti@libero.it,,3933566756940,3933566756940,,,,,,Italia,,,,,,,,,,,,,,,,,,,,GUEST,FREE,,0,18/06/2026,FREDDO,,
SIC00366,366,PERSONA,81LEAD|ContattiMirco|EmailMirco|Labotecnic1|Labotecnic2,Enricobuoso,,,,,,IT,,,,,,,,,enricobuoso@tiscali.it,,,,,,,,,Italia,,,,,,,,,,,,,,,,,,,,GUEST,FREE,,0,18/06/2026,FREDDO,,
SIC00367,367,PERSONA,81LEAD|ContattiMirco|EmailMirco|Labotecnic1|Labotecnic2,Enricoenergia,,,,,,IT,,,,,,,,,enricoenergia@gmail.com,,,,,,,,,Italia,,,,,,,,,,,,,,,,,,,,GUEST,FREE,,0,18/06/2026,FREDDO,,
SIC00368,368,PERSONA,81LEAD|ContattiMirco|EmailMirco|Labotecnic1|Labotecnic2,Enricogas64,,,,,,IT,,,,,,,,,enricogas64@gmail.com,,3932048506990,3932048506990,,,,,,Italia,,,,,,,,,,,,,,,,,,,,GUEST,FREE,,0,18/06/2026,FREDDO,,
SIC00369,369,PERSONA,81LEAD|ContattiMirco|EmailMirco|Labotecnic1|Labotecnic2,Enzlet,,,,,,IT,,,,,,,,,enzlet@hotmail.it,,,,,,,,,Italia,,,,,,,,,,,,,,,,,,,,GUEST,FREE,,0,18/06/2026,FREDDO,,
SIC00370,370,PERSONA,81LEAD|ContattiMirco|EmailMirco|Labotecnic1|Labotecnic2,Enzostoppa,,,,,,IT,,,,,,,,,enzostoppa@libero.it,,,,,,,,,Italia,,,,,,,,,,,,,,,,,,,,GUEST,FREE,,0,18/06/2026,FREDDO,,
SIC00371,371,PERSONA,81LEAD|ContattiMirco|EmailMirco|Labotecnic1|Labotecnic2,Erbastoadele,,,,,,IT,,,,,,,,,erbastoadele@gmail.com,,3932883662550,3932883662550,,,,,,Italia,,,,,,,,,,,,,,,,,,,,GUEST,FREE,,0,18/06/2026,FREDDO,,
SIC00372,372,PERSONA,81LEAD|ContattiMirco|EmailMirco|Labotecnic1|Labotecnic2,Erika_362,,,,,,IT,,,,,,,,,erika_362@hotmail.com,,,,,,,,,Italia,,,,,,,,,,,,,,,,,,,,GUEST,FREE,,0,18/06/2026,FREDDO,,
SIC00373,373,PERSONA,81LEAD|ContattiMirco|Labotecnic1|Labotecnic2,Ermannofagherazzi,,,,,,IT,,,,,,,,,ermannofagherazzi@ermannofagherazzi.com,,3933581408760,3933581408760,,,,,,Italia,,,,,,,,,,,,,,,,,,,,GUEST,FREE,,0,18/06/2026,FREDDO,,
SIC00374,374,PERSONA,81LEAD|ContattiMirco|EmailMirco,Ermesdinatale,,,,,,IT,,,,,,,,,ermesdinatale@gmail.com,,3939337868230,3939337868230,,,,,,Italia,,,,,,,,,,,,,,,,,,,,GUEST,FREE,,0,18/06/2026,FREDDO,,
SIC00375,375,PERSONA,81LEAD|ContattiMirco|EmailMirco|Labotecnic1|Labotecnic2,Erminiapuccini,,,,,,IT,,,,,,,,,erminiapuccini@gmail.com,,,,,,,,,Italia,,,,,,,,,,,,,,,,,,,,GUEST,FREE,,0,18/06/2026,FREDDO,,
SIC00376,376,PERSONA,81LEAD|ContattiMirco|Labotecnic1|Labotecnic2,Escamassi,,,,,,IT,,,,,,,,,escamassi@alice.it,,,,,,,,,Italia,,,,,,,,,,,,,,,,,,,,GUEST,FREE,,0,18/06/2026,FREDDO,,
SIC00377,377,PERSONA,81LEAD|ContattiMirco|EmailMirco|Labotecnic1|Labotecnic2,Ester,,,,,,IT,,,,,,,,,estersaddam2@gmail.com,,,,,,,,,Italia,,,,,,,,,,,,,,,,,,,,GUEST,FREE,,0,18/06/2026,FREDDO,,
SIC00378,378,PERSONA,81LEAD|ContattiMirco|EmailMirco|Labotecnic1|Labotecnic2,Esterscarpa,,,,,,IT,,,,,,,,,esterscarpa@hotmail.com,,,,,,,,,Italia,,,,,,,,,,,,,,,,,,,,GUEST,FREE,,0,18/06/2026,FREDDO,,
SIC00379,379,PERSONA,81LEAD|ContattiMirco|EmailMirco|Labotecnic1|Labotecnic2,Ethnosimmigrazione,,,,,,IT,,,,,,,,,ethnosimmigrazione@gmail.com,,,,,,,,,Italia,,,,,,,,,,,,,,,,,,,,GUEST,FREE,,0,18/06/2026,FREDDO,,
SIC00380,380,PERSONA,81LEAD|ContattiMirco|EmailMirco,Ettoreparise66,,,,,,IT,,,,,,,,,ettoreparise66@gmail.com,,,,,,,,,Italia,,,,,,,,,,,,,,,,,,,,GUEST,FREE,,0,18/06/2026,FREDDO,,
SIC00381,381,PERSONA,81LEAD|ContattiMirco|EmailMirco,Eugenioelboy,,,,,,IT,,,,,,,,,eugenioelboy@hotmail.it,,,,,,,,,Italia,,,,,,,,,,,,,,,,,,,,GUEST,FREE,,0,18/06/2026,FREDDO,,
SIC00382,382,PERSONA,81LEAD|ContattiMirco|EmailMirco|Labotecnic1|Labotecnic2,Eugeniolucchesini61,,,,,,IT,,,,,,,,,eugeniolucchesini61@gmail.com,,39349423346500,39349423346500,,,,,,Italia,,,,,,,,,,,,,,,,,,,,GUEST,FREE,,0,18/06/2026,FREDDO,,
SIC00383,383,PERSONA,81LEAD|ContattiMirco|EmailMirco|Labotecnic1|Labotecnic2,Eurocolor2005,,,,,,IT,,,,,,,,,eurocolor2005@libero.it,,,,,,,,,Italia,,,,,,,,,,,,,,,,,,,,GUEST,FREE,,0,18/06/2026,FREDDO,,
SIC00384,384,PERSONA,81LEAD|ContattiMirco|EmailMirco|Labotecnic1|Labotecnic2,Ezanca,,,,,,IT,,,,,,,,,ezanca@libero.it,,,,,,,,,Italia,,,,,,,,,,,,,,,,,,,,GUEST,FREE,,0,18/06/2026,FREDDO,,
SIC00385,385,PERSONA,81LEAD|ContattiMirco|EmailMirco|Labotecnic1|Labotecnic2,Eze116,,,,,,IT,,,,,,,,,eze116@hotmail.com,,,,,,,,,Italia,,,,,,,,,,,,,,,,,,,,GUEST,FREE,,0,18/06/2026,FREDDO,,
SIC00386,386,PERSONA,81LEAD|ContattiMirco|Labotecnic1|Labotecnic2,Fabianobeltrami,,,,,,IT,,,,,,,,,fabianobeltrami@alice.it,,3933973850120,3933973850120,,,,,,Italia,,,,,,,,,,,,,,,,,,,,GUEST,FREE,,0,18/06/2026,FREDDO,,
SIC00387,387,PERSONA,81LEAD|ContattiMirco|EmailMirco|Labotecnic1|Labotecnic2,Fabianopigaiani,,,,,,IT,,,,,,,,,fabianopigaiani@libero.it,,3933323778310,3933323778310,,,,,,Italia,,,,,,,,,,,,,,,,,,,,GUEST,FREE,,0,18/06/2026,FREDDO,,
SIC00388,388,PERSONA,81LEAD|ContattiMirco|EmailMirco|Labotecnic1|Labotecnic2,Fabio,,,,,,IT,,,,,,,,,fabio@centrodicalcolo.it,,3934630484190,3934630484190,,,,,,Italia,,,,,,,,,,,,,,,,,,,,GUEST,FREE,,0,18/06/2026,FREDDO,,
SIC00389,389,PERSONA,81LEAD|ContattiMirco|Labotecnic1|Labotecnic2,Fabio92_3,,,,,,IT,,,,,,,,,fabio92_3@libero.it,,3934764950830,3934764950830,,,,,,Italia,,,,,,,,,,,,,,,,,,,,GUEST,FREE,,0,18/06/2026,FREDDO,,
SIC00390,390,PERSONA,81LEAD|ContattiMirco|EmailMirco|Labotecnic1|Labotecnic2,Fabiob,,,,,,IT,,,,,,,,,fabio1976b@gmail.com,,,,,,,,,Italia,,,,,,,,,,,,,,,,,,,,GUEST,FREE,,0,18/06/2026,FREDDO,,
SIC00391,391,PERSONA,81LEAD|ContattiMirco|EmailMirco|Labotecnic1|Labotecnic2,Fabiobernardinello457,,,,,,IT,,,,,,,,,fabiobernardinello457@live.it,,3934972094550,3934972094550,,,,,,Italia,,,,,,,,,,,,,,,,,,,,GUEST,FREE,,0,18/06/2026,FREDDO,,
SIC00392,392,PERSONA,81LEAD|ContattiMirco|EmailMirco|Labotecnic1|Labotecnic2,Fabiogazzini,,,,,,IT,,,,,,,,,fabiogazzini@me.com,,,,,,,,,Italia,,,,,,,,,,,,,,,,,,,,GUEST,FREE,,0,18/06/2026,FREDDO,,
SIC00393,393,PERSONA,81LEAD|ContattiMirco|EmailMirco|Labotecnic1|Labotecnic2,Fabioi3,,,,,,IT,,,,,,,,,fabioi3@yahoo.it,,,,,,,,,Italia,,,,,,,,,,,,,,,,,,,,GUEST,FREE,,0,18/06/2026,FREDDO,,
SIC00394,394,PERSONA,81LEAD|ContattiMirco|EmailMirco|Labotecnic1|Labotecnic2,Fabiomagnini,,,,,,IT,,,,,,,,,fabiomagnini@ymail.com,,,,,,,,,Italia,,,,,,,,,,,,,,,,,,,,GUEST,FREE,,0,18/06/2026,FREDDO,,
SIC00395,395,PERSONA,81LEAD|ContattiMirco|EmailMirco|Labotecnic1|Labotecnic2,Fabiomoresco,,,,,,IT,,,,,,,,,fabiomoresco@mac.com,,,,,,,,,Italia,,,,,,,,,,,,,,,,,,,,GUEST,FREE,,0,18/06/2026,FREDDO,,
SIC00396,396,PERSONA,81LEAD|ContattiMirco|EmailMirco,Fabmele,,,,,,IT,,,,,,,,,fab06mele@gmail.com,,3935016344050,3935016344050,,,,,,Italia,,,,,,,,,,,,,,,,,,,,GUEST,FREE,,0,18/06/2026,FREDDO,,
SIC00397,397,PERSONA,81LEAD|ContattiMirco|EmailMirco,Facebook,,,,,,IT,,,,,,,,,info+icxc262.aeavadqb3e@support.facebook.com,,,,,,,,,Italia,,,,,,,,,,,,,,,,,,,,GUEST,FREE,,0,18/06/2026,FREDDO,,
SIC00398,398,PERSONA,81LEAD|ContattiMirco|EmailMirco,Facebook,,,,,,IT,,,,,,,,,privacy+icrggvs.aea4677gokze4@support.facebook.com,,333541053900,333541053900,,,,,,Italia,,,,,,,,,,,,,,,,,,,,GUEST,FREE,,0,18/06/2026,FREDDO,,
SIC00399,399,PERSONA,81LEAD|ContattiMirco|EmailMirco|Labotecnic1|Labotecnic2,Falco341,,,,,,IT,,,,,,,,,falco341@gmail.com,,,,,,,,,Italia,,,,,,,,,,,,,,,,,,,,GUEST,FREE,,0,18/06/2026,FREDDO,,
SIC00400,400,PERSONA,81LEAD|ContattiMirco|EmailMirco|Labotecnic1|Labotecnic2,Faldutoluca73,,,,,,IT,,,,,,,,,faldutoluca73@gmail.com,,,,,,,,,Italia,,,,,,,,,,,,,,,,,,,,GUEST,FREE,,0,18/06/2026,FREDDO,,
SIC00401,401,PERSONA,81LEAD|EmailMirco,Falserbau,,,,,,IT,,,,,,,,,info@falserbau.it,,3904713534600,3904713534600,,,,,,Italia,,,,,,,,,,,,,,,,,,,,GUEST,FREE,,0,18/06/2026,FREDDO,,
SIC00402,402,PERSONA,81LEAD|ContattiMirco|EmailMirco|Labotecnic1|Labotecnic2,Familycapone,,,,,,IT,,,,,,,,,familycapone@libero.it,,,,,,,,,Italia,,,,,,,,,,,,,,,,,,,,GUEST,FREE,,0,18/06/2026,FREDDO,,
SIC00403,403,PERSONA,81LEAD|ContattiMirco|EmailMirco|Labotecnic1|Labotecnic2,Fantoni,,,,,,IT,,,,,,,,,fantoni@eredifantoni.it,,,,,,,,,Italia,,,,,,,,,,,,,,,,,,,,GUEST,FREE,,0,18/06/2026,FREDDO,,
SIC00404,404,PERSONA,81LEAD|ContattiMirco|EmailMirco|Labotecnic1|Labotecnic2,Farfalla77,,,,,,IT,,,,,,,,,farfalla77@live.com,,,,,,,,,Italia,,,,,,,,,,,,,,,,,,,,GUEST,FREE,,0,18/06/2026,FREDDO,,
SIC00405,405,PERSONA,81LEAD|ContattiMirco|EmailMirco|Labotecnic1|Labotecnic2,Fatokeaugustine,,,,,,IT,,,,,,,,,fatokeaugustine@gmail.com,,,,,,,,,Italia,,,,,,,,,,,,,,,,,,,,GUEST,FREE,,0,18/06/2026,FREDDO,,
SIC00406,406,PERSONA,81LEAD|ContattiMirco|EmailMirco|Labotecnic1|Labotecnic2,Fatture,,,,,,IT,,,,,,,,,fatture@euroports.it,,,,,,,,,Italia,,,,,,,,,,,,,,,,,,,,GUEST,FREE,,0,18/06/2026,FREDDO,,
SIC00407,407,PERSONA,81LEAD|ContattiMirco|EmailMirco|Labotecnic1|Labotecnic2,Faustofusetti65,,,,,,IT,,,,,,,,,faustofusetti65@gmail.com,,,,,,,,,Italia,,,,,,,,,,,,,,,,,,,,GUEST,FREE,,0,18/06/2026,FREDDO,,
SIC00408,408,PERSONA,81LEAD|ContattiMirco|EmailMirco|Labotecnic1|Labotecnic2,Favro_barbara,,,,,,IT,,,,,,,,,favro_barbara@hotmail.it,,39333574702500,39333574702500,,,,,,Italia,,,,,,,,,,,,,,,,,,,,GUEST,FREE,,0,18/06/2026,FREDDO,,
SIC00409,409,PERSONA,81LEAD|ContattiMirco|EmailMirco,Faxgratis,,,,,,IT,,,,,,,,,faxgratis@faxator.com,,348893070900,348893070900,,,,,,Italia,,,,,,,,,,,,,,,,,,,,GUEST,FREE,,0,18/06/2026,FREDDO,,
SIC00410,410,PERSONA,81LEAD|ContattiMirco|EmailMirco|Labotecnic1|Labotecnic2,Fdelon,,,,,,IT,,,,,,,,,fdelon@gmail.com,,,,,,,,,Italia,,,,,,,,,,,,,,,,,,,,GUEST,FREE,,0,18/06/2026,FREDDO,,
SIC00411,411,PERSONA,81LEAD|ContattiMirco|EmailMirco|Labotecnic1|Labotecnic2,Febalza,,,,,,IT,,,,,,,,,febalza@yahoo.com,,,,,,,,,Italia,,,,,,,,,,,,,,,,,,,,GUEST,FREE,,0,18/06/2026,FREDDO,,
SIC00412,412,PERSONA,ContattiMirco,Fecchio79,,,,,,IT,,,,,,,,,fecchio79@libero.it,,,,,,,,,Italia,,,,,,,,,,,,,,,,,,,,GUEST,FREE,,0,18/06/2026,FREDDO,,
SIC00413,413,PERSONA,81LEAD|ContattiMirco|EmailMirco|Labotecnic1|Labotecnic2,Fedeflorence,,,,,,IT,,,,,,,,,fedeflorence@hotmail.it,,,,,,,,,Italia,,,,,,,,,,,,,,,,,,,,GUEST,FREE,,0,18/06/2026,FREDDO,,
SIC00414,414,PERSONA,81LEAD|ContattiMirco|EmailMirco|Labotecnic1|Labotecnic2,Federico,,,,,,IT,,,,,,,,,federico@carbonera.net,,39389955584700,39389955584700,,,,,,Italia,,,,,,,,,,,,,,,,,,,,GUEST,FREE,,0,18/06/2026,FREDDO,,
SIC00415,415,PERSONA,ContattiMirco|Labotecnic1|Labotecnic2,Federico,,,,,,IT,,,,,,,,,fecchio.impianti@virgilio.it,,,,,,,,,Italia,,,,,,,,,,,,,,,,,,,,GUEST,FREE,,0,18/06/2026,FREDDO,,
SIC00416,416,PERSONA,81LEAD|ContattiMirco|Labotecnic1|Labotecnic2,Federico_spinadin,,,,,,IT,,,,,,,,,federico_spinadin@hotmail.it,,3934841251700,3934841251700,,,,,,Italia,,,,,,,,,,,,,,,,,,,,GUEST,FREE,,0,18/06/2026,FREDDO,,
SIC00417,417,PERSONA,81LEAD|ContattiMirco|EmailMirco|Labotecnic1|Labotecnic2,Federicotivelli,,,,,,IT,,,,,,,,,federicotivelli@libero.it,,,,,,,,,Italia,,,,,,,,,,,,,,,,,,,,GUEST,FREE,,0,18/06/2026,FREDDO,,
SIC00418,418,PERSONA,81LEAD|ContattiMirco|EmailMirco,Federpini,,,,,,IT,,,,,,,,,federpini@gmail.com,,,,,,,,,Italia,,,,,,,,,,,,,,,,,,,,GUEST,FREE,,0,18/06/2026,FREDDO,,
SIC00419,419,PERSONA,81LEAD|ContattiMirco|EmailMirco|Labotecnic1|Labotecnic2,Fefe7330,,,,,,IT,,,,,,,,,fefe7330@gmail.com,,,,,,,,,Italia,,,,,,,,,,,,,,,,,,,,GUEST,FREE,,0,18/06/2026,FREDDO,,
SIC00420,420,PERSONA,81LEAD|ContattiMirco|EmailMirco|Labotecnic1|Labotecnic2,Ferdi8306,,,,,,IT,,,,,,,,,ferdi8306@gmail.com,,,,,,,,,Italia,,,,,,,,,,,,,,,,,,,,GUEST,FREE,,0,18/06/2026,FREDDO,,
SIC00421,421,PERSONA,81LEAD|ContattiMirco|EmailMirco|Labotecnic1|Labotecnic2,Ferreroa1984,,,,,,IT,,,,,,,,,ferreroa1984@gmail.com,,,,,,,,,Italia,,,,,,,,,,,,,,,,,,,,GUEST,FREE,,0,18/06/2026,FREDDO,,
SIC00422,422,PERSONA,81LEAD|ContattiMirco|EmailMirco|Labotecnic1|Labotecnic2,Ferrodavide,,,,,,IT,,,,,,,,,ferrodavide@hotmail.com,,,,,,,,,Italia,,,,,,,,,,,,,,,,,,,,GUEST,FREE,,0,18/06/2026,FREDDO,,
SIC00423,423,PERSONA,81LEAD|ContattiMirco|EmailMirco|Labotecnic1|Labotecnic2,Ferry2005,,,,,,IT,,,,,,,,,ferry2005@email.it,,,,,,,,,Italia,,,,,,,,,,,,,,,,,,,,GUEST,FREE,,0,18/06/2026,FREDDO,,
SIC00424,424,PERSONA,81LEAD|ContattiMirco|EmailMirco|Labotecnic1|Labotecnic2,Ffrancescaromana,,,,,,IT,,,,,,,,,ffrancescaromana@gmail.com,,,,,,,,,Italia,,,,,,,,,,,,,,,,,,,,GUEST,FREE,,0,18/06/2026,FREDDO,,
SIC00425,425,PERSONA,81LEAD|ContattiMirco|EmailMirco|Labotecnic1|Labotecnic2,Fibi,,,,,,IT,,,,,,,,,fibi@libero.it,,,,,,,,,Italia,,,,,,,,,,,,,,,,,,,,GUEST,FREE,,0,18/06/2026,FREDDO,,
SIC00426,426,PERSONA,81LEAD|ContattiMirco|EmailMirco|Labotecnic1|Labotecnic2,Filippo,,,,,,IT,,,,,,,,,filippo@dottormartone.com,,3932928033800,3932928033800,,,,,,Italia,,,,,,,,,,,,,,,,,,,,GUEST,FREE,,0,18/06/2026,FREDDO,,
SIC00427,427,PERSONA,81LEAD|ContattiMirco|EmailMirco|Labotecnic1|Labotecnic2,Finottieros,,,,,,IT,,,,,,,,,finottieros@live.it,,,,,,,,,Italia,,,,,,,,,,,,,,,,,,,,GUEST,FREE,,0,18/06/2026,FREDDO,,
SIC00428,428,PERSONA,81LEAD|ContattiMirco|EmailMirco|Labotecnic1|Labotecnic2,Finottipaoloragioneria,,,,,,IT,,,,,,,,,finottipaoloragioneria@pcert.postecert.it,,,,,,,,,Italia,,,,,,,,,,,,,,,,,,,,GUEST,FREE,,0,18/06/2026,FREDDO,,
SIC00429,429,PERSONA,81LEAD|ContattiMirco|Labotecnic1|Labotecnic2,Fiorenzadegliesposti,,,,,,IT,,,,,,,,,fiorenzadegliesposti@tin.it,,,,,,,,,Italia,,,,,,,,,,,,,,,,,,,,GUEST,FREE,,0,18/06/2026,FREDDO,,
SIC00430,430,PERSONA,81LEAD|ContattiMirco|EmailMirco|Labotecnic1|Labotecnic2,Flavio_veronese,,,,,,IT,,,,,,,,,flavio_veronese@alice.it,,,,,,,,,Italia,,,,,,,,,,,,,,,,,,,,GUEST,FREE,,0,18/06/2026,FREDDO,,
SIC00431,431,PERSONA,81LEAD|ContattiMirco|EmailMirco|Labotecnic1|Labotecnic2,Flaviocesa,,,,,,IT,,,,,,,,,flaviocesa@hotmail.it,,,,,,,,,Italia,,,,,,,,,,,,,,,,,,,,GUEST,FREE,,0,18/06/2026,FREDDO,,
SIC00432,432,PERSONA,81LEAD|ContattiMirco|EmailMirco,Fleediego69,,,,,,IT,,,,,,,,,fleediego69@gmail.com,,,,,,,,,Italia,,,,,,,,,,,,,,,,,,,,GUEST,FREE,,0,18/06/2026,FREDDO,,
SIC00433,433,PERSONA,81LEAD|ContattiMirco|EmailMirco|Labotecnic1|Labotecnic2,Flicorno,,,,,,IT,,,,,,,,,flicorno@gmail.com,,39385806333500,39385806333500,,,,,,Italia,,,,,,,,,,,,,,,,,,,,GUEST,FREE,,0,18/06/2026,FREDDO,,
SIC00434,434,PERSONA,81LEAD|EmailMirco,FloraDesign,,,,,,IT,,,,,,,,,info@floradesign.it,,3939388923430,3939388923430,,,,,,Italia,,,,,,,,,,,,,,,,,,,,GUEST,FREE,,0,18/06/2026,FREDDO,,
SIC00435,435,PERSONA,81LEAD|ContattiMirco|EmailMirco|Labotecnic1|Labotecnic2,Fmasotti,,,,,,IT,,,,,,,,,fmasotti@tcravenna.it,,,,,,,,,Italia,,,,,,,,,,,,,,,,,,,,GUEST,FREE,,0,18/06/2026,FREDDO,,
SIC00436,436,PERSONA,81LEAD|ContattiMirco|EmailMirco|Labotecnic1|Labotecnic2,Fnardelli74,,,,,,IT,,,,,,,,,fnardelli74@gmail.com,,,,,,,,,Italia,,,,,,,,,,,,,,,,,,,,GUEST,FREE,,0,18/06/2026,FREDDO,,
SIC00437,437,PERSONA,81LEAD|ContattiMirco|EmailMirco|Labotecnic1|Labotecnic2,Fochielisa08,,,,,,IT,,,,,,,,,fochielisa08@gmail.com,,,,,,,,,Italia,,,,,,,,,,,,,,,,,,,,GUEST,FREE,,0,18/06/2026,FREDDO,,
SIC00438,438,PERSONA,81LEAD|ContattiMirco|EmailMirco,Fonsato,,,,,,IT,,,,,,,,,fonsato@libero.it,,340809734200,340809734200,,,,,,Italia,,,,,,,,,,,,,,,,,,,,GUEST,FREE,,0,18/06/2026,FREDDO,,
SIC00439,439,PERSONA,81LEAD|ContattiMirco|EmailMirco|Labotecnic1|Labotecnic2,Fonsatos,,,,,,IT,,,,,,,,,fonsatos@gmail.com,,,,,,,,,Italia,,,,,,,,,,,,,,,,,,,,GUEST,FREE,,0,18/06/2026,FREDDO,,
SIC00440,440,PERSONA,81LEAD|ContattiMirco|EmailMirco|Labotecnic1|Labotecnic2,Fonsoandrea,,,,,,IT,,,,,,,,,fonsoandrea@gmail.com,,3933384914370,3933384914370,,,,,,Italia,,,,,,,,,,,,,,,,,,,,GUEST,FREE,,0,18/06/2026,FREDDO,,
SIC00441,441,PERSONA,81LEAD|ContattiMirco|EmailMirco|Labotecnic1|Labotecnic2,Forazzo,,,,,,IT,,,,,,,,,forazzo@yahoo.com,,,,,,,,,Italia,,,,,,,,,,,,,,,,,,,,GUEST,FREE,,0,18/06/2026,FREDDO,,
SIC00442,442,PERSONA,81LEAD|ContattiMirco|EmailMirco|Labotecnic1|Labotecnic2,Forin,,,,,,IT,,,,,,,,,forin@pistorello.it,,,,,,,,,Italia,,,,,,,,,,,,,,,,,,,,GUEST,FREE,,0,18/06/2026,FREDDO,,
SIC00443,443,PERSONA,81LEAD|ContattiMirco|EmailMirco,Forlanfaria,,,,,,IT,,,,,,,,,forlanfaria@gmail.com,,,,,,,,,Italia,,,,,,,,,,,,,,,,,,,,GUEST,FREE,,0,18/06/2026,FREDDO,,
SIC00444,444,PERSONA,81LEAD|ContattiMirco|EmailMirco|Labotecnic1|Labotecnic2,Formicolatecla,,,,,,IT,,,,,,,,,formicolatecla@gmail.com,,,,,,,,,Italia,,,,,,,,,,,,,,,,,,,,GUEST,FREE,,0,18/06/2026,FREDDO,,
SIC00445,445,PERSONA,81LEAD|ContattiMirco|EmailMirco|Labotecnic1|Labotecnic2,Fotovoltaico,,,,,,IT,,,,,,,,,fotovoltaico@tasrl.it,,,,,,,,,Italia,,,,,,,,,,,,,,,,,,,,GUEST,FREE,,0,18/06/2026,FREDDO,,
SIC00446,446,PERSONA,81LEAD|ContattiMirco|EmailMirco|Labotecnic1|Labotecnic2,Fragonas,,,,,,IT,,,,,,,,,fragonas@tiscali.it,,,,,,,,,Italia,,,,,,,,,,,,,,,,,,,,GUEST,FREE,,0,18/06/2026,FREDDO,,
SIC00447,447,PERSONA,81LEAD|ContattiMirco|EmailMirco|Labotecnic1|Labotecnic2,Franca_caccia,,,,,,IT,,,,,,,,,franca_caccia@libero.it,,39338596530800,39338596530800,,,,,,Italia,,,,,,,,,,,,,,,,,,,,GUEST,FREE,,0,18/06/2026,FREDDO,,
SIC00448,448,PERSONA,81LEAD|ContattiMirco|EmailMirco|Labotecnic1|Labotecnic2,Francescabassi73,,,,,,IT,,,,,,,,,francescabassi73@yahoo.it,,,,,,,,,Italia,,,,,,,,,,,,,,,,,,,,GUEST,FREE,,0,18/06/2026,FREDDO,,
SIC00449,449,PERSONA,81LEAD|ContattiMirco|EmailMirco|Labotecnic1|Labotecnic2,Francescagobesso,,,,,,IT,,,,,,,,,francescagobesso@hotmail.com,,,,,,,,,Italia,,,,,,,,,,,,,,,,,,,,GUEST,FREE,,0,18/06/2026,FREDDO,,
SIC00450,450,PERSONA,81LEAD|ContattiMirco|EmailMirco|Labotecnic1|Labotecnic2,Francescaliccardi,,,,,,IT,,,,,,,,,francescaliccardi@hotmail.com,,3932854988990,3932854988990,,,,,,Italia,,,,,,,,,,,,,,,,,,,,GUEST,FREE,,0,18/06/2026,FREDDO,,
SIC00451,451,PERSONA,81LEAD|ContattiMirco|EmailMirco|Labotecnic1|Labotecnic2,Francesco_barengo,,,,,,IT,,,,,,,,,francesco_barengo@libero.it,,,,,,,,,Italia,,,,,,,,,,,,,,,,,,,,GUEST,FREE,,0,18/06/2026,FREDDO,,
SIC00452,452,PERSONA,81LEAD|ContattiMirco|EmailMirco|Labotecnic1|Labotecnic2,Francescogeomverzola,,,,,,IT,,,,,,,,,francescogeomverzola@gmail.com,,3934919904070,3934919904070,,,,,,Italia,,,,,,,,,,,,,,,,,,,,GUEST,FREE,,0,18/06/2026,FREDDO,,
SIC00453,453,PERSONA,81LEAD|ContattiMirco|EmailMirco|Labotecnic1|Labotecnic2,Francescosalviato3,,,,,,IT,,,,,,,,,francescosalviato3@gmail.com,,,,,,,,,Italia,,,,,,,,,,,,,,,,,,,,GUEST,FREE,,0,18/06/2026,FREDDO,,
SIC00454,454,PERSONA,81LEAD|ContattiMirco|EmailMirco,Franciscaidris40,,,,,,IT,,,,,,,,,franciscaidris40@gmail.com,,339665746800,339665746800,,,,,,Italia,,,,,,,,,,,,,,,,,,,,GUEST,FREE,,0,18/06/2026,FREDDO,,
SIC00455,455,PERSONA,81LEAD|ContattiMirco|EmailMirco,FrancoNeri-BG,,,,,,IT,,,,,,,,,franconeri51@gmail.com,,3933580556870,3933580556870,,,,,,Italia,,,,,,,,,,,,,,,,,,,,GUEST,FREE,,0,18/06/2026,FREDDO,,
SIC00456,456,PERSONA,81LEAD|ContattiMirco|EmailMirco,Francodetuglie,,,,,,IT,,,,,,,,,francodetuglie@gmail.com,,,,,,,,,Italia,,,,,,,,,,,,,,,,,,,,GUEST,FREE,,0,18/06/2026,FREDDO,,
SIC00457,457,PERSONA,81LEAD|ContattiMirco|EmailMirco|Labotecnic1|Labotecnic2,Francybresciani,,,,,,IT,,,,,,,,,francybresciani@me.com,,,,,,,,,Italia,,,,,,,,,,,,,,,,,,,,GUEST,FREE,,0,18/06/2026,FREDDO,,
SIC00458,458,PERSONA,81LEAD|ContattiMirco|EmailMirco|Labotecnic1|Labotecnic2,Frankiedj,,,,,,IT,,,,,,,,,frankiedj@alice.it,,,,,,,,,Italia,,,,,,,,,,,,,,,,,,,,GUEST,FREE,,0,18/06/2026,FREDDO,,
SIC00459,459,PERSONA,81LEAD|ContattiMirco|Labotecnic1|Labotecnic2,Franzonstefano86,,,,,,IT,,,,,,,,,franzonstefano86@gmail.com,,3933964077830,3933964077830,,,,,,Italia,,,,,,,,,,,,,,,,,,,,GUEST,FREE,,0,18/06/2026,FREDDO,,
SIC00460,460,PERSONA,81LEAD|ContattiMirco,Fregugliajuri,,,,,,IT,,,,,,,,,fregugliajuri@gmail.com,,,,,,,,,Italia,,,,,,,,,,,,,,,,,,,,GUEST,FREE,,0,18/06/2026,FREDDO,,
SIC00461,461,PERSONA,81LEAD|ContattiMirco|EmailMirco|Labotecnic1|Labotecnic2,Frkl,,,,,,IT,,,,,,,,,frkl@libero.it,,,,,,,,,Italia,,,,,,,,,,,,,,,,,,,,GUEST,FREE,,0,18/06/2026,FREDDO,,
SIC00462,462,PERSONA,81LEAD|ContattiMirco,Fseformazione,,,,,,IT,,,,,,,,,fseformazione@ascomrovigo.it,,,,,,,,,Italia,,,,,,,,,,,,,,,,,,,,GUEST,FREE,,0,18/06/2026,FREDDO,,
SIC00463,463,PERSONA,81LEAD|ContattiMirco|EmailMirco|Labotecnic1|Labotecnic2,Fulvio,,,,,,IT,,,,,,,,,fulvio@finottofulvio.com,,,,,,,,,Italia,,,,,,,,,,,,,,,,,,,,GUEST,FREE,,0,18/06/2026,FREDDO,,
SIC00464,464,PERSONA,81LEAD|ContattiMirco|EmailMirco|Labotecnic1|Labotecnic2,Fuoriclasse217,,,,,,IT,,,,,,,,,fuoriclasse217@gmail.com,,,,,,,,,Italia,,,,,,,,,,,,,,,,,,,,GUEST,FREE,,0,18/06/2026,FREDDO,,
SIC00465,465,PERSONA,81LEAD|ContattiMirco|EmailMirco|Labotecnic1|Labotecnic2,Fvallese1,,,,,,IT,,,,,,,,,fvallese1@virgilio.it,,,,,,,,,Italia,,,,,,,,,,,,,,,,,,,,GUEST,FREE,,0,18/06/2026,FREDDO,,
SIC00466,466,PERSONA,81LEAD|ContattiMirco|EmailMirco|Labotecnic1|Labotecnic2,Gaal,,,,,,IT,,,,,,,,,gaal@inwind.it,,,,,,,,,Italia,,,,,,,,,,,,,,,,,,,,GUEST,FREE,,0,18/06/2026,FREDDO,,
SIC00467,467,PERSONA,81LEAD|ContattiMirco|Labotecnic1|Labotecnic2,Gabrielebovolenta,,,,,,IT,,,,,,,,,gabrielebovolenta@virgilio.it,,,,,,,,,Italia,,,,,,,,,,,,,,,,,,,,GUEST,FREE,,0,18/06/2026,FREDDO,,
SIC00468,468,PERSONA,81LEAD|ContattiMirco|EmailMirco|Labotecnic1|Labotecnic2,Gabrielegiatti,,,,,,IT,,,,,,,,,gabrielegiatti@alice.it,,,,,,,,,Italia,,,,,,,,,,,,,,,,,,,,GUEST,FREE,,0,18/06/2026,FREDDO,,
SIC00469,469,PERSONA,81LEAD|ContattiMirco|Labotecnic1|Labotecnic2,Gabrielemazzaro,,,,,,IT,,,,,,,,,gabrielemazzaro@finproject.biz,,,,,,,,,Italia,,,,,,,,,,,,,,,,,,,,GUEST,FREE,,0,18/06/2026,FREDDO,,
SIC00470,470,PERSONA,81LEAD|ContattiMirco|EmailMirco|Labotecnic1|Labotecnic2,Gabrydematte,,,,,,IT,,,,,,,,,gabrydematte@gmail.com,,,,,,,,,Italia,,,,,,,,,,,,,,,,,,,,GUEST,FREE,,0,18/06/2026,FREDDO,,
SIC00471,471,PERSONA,81LEAD|ContattiMirco|EmailMirco|Labotecnic1|Labotecnic2,Gaetanosicurello,,,,,,IT,,,,,,,,,gaetanosicurello@gmail.com,,3934972270680,3934972270680,,,,,,Italia,,,,,,,,,,,,,,,,,,,,GUEST,FREE,,0,18/06/2026,FREDDO,,
SIC00472,472,PERSONA,81LEAD|ContattiMirco|EmailMirco|Labotecnic1|Labotecnic2,Garofaloa68,,,,,,IT,,,,,,,,,garofaloa68@gmail.com,,,,,,,,,Italia,,,,,,,,,,,,,,,,,,,,GUEST,FREE,,0,18/06/2026,FREDDO,,
SIC00473,473,PERSONA,81LEAD|ContattiMirco|EmailMirco|Labotecnic1|Labotecnic2,Gattaliu,,,,,,IT,,,,,,,,,gattaliu@tiscalinet.it,,,,,,,,,Italia,,,,,,,,,,,,,,,,,,,,GUEST,FREE,,0,18/06/2026,FREDDO,,
SIC00474,474,PERSONA,81LEAD|ContattiMirco|EmailMirco|Labotecnic1|Labotecnic2,Gattoelia8,,,,,,IT,,,,,,,,,gattoelia8@gcom.it,,,,,,,,,Italia,,,,,,,,,,,,,,,,,,,,GUEST,FREE,,0,18/06/2026,FREDDO,,
SIC00475,475,PERSONA,81LEAD|ContattiMirco|EmailMirco|Labotecnic1|Labotecnic2,Gavioli,,,,,,IT,,,,,,,,,gavioli@ater.rovigo.it,,,,,,,,,Italia,,,,,,,,,,,,,,,,,,,,GUEST,FREE,,0,18/06/2026,FREDDO,,
SIC00476,476,PERSONA,81LEAD|ContattiMirco|EmailMirco|Labotecnic1|Labotecnic2,Gboem,,,,,,IT,,,,,,,,,gboem@equipefinance.it,,,,,,,,,Italia,,,,,,,,,,,,,,,,,,,,GUEST,FREE,,0,18/06/2026,FREDDO,,
SIC00477,477,PERSONA,81LEAD|ContattiMirco|EmailMirco|Labotecnic1|Labotecnic2,Gcab5197,,,,,,IT,,,,,,,,,gcab5197@gmail.com,,3934773853640,3934773853640,,,,,,Italia,,,,,,,,,,,,,,,,,,,,GUEST,FREE,,0,18/06/2026,FREDDO,,
SIC00478,478,PERSONA,81LEAD|ContattiMirco|EmailMirco|Labotecnic1|Labotecnic2,Gelateriamimosa,,,,,,IT,,,,,,,,,gelateriamimosa@virgilio.it,,,,,,,,,Italia,,,,,,,,,,,,,,,,,,,,GUEST,FREE,,0,18/06/2026,FREDDO,,
SIC00479,479,PERSONA,81LEAD|ContattiMirco|EmailMirco|Labotecnic1|Labotecnic2,Gennarodimarzo1963,,,,,,IT,,,,,,,,,gennarodimarzo1963@gmail.com,,,,,,,,,Italia,,,,,,,,,,,,,,,,,,,,GUEST,FREE,,0,18/06/2026,FREDDO,,
SIC00480,480,PERSONA,81LEAD|ContattiMirco|EmailMirco|Labotecnic1|Labotecnic2,Gennaroleone75,,,,,,IT,,,,,,,,,gennaroleone75@gmail.com,,,,,,,,,Italia,,,,,,,,,,,,,,,,,,,,GUEST,FREE,,0,18/06/2026,FREDDO,,
SIC00481,481,PERSONA,81LEAD|ContattiMirco|EmailMirco|Labotecnic1|Labotecnic2,Geoberni,,,,,,IT,,,,,,,,,geoberni@hotmail.it,,,,,,,,,Italia,,,,,,,,,,,,,,,,,,,,GUEST,FREE,,0,18/06/2026,FREDDO,,
SIC00482,482,PERSONA,81LEAD|ContattiMirco|EmailMirco|Labotecnic1|Labotecnic2,Geologia,,,,,,IT,,,,,,,,,geologia@sigeo.info,,,,,,,,,Italia,,,,,,,,,,,,,,,,,,,,GUEST,FREE,,0,18/06/2026,FREDDO,,
SIC00483,483,PERSONA,81LEAD|ContattiMirco|EmailMirco|Labotecnic1|Labotecnic2,Geomax_mc,,,,,,IT,,,,,,,,,geomax_mc@libero.it,,,,,,,,,Italia,,,,,,,,,,,,,,,,,,,,GUEST,FREE,,0,18/06/2026,FREDDO,,
SIC00484,484,PERSONA,81LEAD|ContattiMirco|EmailMirco|Labotecnic1|Labotecnic2,Geomberto,,,,,,IT,,,,,,,,,geomberto@libero.it,,,,,,,,,Italia,,,,,,,,,,,,,,,,,,,,GUEST,FREE,,0,18/06/2026,FREDDO,,
SIC00485,485,PERSONA,81LEAD|ContattiMirco|EmailMirco|Labotecnic1|Labotecnic2,Geometra,,,,,,IT,,,,,,,,,geometra@federicogazzetta.it,,,,,,,,,Italia,,,,,,,,,,,,,,,,,,,,GUEST,FREE,,0,18/06/2026,FREDDO,,
SIC00486,486,PERSONA,81LEAD|ContattiMirco|EmailMirco|Labotecnic1|Labotecnic2,Geometragfm,,,,,,IT,,,,,,,,,geometragfm@virgilio.it,,,,,,,,,Italia,,,,,,,,,,,,,,,,,,,,GUEST,FREE,,0,18/06/2026,FREDDO,,
SIC00487,487,PERSONA,81LEAD|ContattiMirco|EmailMirco|Labotecnic1|Labotecnic2,Geommosca,,,,,,IT,,,,,,,,,geommosca@libero.it,,,,,,,,,Italia,,,,,,,,,,,,,,,,,,,,GUEST,FREE,,0,18/06/2026,FREDDO,,
SIC00488,488,PERSONA,81LEAD|ContattiMirco|EmailMirco|Labotecnic1|Labotecnic2,Geompavasini,,,,,,IT,,,,,,,,,geompavasini@gmail.com,,,,,,,,,Italia,,,,,,,,,,,,,,,,,,,,GUEST,FREE,,0,18/06/2026,FREDDO,,
SIC00489,489,PERSONA,81LEAD|ContattiMirco|EmailMirco|Labotecnic1|Labotecnic2,Geomsoncin,,,,,,IT,,,,,,,,,geomsoncin@tin.it,,,,,,,,,Italia,,,,,,,,,,,,,,,,,,,,GUEST,FREE,,0,18/06/2026,FREDDO,,
SIC00490,490,PERSONA,81LEAD|ContattiMirco|EmailMirco|Labotecnic1|Labotecnic2,Geomstefanocarboni,,,,,,IT,,,,,,,,,geomstefanocarboni@libero.it,,,,,,,,,Italia,,,,,,,,,,,,,,,,,,,,GUEST,FREE,,0,18/06/2026,FREDDO,,
SIC00491,491,PERSONA,81LEAD|ContattiMirco|EmailMirco|Labotecnic1|Labotecnic2,Geopalitalia,,,,,,IT,,,,,,,,,geopalitalia@gmail.com,,,,,,,,,Italia,,,,,,,,,,,,,,,,,,,,GUEST,FREE,,0,18/06/2026,FREDDO,,
SIC00492,492,PERSONA,81LEAD|ContattiMirco|EmailMirco|Labotecnic1|Labotecnic2,Georgsamuel,,,,,,IT,,,,,,,,,georgsamuel@gmail.com,,,,,,,,,Italia,,,,,,,,,,,,,,,,,,,,GUEST,FREE,,0,18/06/2026,FREDDO,,
SIC00493,493,PERSONA,81LEAD|ContattiMirco|EmailMirco|Labotecnic1|Labotecnic2,Georubi,,,,,,IT,,,,,,,,,georubi@libero.it,,,,,,,,,Italia,,,,,,,,,,,,,,,,,,,,GUEST,FREE,,0,18/06/2026,FREDDO,,
SIC00494,494,PERSONA,81LEAD|ContattiMirco|EmailMirco|Labotecnic1|Labotecnic2,Geoumbe,,,,,,IT,,,,,,,,,geoumbe@libero.it,,,,,,,,,Italia,,,,,,,,,,,,,,,,,,,,GUEST,FREE,,0,18/06/2026,FREDDO,,
SIC00495,495,PERSONA,81LEAD|ContattiMirco|EmailMirco|Labotecnic1|Labotecnic2,Gepo69,,,,,,IT,,,,,,,,,gepo69@alice.it,,,,,,,,,Italia,,,,,,,,,,,,,,,,,,,,GUEST,FREE,,0,18/06/2026,FREDDO,,
SIC00496,496,PERSONA,81LEAD|ContattiMirco|EmailMirco|Labotecnic1|Labotecnic2,Geppino,,,,,,IT,,,,,,,,,info.cagepa@gmail.com,,,,,,,,,Italia,,,,,,,,,,,,,,,,,,,,GUEST,FREE,,0,18/06/2026,FREDDO,,
SIC00497,497,PERSONA,81LEAD|ContattiMirco|EmailMirco|Labotecnic1|Labotecnic2,Germanmi,,,,,,IT,,,,,,,,,germanmi@tin.it,,,,,,,,,Italia,,,,,,,,,,,,,,,,,,,,GUEST,FREE,,0,18/06/2026,FREDDO,,
SIC00498,498,PERSONA,81LEAD|ContattiMirco|EmailMirco|Labotecnic1|Labotecnic2,Gessicaferro85,,,,,,IT,,,,,,,,,gessicaferro85@gmail.com,,,,,,,,,Italia,,,,,,,,,,,,,,,,,,,,GUEST,FREE,,0,18/06/2026,FREDDO,,
SIC00499,499,PERSONA,81LEAD|ContattiMirco|EmailMirco,Gestionedocumenticlientimerciaida,,,,,,IT,,,,,,,,,gestionedocumenticlientimerciaida@posteitaliane.it,,39347588579500,39347588579500,,,,,,Italia,,,,,,,,,,,,,,,,,,,,GUEST,FREE,,0,18/06/2026,FREDDO,,
SIC00500,500,PERSONA,81LEAD|ContattiMirco|EmailMirco,Gesu2406,,,,,,IT,,,,,,,,,gesu2406@gmail.com,,3934943398600,3934943398600,,,,,,Italia,,,,,,,,,,,,,,,,,,,,GUEST,FREE,,0,18/06/2026,FREDDO,,
SIC00501,501,PERSONA,81LEAD|ContattiMirco|EmailMirco|Labotecnic1|Labotecnic2,Gherardinivittorio,,,,,,IT,,,,,,,,,gherardinivittorio@gmail.com,,,,,,,,,Italia,,,,,,,,,,,,,,,,,,,,GUEST,FREE,,0,18/06/2026,FREDDO,,
SIC00502,502,PERSONA,81LEAD|ContattiMirco|EmailMirco|Labotecnic1|Labotecnic2,Ghezzog,,,,,,IT,,,,,,,,,ghezzog@alice.it,,,,,,,,,Italia,,,,,,,,,,,,,,,,,,,,GUEST,FREE,,0,18/06/2026,FREDDO,,
SIC00503,503,PERSONA,81LEAD|ContattiMirco|EmailMirco,Giacomo,,,,,,IT,,,,,,,,,giacomo@giacomofreddi.it,,,,,,,,,Italia,,,,,,,,,,,,,,,,,,,,GUEST,FREE,,0,18/06/2026,FREDDO,,
SIC00504,504,PERSONA,81LEAD|ContattiMirco|EmailMirco|Labotecnic1|Labotecnic2,Giacomotuzza,,,,,,IT,,,,,,,,,giacomotuzza@libero.it,,,,,,,,,Italia,,,,,,,,,,,,,,,,,,,,GUEST,FREE,,0,18/06/2026,FREDDO,,
SIC00505,505,PERSONA,81LEAD|ContattiMirco|EmailMirco|Labotecnic1|Labotecnic2,Giaconthomas,,,,,,IT,,,,,,,,,giaconthomas@libero.it,,,,,,,,,Italia,,,,,,,,,,,,,,,,,,,,GUEST,FREE,,0,18/06/2026,FREDDO,,
SIC00506,506,PERSONA,81LEAD|ContattiMirco|EmailMirco,Giametta,,,,,,IT,,,,,,,,,info@giammetta.it,,3909239414700,3909239414700,,,,,,Italia,,,,,,,,,,,,,,,,,,,,GUEST,FREE,,0,18/06/2026,FREDDO,,
SIC00507,507,PERSONA,81LEAD|ContattiMirco|EmailMirco|Labotecnic1|Labotecnic2,Giampaoloantonio,,,,,,IT,,,,,,,,,giampaoloantonio@tiscali.it,,,,,,,,,Italia,,,,,,,,,,,,,,,,,,,,GUEST,FREE,,0,18/06/2026,FREDDO,,
SIC00508,508,PERSONA,81LEAD|ContattiMirco|EmailMirco|Labotecnic1|Labotecnic2,Giampaolobaccaglini,,,,,,IT,,,,,,,,,giampaolobaccaglini@virgilio.it,,3934521501980,3934521501980,,,,,,Italia,,,,,,,,,,,,,,,,,,,,GUEST,FREE,,0,18/06/2026,FREDDO,,
SIC00509,509,PERSONA,81LEAD|ContattiMirco|EmailMirco|Labotecnic1|Labotecnic2,Giampietro,,,,,,IT,,,,,,,,,giampietro@studiosaccon.it,,,,,,,,,Italia,,,,,,,,,,,,,,,,,,,,GUEST,FREE,,0,18/06/2026,FREDDO,,
SIC00510,510,PERSONA,81LEAD|ContattiMirco|Labotecnic1|Labotecnic2,Gianfrancacris,,,,,,IT,,,,,,,,,gianfrancacris@gmail.com,,3932895741250,3932895741250,,,,,,Italia,,,,,,,,,,,,,,,,,,,,GUEST,FREE,,0,18/06/2026,FREDDO,,
SIC00511,511,PERSONA,81LEAD|ContattiMirco|EmailMirco|Labotecnic1|Labotecnic2,Gianfrancogriggio,,,,,,IT,,,,,,,,,gianfrancogriggio@tin.it,,3933576275720,3933576275720,,,,,,Italia,,,,,,,,,,,,,,,,,,,,GUEST,FREE,,0,18/06/2026,FREDDO,,
SIC00512,512,PERSONA,81LEAD|ContattiMirco|EmailMirco|Labotecnic1|Labotecnic2,Gianfrancolosi,,,,,,IT,,,,,,,,,gianfrancolosi@katamail.com,,,,,,,,,Italia,,,,,,,,,,,,,,,,,,,,GUEST,FREE,,0,18/06/2026,FREDDO,,
SIC00513,513,PERSONA,81LEAD|ContattiMirco|EmailMirco|Labotecnic1|Labotecnic2,Giankipoc,,,,,,IT,,,,,,,,,giankipoc@outlook.it,,,,,,,,,Italia,,,,,,,,,,,,,,,,,,,,GUEST,FREE,,0,18/06/2026,FREDDO,,
SIC00514,514,PERSONA,81LEAD|ContattiMirco|EmailMirco|Labotecnic1|Labotecnic2,Gianlucacarraro,,,,,,IT,,,,,,,,,gianlucacarraro@iol.it,,3932062941160,3932062941160,,,,,,Italia,,,,,,,,,,,,,,,,,,,,GUEST,FREE,,0,18/06/2026,FREDDO,,
SIC00515,515,PERSONA,81LEAD|ContattiMirco|EmailMirco,Gianlucaloi69,,,,,,IT,,,,,,,,,gianlucaloi69@gmail.com,,,,,,,,,Italia,,,,,,,,,,,,,,,,,,,,GUEST,FREE,,0,18/06/2026,FREDDO,,
SIC00516,516,PERSONA,81LEAD|ContattiMirco|EmailMirco|Labotecnic1|Labotecnic2,Gianlucapignotti,,,,,,IT,,,,,,,,,gianlucapignotti@tiscali.it,,,,,,,,,Italia,,,,,,,,,,,,,,,,,,,,GUEST,FREE,,0,18/06/2026,FREDDO,,
SIC00517,517,PERSONA,81LEAD|ContattiMirco|EmailMirco,Gianni,,,,,,IT,,,,,,,,,gianni@gagliardo.it,,,,,,,,,Italia,,,,,,,,,,,,,,,,,,,,GUEST,FREE,,0,18/06/2026,FREDDO,,
SIC00518,518,PERSONA,81LEAD|ContattiMirco|EmailMirco|Labotecnic1|Labotecnic2,Giannibeninca,,,,,,IT,,,,,,,,,giannibeninca@libero.it,,,,,,,,,Italia,,,,,,,,,,,,,,,,,,,,GUEST,FREE,,0,18/06/2026,FREDDO,,
SIC00519,519,PERSONA,81LEAD|ContattiMirco|EmailMirco|Labotecnic1|Labotecnic2,Giannibuldo,,,,,,IT,,,,,,,,,giannibuldo@yahoo.it,,3933569246480,3933569246480,,,,,,Italia,,,,,,,,,,,,,,,,,,,,GUEST,FREE,,0,18/06/2026,FREDDO,,
SIC00520,520,PERSONA,81LEAD|ContattiMirco|EmailMirco|Labotecnic1|Labotecnic2,Gianniscanu,,,,,,IT,,,,,,,,,gianniscanu@alice.it,,,,,,,,,Italia,,,,,,,,,,,,,,,,,,,,GUEST,FREE,,0,18/06/2026,FREDDO,,
SIC00521,521,PERSONA,81LEAD|ContattiMirco|EmailMirco|Labotecnic1|Labotecnic2,Gianpietropea,,,,,,IT,,,,,,,,,gianpietropea@hotmail.it,,,,,,,,,Italia,,,,,,,,,,,,,,,,,,,,GUEST,FREE,,0,18/06/2026,FREDDO,,
SIC00522,522,PERSONA,81LEAD|ContattiMirco|EmailMirco|Labotecnic1|Labotecnic2,Giattiluciano,,,,,,IT,,,,,,,,,giattiluciano@gmail.com,,3934770489240,3934770489240,,,,,,Italia,,,,,,,,,,,,,,,,,,,,GUEST,FREE,,0,18/06/2026,FREDDO,,
SIC00523,523,PERSONA,81LEAD|ContattiMirco|EmailMirco|Labotecnic1|Labotecnic2,Gibinivan,,,,,,IT,,,,,,,,,gibinivan@libero.it,,,,,,,,,Italia,,,,,,,,,,,,,,,,,,,,GUEST,FREE,,0,18/06/2026,FREDDO,,
SIC00524,524,PERSONA,81LEAD|ContattiMirco|EmailMirco|Labotecnic1|Labotecnic2,Gigisabia70,,,,,,IT,,,,,,,,,gigisabia70@gmail.com,,,,,,,,,Italia,,,,,,,,,,,,,,,,,,,,GUEST,FREE,,0,18/06/2026,FREDDO,,
SIC00525,525,PERSONA,81LEAD|ContattiMirco|EmailMirco|Labotecnic1|Labotecnic2,Gimmilanza,,,,,,IT,,,,,,,,,gimmilanza@hotmail.it,,,,,,,,,Italia,,,,,,,,,,,,,,,,,,,,GUEST,FREE,,0,18/06/2026,FREDDO,,
SIC00526,526,PERSONA,81LEAD|ContattiMirco|EmailMirco|Labotecnic1|Labotecnic2,Gino,,,,,,IT,,,,,,,,,gino@strovigo.com,,39345360916800,39345360916800,,,,,,Italia,,,,,,,,,,,,,,,,,,,,GUEST,FREE,,0,18/06/2026,FREDDO,,
SIC00527,527,PERSONA,81LEAD|ContattiMirco|EmailMirco|Labotecnic1|Labotecnic2,Ginosafranco1,,,,,,IT,,,,,,,,,ginosafranco1@gmail.com,,,,,,,,,Italia,,,,,,,,,,,,,,,,,,,,GUEST,FREE,,0,18/06/2026,FREDDO,,
SIC00528,528,PERSONA,81LEAD|ContattiMirco|EmailMirco|Labotecnic1|Labotecnic2,Giofavarotto,,,,,,IT,,,,,,,,,giofavarotto@tiscali.it,,,,,,,,,Italia,,,,,,,,,,,,,,,,,,,,GUEST,FREE,,0,18/06/2026,FREDDO,,
SIC00529,529,PERSONA,81LEAD|ContattiMirco|EmailMirco,Giorgian,,,,,,IT,,,,,,,,,giorgian@venditaautomatica.com,,,,,,,,,Italia,,,,,,,,,,,,,,,,,,,,GUEST,FREE,,0,18/06/2026,FREDDO,,
SIC00530,530,PERSONA,81LEAD|ContattiMirco|EmailMirco|Labotecnic1|Labotecnic2,Giorgio_pizzolato,,,,,,IT,,,,,,,,,giorgio_pizzolato@libero.it,,3934848503610,3934848503610,,,,,,Italia,,,,,,,,,,,,,,,,,,,,GUEST,FREE,,0,18/06/2026,FREDDO,,
SIC00531,531,PERSONA,81LEAD|ContattiMirco|EmailMirco|Labotecnic1|Labotecnic2,Giorgiozamara,,,,,,IT,,,,,,,,,giorgiozamara@gmail.com,,,,,,,,,Italia,,,,,,,,,,,,,,,,,,,,GUEST,FREE,,0,18/06/2026,FREDDO,,
SIC00532,532,PERSONA,81LEAD|ContattiMirco|EmailMirco|Labotecnic1|Labotecnic2,Giovannaguazzelli1961,,,,,,IT,,,,,,,,,giovannaguazzelli1961@gmail.com,,3934274179490,3934274179490,,,,,,Italia,,,,,,,,,,,,,,,,,,,,GUEST,FREE,,0,18/06/2026,FREDDO,,
SIC00533,533,PERSONA,81LEAD|ContattiMirco|EmailMirco|Labotecnic1|Labotecnic2,Giovannalubjan,,,,,,IT,,,,,,,,,giovannalubjan@gmail.com,,3934985880100,3934985880100,,,,,,Italia,,,,,,,,,,,,,,,,,,,,GUEST,FREE,,0,18/06/2026,FREDDO,,
SIC00534,534,PERSONA,81LEAD|ContattiMirco|EmailMirco,Giovanni,,,,,,IT,,,,,,,,,edil.future@gmail.com,,3933885435870,3933885435870,,,,,,Italia,,,,,,,,,,,,,,,,,,,,GUEST,FREE,,0,18/06/2026,FREDDO,,
SIC00535,535,PERSONA,81LEAD|ContattiMirco|EmailMirco,Giovanni,,,,,,IT,,,,,,,,,giovanni@giovannibillo.it,,3934796372120,3934796372120,,,,,,Italia,,,,,,,,,,,,,,,,,,,,GUEST,FREE,,0,18/06/2026,FREDDO,,
SIC00536,536,PERSONA,81LEAD|ContattiMirco|EmailMirco|Labotecnic1|Labotecnic2,Giovanni_casazza,,,,,,IT,,,,,,,,,giovanni_casazza@virgilio.it,,3934505871090,3934505871090,,,,,,Italia,,,,,,,,,,,,,,,,,,,,GUEST,FREE,,0,18/06/2026,FREDDO,,
SIC00537,537,PERSONA,81LEAD|ContattiMirco|EmailMirco|Labotecnic1|Labotecnic2,Giovanniapanunzio,,,,,,IT,,,,,,,,,giovanniapanunzio@gmail.com,,,,,,,,,Italia,,,,,,,,,,,,,,,,,,,,GUEST,FREE,,0,18/06/2026,FREDDO,,
SIC00538,538,PERSONA,81LEAD|ContattiMirco|EmailMirco|Labotecnic1|Labotecnic2,Giovanniboscolo,,,,,,IT,,,,,,,,,giovanniboscolo@tiscali.it,,,,,,,,,Italia,,,,,,,,,,,,,,,,,,,,GUEST,FREE,,0,18/06/2026,FREDDO,,
SIC00539,539,PERSONA,81LEAD|ContattiMirco|EmailMirco|Labotecnic1|Labotecnic2,Giovannicannella,,,,,,IT,,,,,,,,,giovannicannella@tiscali.it,,3933512884460,3933512884460,,,,,,Italia,,,,,,,,,,,,,,,,,,,,GUEST,FREE,,0,18/06/2026,FREDDO,,
SIC00540,540,PERSONA,81LEAD|ContattiMirco|EmailMirco|Labotecnic1|Labotecnic2,Giovanniciviero,,,,,,IT,,,,,,,,,giovanniciviero@libero.it,,,,,,,,,Italia,,,,,,,,,,,,,,,,,,,,GUEST,FREE,,0,18/06/2026,FREDDO,,
SIC00541,541,PERSONA,81LEAD|ContattiMirco|EmailMirco|Labotecnic1|Labotecnic2,Giovannilaterza,,,,,,IT,,,,,,,,,giovannilaterza@libero.it,,3932992674000,3932992674000,,,,,,Italia,,,,,,,,,,,,,,,,,,,,GUEST,FREE,,0,18/06/2026,FREDDO,,
SIC00542,542,PERSONA,81LEAD|ContattiMirco|EmailMirco|Labotecnic1|Labotecnic2,Gippep,,,,,,IT,,,,,,,,,gippep@gmail.com,,,,,,,,,Italia,,,,,,,,,,,,,,,,,,,,GUEST,FREE,,0,18/06/2026,FREDDO,,
SIC00543,543,PERSONA,81LEAD|ContattiMirco|EmailMirco|Labotecnic1|Labotecnic2,Girottodiego,,,,,,IT,,,,,,,,,girottodiego@libero.it,,,,,,,,,Italia,,,,,,,,,,,,,,,,,,,,GUEST,FREE,,0,18/06/2026,FREDDO,,
SIC00544,544,PERSONA,81LEAD|ContattiMirco|EmailMirco|Labotecnic1|Labotecnic2,Gisele,,,,,,IT,,,,,,,,,gisele@hotmail.es,,,,,,,,,Italia,,,,,,,,,,,,,,,,,,,,GUEST,FREE,,0,18/06/2026,FREDDO,,
SIC00545,545,PERSONA,81LEAD|ContattiMirco|EmailMirco,Giubilatochiara,,,,,,IT,,,,,,,,,giubilatochiara@iisciprianicolombo.edu.it,,,,,,,,,Italia,,,,,,,,,,,,,,,,,,,,GUEST,FREE,,0,18/06/2026,FREDDO,,
SIC00546,546,PERSONA,81LEAD|ContattiMirco|Labotecnic1|Labotecnic2,Giulia09,,,,,,IT,,,,,,,,,giulia09@ymail.com,,3934753576170,3934753576170,,,,,,Italia,,,,,,,,,,,,,,,,,,,,GUEST,FREE,,0,18/06/2026,FREDDO,,
SIC00547,547,PERSONA,81LEAD|ContattiMirco|EmailMirco|Labotecnic1|Labotecnic2,Giuliacezza,,,,,,IT,,,,,,,,,giuliacezza@friuladria.it,,,,,,,,,Italia,,,,,,,,,,,,,,,,,,,,GUEST,FREE,,0,18/06/2026,FREDDO,,
SIC00548,548,PERSONA,81LEAD|ContattiMirco|EmailMirco,Giulianoberto,,,,,,IT,,,,,,,,,giuliano69berto@gmail.com,,3934897516110,3934897516110,,,,,,Italia,,,,,,,,,,,,,,,,,,,,GUEST,FREE,,0,18/06/2026,FREDDO,,
SIC00549,549,PERSONA,81LEAD|ContattiMirco|EmailMirco|Labotecnic1|Labotecnic2,Giuliatammiso,,,,,,IT,,,,,,,,,giuliatammiso@gmail.com,,,,,,,,,Italia,,,,,,,,,,,,,,,,,,,,GUEST,FREE,,0,18/06/2026,FREDDO,,
SIC00550,550,PERSONA,81LEAD|ContattiMirco|EmailMirco|Labotecnic1|Labotecnic2,Giuseppebergantin,,,,,,IT,,,,,,,,,giuseppebergantin@me.com,,,,,,,,,Italia,,,,,,,,,,,,,,,,,,,,GUEST,FREE,,0,18/06/2026,FREDDO,,
SIC00551,551,PERSONA,81LEAD|ContattiMirco|EmailMirco|Labotecnic1|Labotecnic2,Giuseppelobueaudiopro,,,,,,IT,,,,,,,,,giuseppelobueaudiopro@gmail.com,,,,,,,,,Italia,,,,,,,,,,,,,,,,,,,,GUEST,FREE,,0,18/06/2026,FREDDO,,
SIC00552,552,PERSONA,81LEAD|ContattiMirco|EmailMirco,Giuseppinadevitooo,,,,,,IT,,,,,,,,,giuseppinadevitooo@gmail.com,,3933435099120,3933435099120,,,,,,Italia,,,,,,,,,,,,,,,,,,,,GUEST,FREE,,0,18/06/2026,FREDDO,,
SIC00553,553,PERSONA,81LEAD|ContattiMirco|EmailMirco|Labotecnic1|Labotecnic2,Giuseppinasansone3,,,,,,IT,,,,,,,,,giuseppinasansone3@gmail.com,,,,,,,,,Italia,,,,,,,,,,,,,,,,,,,,GUEST,FREE,,0,18/06/2026,FREDDO,,
SIC00554,554,PERSONA,81LEAD|ContattiMirco|EmailMirco|Labotecnic1|Labotecnic2,Giusymontanino,,,,,,IT,,,,,,,,,giusymontanino@hotmail.it,,,,,,,,,Italia,,,,,,,,,,,,,,,,,,,,GUEST,FREE,,0,18/06/2026,FREDDO,,
SIC00555,555,PERSONA,81LEAD|ContattiMirco|EmailMirco|Labotecnic1|Labotecnic2,Givifer,,,,,,IT,,,,,,,,,givifer@libero.it,,,,,,,,,Italia,,,,,,,,,,,,,,,,,,,,GUEST,FREE,,0,18/06/2026,FREDDO,,
SIC00556,556,PERSONA,81LEAD|ContattiMirco|EmailMirco|Labotecnic1|Labotecnic2,Globoasfalti,,,,,,IT,,,,,,,,,globoasfalti@libero.it,,,,,,,,,Italia,,,,,,,,,,,,,,,,,,,,GUEST,FREE,,0,18/06/2026,FREDDO,,
SIC00557,557,PERSONA,81LEAD|ContattiMirco|EmailMirco|Labotecnic1|Labotecnic2,Glocati,,,,,,IT,,,,,,,,,glocati@synthesis-srl.com,,,,,,,,,Italia,,,,,,,,,,,,,,,,,,,,GUEST,FREE,,0,18/06/2026,FREDDO,,
SIC00558,558,PERSONA,81LEAD|ContattiMirco|EmailMirco|Labotecnic1|Labotecnic2,Gloria,,,,,,IT,,,,,,,,,ferrogloria79@gmail.com,,,,,,,,,Italia,,,,,,,,,,,,,,,,,,,,GUEST,FREE,,0,18/06/2026,FREDDO,,
SIC00559,559,PERSONA,ContattiMirco|EmailMirco|Labotecnic1|Labotecnic2,Gloriataddei63,,,,,,IT,,,,,,,,,gloriataddei63@gmail.com,,,,,,,,,Italia,,,,,,,,,,,,,,,,,,,,GUEST,FREE,,0,18/06/2026,FREDDO,,
SIC00560,560,PERSONA,ContattiMirco|EmailMirco,Gmarangoni,,,,,,IT,,,,,,,,,gmarangoni@bancadria.it,,346320411400,346320411400,,,,,,Italia,,,,,,,,,,,,,,,,,,,,GUEST,FREE,,0,18/06/2026,FREDDO,,
SIC00561,561,PERSONA,81LEAD|ContattiMirco|EmailMirco|Labotecnic1|Labotecnic2,Gmrizzieri,,,,,,IT,,,,,,,,,gmrizzieri@libero.it,,,,,,,,,Italia,,,,,,,,,,,,,,,,,,,,GUEST,FREE,,0,18/06/2026,FREDDO,,
SIC00562,562,PERSONA,81LEAD|ContattiMirco|EmailMirco|Labotecnic1|Labotecnic2,Gmtchiarel,,,,,,IT,,,,,,,,,gmtchiarel@libero.it,,,,,,,,,Italia,,,,,,,,,,,,,,,,,,,,GUEST,FREE,,0,18/06/2026,FREDDO,,
SIC00563,563,PERSONA,81LEAD|ContattiMirco|EmailMirco|Labotecnic1|Labotecnic2,Gogoleva59,,,,,,IT,,,,,,,,,gogoleva59@yahoo.it,,,,,,,,,Italia,,,,,,,,,,,,,,,,,,,,GUEST,FREE,,0,18/06/2026,FREDDO,,
SIC00564,564,PERSONA,81LEAD|ContattiMirco|EmailMirco|Labotecnic1|Labotecnic2,Gold_fine,,,,,,IT,,,,,,,,,gold_fine@hotmail.com,,,,,,,,,Italia,,,,,,,,,,,,,,,,,,,,GUEST,FREE,,0,18/06/2026,FREDDO,,
SIC00565,565,PERSONA,81LEAD|ContattiMirco|EmailMirco|Labotecnic1|Labotecnic2,Golinellil,,,,,,IT,,,,,,,,,golinellil@i-dea.it,,,,,,,,,Italia,,,,,,,,,,,,,,,,,,,,GUEST,FREE,,0,18/06/2026,FREDDO,,
SIC00566,566,PERSONA,81LEAD|ContattiMirco|EmailMirco|Labotecnic1|Labotecnic2,Golivieri357,,,,,,IT,,,,,,,,,golivieri357@gmail.com,,,,,,,,,Italia,,,,,,,,,,,,,,,,,,,,GUEST,FREE,,0,18/06/2026,FREDDO,,
SIC00567,567,PERSONA,81LEAD|ContattiMirco|EmailMirco|Labotecnic1|Labotecnic2,Gpadovan,,,,,,IT,,,,,,,,,gpadovan@hotmail.com,,,,,,,,,Italia,,,,,,,,,,,,,,,,,,,,GUEST,FREE,,0,18/06/2026,FREDDO,,
SIC00568,568,PERSONA,81LEAD|ContattiMirco|EmailMirco|Labotecnic1|Labotecnic2,Gpclienti,,,,,,IT,,,,,,,,,gpclienti@alice.it,,,,,,,,,Italia,,,,,,,,,,,,,,,,,,,,GUEST,FREE,,0,18/06/2026,FREDDO,,
SIC00569,569,PERSONA,81LEAD|ContattiMirco|Labotecnic1|Labotecnic2,Gpozzato,,,,,,IT,,,,,,,,,gpozzato@gmail.it,,,,,,,,,Italia,,,,,,,,,,,,,,,,,,,,GUEST,FREE,,0,18/06/2026,FREDDO,,
SIC00570,570,PERSONA,81LEAD|ContattiMirco|EmailMirco|Labotecnic1|Labotecnic2,Grafica,,,,,,IT,,,,,,,,,grafica@trattostampa.it,,,,,,,,,Italia,,,,,,,,,,,,,,,,,,,,GUEST,FREE,,0,18/06/2026,FREDDO,,
SIC00571,571,PERSONA,81LEAD|ContattiMirco|EmailMirco|Labotecnic1|Labotecnic2,Graronzulli,,,,,,IT,,,,,,,,,graronzulli@gmail.com,,,,,,,,,Italia,,,,,,,,,,,,,,,,,,,,GUEST,FREE,,0,18/06/2026,FREDDO,,
SIC00572,572,PERSONA,81LEAD|ContattiMirco|EmailMirco|Labotecnic1|Labotecnic2,Grebra,,,,,,IT,,,,,,,,,grebra@alice.it,,,,,,,,,Italia,,,,,,,,,,,,,,,,,,,,GUEST,FREE,,0,18/06/2026,FREDDO,,
SIC00573,573,PERSONA,81LEAD|ContattiMirco|EmailMirco|Labotecnic1|Labotecnic2,Gretas,,,,,,IT,,,,,,,,,gretas@libero.it,,,,,,,,,Italia,,,,,,,,,,,,,,,,,,,,GUEST,FREE,,0,18/06/2026,FREDDO,,
SIC00574,574,PERSONA,81LEAD|ContattiMirco|EmailMirco|Labotecnic1|Labotecnic2,Gruppoculturalepolentari,,,,,,IT,,,,,,,,,gruppoculturalepolentari@gmail.com,,,,,,,,,Italia,,,,,,,,,,,,,,,,,,,,GUEST,FREE,,0,18/06/2026,FREDDO,,
SIC00575,575,PERSONA,81LEAD|ContattiMirco|EmailMirco|Labotecnic1|Labotecnic2,Gscalone,,,,,,IT,,,,,,,,,gscalone@gmail.com,,,,,,,,,Italia,,,,,,,,,,,,,,,,,,,,GUEST,FREE,,0,18/06/2026,FREDDO,,
SIC00576,576,PERSONA,81LEAD|ContattiMirco|EmailMirco|Labotecnic1|Labotecnic2,Gteing,,,,,,IT,,,,,,,,,gteing@gteing.com,,,,,,,,,Italia,,,,,,,,,,,,,,,,,,,,GUEST,FREE,,0,18/06/2026,FREDDO,,
SIC00577,577,PERSONA,81LEAD|ContattiMirco|EmailMirco|Labotecnic1|Labotecnic2,Gteresa,,,,,,IT,,,,,,,,,gteresa@lattebusche.it,,,,,,,,,Italia,,,,,,,,,,,,,,,,,,,,GUEST,FREE,,0,18/06/2026,FREDDO,,
SIC00578,578,PERSONA,81LEAD|ContattiMirco|EmailMirco|Labotecnic1|Labotecnic2,Guadagnidirendita,,,,,,IT,,,,,,,,,guadagnidirendita@gmail.com,,,,,,,,,Italia,,,,,,,,,,,,,,,,,,,,GUEST,FREE,,0,18/06/2026,FREDDO,,
SIC00579,579,PERSONA,81LEAD|ContattiMirco|EmailMirco|Labotecnic1|Labotecnic2,Guerracapuzzogeom,,,,,,IT,,,,,,,,,guerracapuzzogeom@libero.it,,,,,,,,,Italia,,,,,,,,,,,,,,,,,,,,GUEST,FREE,,0,18/06/2026,FREDDO,,
SIC00580,580,PERSONA,81LEAD|ContattiMirco|Labotecnic1|Labotecnic2,Guglielmocampajola,,,,,,IT,,,,,,,,,guglielmocampajola@gmail.com,,,,,,,,,Italia,,,,,,,,,,,,,,,,,,,,GUEST,FREE,,0,18/06/2026,FREDDO,,
SIC00581,581,PERSONA,81LEAD|ContattiMirco|EmailMirco|Labotecnic1|Labotecnic2,Guidom48,,,,,,IT,,,,,,,,,guidom48@virgilio.it,,3933553667120,3933553667120,,,,,,Italia,,,,,,,,,,,,,,,,,,,,GUEST,FREE,,0,18/06/2026,FREDDO,,
SIC00582,582,PERSONA,81LEAD|ContattiMirco|EmailMirco,Guidotosarelli,,,,,,IT,,,,,,,,,guidotosarelli@gmail.com,,329250708800,329250708800,,,,,,Italia,,,,,,,,,,,,,,,,,,,,GUEST,FREE,,0,18/06/2026,FREDDO,,
SIC00583,583,PERSONA,81LEAD|EmailMirco,Habitat,,,,,,IT,,,,,,,,,habitatdiamante@gmail.com,,3933565260670,3933565260670,,,,,,Italia,,,,,,,,,,,,,,,,,,,,GUEST,FREE,,0,18/06/2026,FREDDO,,
SIC00584,584,PERSONA,81LEAD|ContattiMirco|EmailMirco|Labotecnic1|Labotecnic2,Hajnic,,,,,,IT,,,,,,,,,hajnic@gmail.com,,,,,,,,,Italia,,,,,,,,,,,,,,,,,,,,GUEST,FREE,,0,18/06/2026,FREDDO,,
SIC00585,585,PERSONA,81LEAD|EmailMirco,Handyman,,,,,,IT,,,,,,,,,thehandyman.it@gmail.com,,3934957550560,3934957550560,,,,,,Italia,,,,,,,,,,,,,,,,,,,,GUEST,FREE,,0,18/06/2026,FREDDO,,
SIC00586,586,PERSONA,81LEAD|ContattiMirco|EmailMirco,Help,,,,,,IT,,,,,,,,,help@produzionidalbasso.com,,,,,,,,,Italia,,,,,,,,,,,,,,,,,,,,GUEST,FREE,,0,18/06/2026,FREDDO,,
SIC00587,587,PERSONA,81LEAD|ContattiMirco|EmailMirco,Help,,,,,,IT,,,,,,,,,help@eshirt.it,,329215560400,329215560400,,,,,,Italia,,,,,,,,,,,,,,,,,,,,GUEST,FREE,,0,18/06/2026,FREDDO,,
SIC00588,588,PERSONA,81LEAD|ContattiMirco|EmailMirco,Hotrodgrills,,,,,,IT,,,,,,,,,hotrodgrills@outlook.com,,2163565900,2163565900,,,,,,Italia,,,,,,,,,,,,,,,,,,,,GUEST,FREE,,0,18/06/2026,FREDDO,,
SIC00589,589,PERSONA,81LEAD|ContattiMirco|EmailMirco,Hypercommunityitaly,,,,,,IT,,,,,,,,,hypercommunityitaly@gmail.com,,331166286300,331166286300,,,,,,Italia,,,,,,,,,,,,,,,,,,,,GUEST,FREE,,0,18/06/2026,FREDDO,,
SIC00590,590,PERSONA,81LEAD|ContattiMirco|EmailMirco|Labotecnic1|Labotecnic2,Ilber73,,,,,,IT,,,,,,,,,ilber73@live.it,,,,,,,,,Italia,,,,,,,,,,,,,,,,,,,,GUEST,FREE,,0,18/06/2026,FREDDO,,
SIC00591,591,PERSONA,81LEAD|ContattiMirco|EmailMirco,Ilenia,,,,,,IT,,,,,,,,,ilenia.francescon@gmail.com,,348594038800,348594038800,,,,,,Italia,,,,,,,,,,,,,,,,,,,,GUEST,FREE,,0,18/06/2026,FREDDO,,
SIC00592,592,PERSONA,81LEAD|ContattiMirco|EmailMirco|Labotecnic1|Labotecnic2,Ileniatosetto86,,,,,,IT,,,,,,,,,ileniatosetto86@libero.it,,,,,,,,,Italia,,,,,,,,,,,,,,,,,,,,GUEST,FREE,,0,18/06/2026,FREDDO,,
SIC00593,593,PERSONA,81LEAD|ContattiMirco|EmailMirco|Labotecnic1|Labotecnic2,Ilpesciolino,,,,,,IT,,,,,,,,,ilpesciolino@email.it,,,,,,,,,Italia,,,,,,,,,,,,,,,,,,,,GUEST,FREE,,0,18/06/2026,FREDDO,,
SIC00594,594,PERSONA,81LEAD|ContattiMirco|EmailMirco|Labotecnic1|Labotecnic2,Ilpuntobase,,,,,,IT,,,,,,,,,ilpuntobase@tin.it,,,,,,,,,Italia,,,,,,,,,,,,,,,,,,,,GUEST,FREE,,0,18/06/2026,FREDDO,,
SIC00595,595,PERSONA,81LEAD|ContattiMirco|EmailMirco|Labotecnic1|Labotecnic2,Immarca,,,,,,IT,,,,,,,,,immarca@libero.it,,,,,,,,,Italia,,,,,,,,,,,,,,,,,,,,GUEST,FREE,,0,18/06/2026,FREDDO,,
SIC00596,596,PERSONA,81LEAD|ContattiMirco|EmailMirco,Immob_progettocasa,,,,,,IT,,,,,,,,,immob_progettocasa@libero.it,,,,,,,,,Italia,,,,,,,,,,,,,,,,,,,,GUEST,FREE,,0,18/06/2026,FREDDO,,
SIC00597,597,PERSONA,81LEAD|ContattiMirco|EmailMirco,Imprenditore,,,,,,IT,,,,,,,,,servizioclienti@genertel.it,,,,,,,,,Italia,,,,,,,,,,,,,,,,,,,,GUEST,FREE,,0,18/06/2026,FREDDO,,
SIC00598,598,PERSONA,81LEAD|ContattiMirco|EmailMirco|Labotecnic1|Labotecnic2,Imprese,,,,,,IT,,,,,,,,,imprese@studioporzionato.191.it,,,,,,,,,Italia,,,,,,,,,,,,,,,,,,,,GUEST,FREE,,0,18/06/2026,FREDDO,,
SIC00599,599,PERSONA,81LEAD|ContattiMirco|EmailMirco|Labotecnic1|Labotecnic2,Inarch1,,,,,,IT,,,,,,,,,inarch1@tin.it,,,,,,,,,Italia,,,,,,,,,,,,,,,,,,,,GUEST,FREE,,0,18/06/2026,FREDDO,,
SIC00600,600,PERSONA,81LEAD|ContattiMirco|EmailMirco,Incaricatiallevendite,,,,,,IT,,,,,,,,,incaricatiallevendite@lyconet.com,,,,,,,,,Italia,,,,,,,,,,,,,,,,,,,,GUEST,FREE,,0,18/06/2026,FREDDO,,
SIC00601,601,PERSONA,81LEAD|ContattiMirco|EmailMirco,Info064,,,,,,IT,,,,,,,,,info064@brt.it,,,,,,,,,Italia,,,,,,,,,,,,,,,,,,,,GUEST,FREE,,0,18/06/2026,FREDDO,,
SIC00602,602,PERSONA,81LEAD|ContattiMirco|EmailMirco,Infoareaufficio,,,,,,IT,,,,,,,,,infoareaufficio@virgilio.it,,,,,,,,,Italia,,,,,,,,,,,,,,,,,,,,GUEST,FREE,,0,18/06/2026,FREDDO,,
SIC00603,603,PERSONA,81LEAD|ContattiMirco|EmailMirco,Infogoticashopelettro,,,,,,IT,,,,,,,,,infogoticashopelettro@gmail.com,,,,,,,,,Italia,,,,,,,,,,,,,,,,,,,,GUEST,FREE,,0,18/06/2026,FREDDO,,
SIC00604,604,PERSONA,81LEAD|ContattiMirco|EmailMirco|Labotecnic1|Labotecnic2,Infomusikandsound,,,,,,IT,,,,,,,,,infomusikandsound@gmail.com,,,,,,,,,Italia,,,,,,,,,,,,,,,,,,,,GUEST,FREE,,0,18/06/2026,FREDDO,,
SIC00605,605,PERSONA,81LEAD|ContattiMirco|EmailMirco|Labotecnic1|Labotecnic2,Infosaluteebellezza,,,,,,IT,,,,,,,,,infosaluteebellezza@gmail.com,,,,,,,,,Italia,,,,,,,,,,,,,,,,,,,,GUEST,FREE,,0,18/06/2026,FREDDO,,
SIC00606,606,PERSONA,81LEAD|ContattiMirco|EmailMirco|Labotecnic1|Labotecnic2,Inglago,,,,,,IT,,,,,,,,,inglago@libero.it,,,,,,,,,Italia,,,,,,,,,,,,,,,,,,,,GUEST,FREE,,0,18/06/2026,FREDDO,,
SIC00607,607,PERSONA,81LEAD|ContattiMirco|EmailMirco|Labotecnic1|Labotecnic2,Ingmauriziobarboni,,,,,,IT,,,,,,,,,ingmauriziobarboni@gmail.com,,,,,,,,,Italia,,,,,,,,,,,,,,,,,,,,GUEST,FREE,,0,18/06/2026,FREDDO,,
SIC00608,608,PERSONA,ContattiMirco|EmailMirco|Labotecnic1|Labotecnic2,Ingridgiomartini,,,,,,IT,,,,,,,,,ingridgiomartini@yahoo.it,,,,,,,,,Italia,,,,,,,,,,,,,,,,,,,,GUEST,FREE,,0,18/06/2026,FREDDO,,
SIC00609,609,PERSONA,81LEAD|ContattiMirco|Labotecnic1|Labotecnic2,Ingsena,,,,,,IT,,,,,,,,,ingsena@alice.it,,,,,,,,,Italia,,,,,,,,,,,,,,,,,,,,GUEST,FREE,,0,18/06/2026,FREDDO,,
SIC00610,610,PERSONA,81LEAD|ContattiMirco|EmailMirco|Labotecnic1|Labotecnic2,Iniziative,,,,,,IT,,,,,,,,,iniziative@uildmve.it,,,,,,,,,Italia,,,,,,,,,,,,,,,,,,,,GUEST,FREE,,0,18/06/2026,FREDDO,,
SIC00611,611,PERSONA,81LEAD|ContattiMirco|EmailMirco|Labotecnic1|Labotecnic2,Interazionieuropa,,,,,,IT,,,,,,,,,interazionieuropa@libero.it,,,,,,,,,Italia,,,,,,,,,,,,,,,,,,,,GUEST,FREE,,0,18/06/2026,FREDDO,,
SIC00612,612,PERSONA,81LEAD|ContattiMirco|EmailMirco|Labotecnic1|Labotecnic2,Intonacimilan,,,,,,IT,,,,,,,,,intonacimilan@libero.it,,,,,,,,,Italia,,,,,,,,,,,,,,,,,,,,GUEST,FREE,,0,18/06/2026,FREDDO,,
SIC00613,613,PERSONA,81LEAD|ContattiMirco|EmailMirco,Iocisono,,,,,,IT,,,,,,,,,iocisono@kartra.com,,347246538600,347246538600,,,,,,Italia,,,,,,,,,,,,,,,,,,,,GUEST,FREE,,0,18/06/2026,FREDDO,,
SIC00614,614,PERSONA,81LEAD|ContattiMirco|EmailMirco|Labotecnic1|Labotecnic2,Iovhei55,,,,,,IT,,,,,,,,,iovhei55@gmail.com,,,,,,,,,Italia,,,,,,,,,,,,,,,,,,,,GUEST,FREE,,0,18/06/2026,FREDDO,,
SIC00615,615,PERSONA,81LEAD|ContattiMirco|EmailMirco|Labotecnic1|Labotecnic2,Iragazzidelsole,,,,,,IT,,,,,,,,,iragazzidelsole@libero.it,,,,,,,,,Italia,,,,,,,,,,,,,,,,,,,,GUEST,FREE,,0,18/06/2026,FREDDO,,
SIC00616,616,PERSONA,81LEAD|ContattiMirco|EmailMirco|Labotecnic1|Labotecnic2,Iris59,,,,,,IT,,,,,,,,,iris59@hotmail.it,,,,,,,,,Italia,,,,,,,,,,,,,,,,,,,,GUEST,FREE,,0,18/06/2026,FREDDO,,
SIC00617,617,PERSONA,81LEAD|ContattiMirco|EmailMirco|Labotecnic1|Labotecnic2,Irsi,,,,,,IT,,,,,,,,,irsi@irsi.it,,,,,,,,,Italia,,,,,,,,,,,,,,,,,,,,GUEST,FREE,,0,18/06/2026,FREDDO,,
SIC00618,618,PERSONA,81LEAD|ContattiMirco|EmailMirco|Labotecnic1|Labotecnic2,Isabellapicariello7,,,,,,IT,,,,,,,,,isabellapicariello7@gmail.com,,,,,,,,,Italia,,,,,,,,,,,,,,,,,,,,GUEST,FREE,,0,18/06/2026,FREDDO,,
SIC00619,619,PERSONA,81LEAD|ContattiMirco|EmailMirco,Ishtiyaqaw,,,,,,IT,,,,,,,,,ishtiyaqaw@gmail.com,,,,,,,,,Italia,,,,,,,,,,,,,,,,,,,,GUEST,FREE,,0,18/06/2026,FREDDO,,
SIC00620,620,PERSONA,81LEAD|ContattiMirco|EmailMirco|Labotecnic1|Labotecnic2,Issps,,,,,,IT,,,,,,,,,issps@outlook.it,,,,,,,,,Italia,,,,,,,,,,,,,,,,,,,,GUEST,FREE,,0,18/06/2026,FREDDO,,
SIC00621,621,PERSONA,81LEAD|ContattiMirco|EmailMirco|Labotecnic1|Labotecnic2,Italiancoffee,,,,,,IT,,,,,,,,,italiancoffee@actimail.it,,,,,,,,,Italia,,,,,,,,,,,,,,,,,,,,GUEST,FREE,,0,18/06/2026,FREDDO,,
SIC00622,622,PERSONA,81LEAD|ContattiMirco|EmailMirco,Italy,,,,,,IT,,,,,,,,,italy@lyconet.it,,,,,,,,,Italia,,,,,,,,,,,,,,,,,,,,GUEST,FREE,,0,18/06/2026,FREDDO,,
SIC00623,623,PERSONA,81LEAD|ContattiMirco|EmailMirco,Italy,,,,,,IT,,,,,,,,,italy@lyconet.com,,,,,,,,,Italia,,,,,,,,,,,,,,,,,,,,GUEST,FREE,,0,18/06/2026,FREDDO,,
SIC00624,624,PERSONA,81LEAD|ContattiMirco|EmailMirco,Itiszubair343,,,,,,IT,,,,,,,,,itiszubair343@gmail.com,,,,,,,,,Italia,,,,,,,,,,,,,,,,,,,,GUEST,FREE,,0,18/06/2026,FREDDO,,
SIC00625,625,PERSONA,81LEAD|ContattiMirco|EmailMirco|Labotecnic1|Labotecnic2,Ivanapagliarulo,,,,,,IT,,,,,,,,,ivanapagliarulo@alice.it,,,,,,,,,Italia,,,,,,,,,,,,,,,,,,,,GUEST,FREE,,0,18/06/2026,FREDDO,,
SIC00626,626,PERSONA,81LEAD|ContattiMirco|EmailMirco|Labotecnic1|Labotecnic2,Ivanb61,,,,,,IT,,,,,,,,,ivanb61@libero.it,,3932934399660,3932934399660,,,,,,Italia,,,,,,,,,,,,,,,,,,,,GUEST,FREE,,0,18/06/2026,FREDDO,,
SIC00627,627,PERSONA,81LEAD|ContattiMirco|EmailMirco|Labotecnic1|Labotecnic2,Ivanmaso65,,,,,,IT,,,,,,,,,ivanmaso65@gmail.com,,3933564603750,3933564603750,,,,,,Italia,,,,,,,,,,,,,,,,,,,,GUEST,FREE,,0,18/06/2026,FREDDO,,
SIC00628,628,PERSONA,81LEAD|ContattiMirco|EmailMirco|Labotecnic1|Labotecnic2,Ivmsp,,,,,,IT,,,,,,,,,iv3msp@libero.it,,,,,,,,,Italia,,,,,,,,,,,,,,,,,,,,GUEST,FREE,,0,18/06/2026,FREDDO,,
SIC00629,629,PERSONA,81LEAD|ContattiMirco|EmailMirco,Ivoavidhold,,,,,,IT,,,,,,,,,ivoavidhold@gmail.com,,,,,,,,,Italia,,,,,,,,,,,,,,,,,,,,GUEST,FREE,,0,18/06/2026,FREDDO,,
SIC00630,630,PERSONA,81LEAD|ContattiMirco|EmailMirco|Labotecnic1|Labotecnic2,Izeta7,,,,,,IT,,,,,,,,,izeta7@gmail.com,,,,,,,,,Italia,,,,,,,,,,,,,,,,,,,,GUEST,FREE,,0,18/06/2026,FREDDO,,
SIC00631,631,PERSONA,81LEAD|ContattiMirco|EmailMirco|Labotecnic1|Labotecnic2,Jacopoaneghini,,,,,,IT,,,,,,,,,jacopoaneghini@me.com,,,,,,,,,Italia,,,,,,,,,,,,,,,,,,,,GUEST,FREE,,0,18/06/2026,FREDDO,,
SIC00632,632,PERSONA,81LEAD|ContattiMirco|EmailMirco,Jarilavoro,,,,,,IT,,,,,,,,,jarilavoro@gmail.com,,,,,,,,,Italia,,,,,,,,,,,,,,,,,,,,GUEST,FREE,,0,18/06/2026,FREDDO,,
SIC00633,633,PERSONA,81LEAD|ContattiMirco|EmailMirco,Jarivianellolavoro,,,,,,IT,,,,,,,,,jarivianellolavoro@gmail.com,,,,,,,,,Italia,,,,,,,,,,,,,,,,,,,,GUEST,FREE,,0,18/06/2026,FREDDO,,
SIC00634,634,PERSONA,81LEAD|ContattiMirco|EmailMirco,Jariviianellolavoro,,,,,,IT,,,,,,,,,jariviianellolavoro@gmail.com,,,,,,,,,Italia,,,,,,,,,,,,,,,,,,,,GUEST,FREE,,0,18/06/2026,FREDDO,,
SIC00635,635,PERSONA,81LEAD|ContattiMirco|EmailMirco|Labotecnic1|Labotecnic2,Jeanpalezza,,,,,,IT,,,,,,,,,jeanpalezza@gmail.com,,,,,,,,,Italia,,,,,,,,,,,,,,,,,,,,GUEST,FREE,,0,18/06/2026,FREDDO,,
SIC00636,636,PERSONA,81LEAD|ContattiMirco|EmailMirco,Jetboarditaly,,,,,,IT,,,,,,,,,jetboarditaly@gmail.com,,2511069700,2511069700,,,,,,Italia,,,,,,,,,,,,,,,,,,,,GUEST,FREE,,0,18/06/2026,FREDDO,,
SIC00637,637,PERSONA,81LEAD|ContattiMirco|EmailMirco,Jidejoda4,,,,,,IT,,,,,,,,,jidejoda4@live.com,,,,,,,,,Italia,,,,,,,,,,,,,,,,,,,,GUEST,FREE,,0,18/06/2026,FREDDO,,
SIC00638,638,PERSONA,81LEAD|ContattiMirco|EmailMirco|Labotecnic1|Labotecnic2,Jimmybonato,,,,,,IT,,,,,,,,,jimmybonato@gmail.com,,,,,,,,,Italia,,,,,,,,,,,,,,,,,,,,GUEST,FREE,,0,18/06/2026,FREDDO,,
SIC00639,639,PERSONA,81LEAD|ContattiMirco|EmailMirco|Labotecnic1|Labotecnic2,Joia669,,,,,,IT,,,,,,,,,joia669@hotmail.it,,3934824675810,3934824675810,,,,,,Italia,,,,,,,,,,,,,,,,,,,,GUEST,FREE,,0,18/06/2026,FREDDO,,
SIC00640,640,PERSONA,81LEAD|ContattiMirco|EmailMirco|Labotecnic1|Labotecnic2,Josex78,,,,,,IT,,,,,,,,,josex78@libero.it,,,,,,,,,Italia,,,,,,,,,,,,,,,,,,,,GUEST,FREE,,0,18/06/2026,FREDDO,,
SIC00641,641,PERSONA,81LEAD|ContattiMirco|EmailMirco|Labotecnic1|Labotecnic2,Joshef70,,,,,,IT,,,,,,,,,joshef70@libero.it,,,,,,,,,Italia,,,,,,,,,,,,,,,,,,,,GUEST,FREE,,0,18/06/2026,FREDDO,,
SIC00642,642,PERSONA,81LEAD|ContattiMirco|EmailMirco|Labotecnic1|Labotecnic2,Juan_giovanni_1124,,,,,,IT,,,,,,,,,juan_giovanni_1124@hotmail.com,,3933981828650,3933981828650,,,,,,Italia,,,,,,,,,,,,,,,,,,,,GUEST,FREE,,0,18/06/2026,FREDDO,,
SIC00643,643,PERSONA,81LEAD|ContattiMirco|EmailMirco,Justchigozie,,,,,,IT,,,,,,,,,justchigozie@gmail.com,,,,,,,,,Italia,,,,,,,,,,,,,,,,,,,,GUEST,FREE,,0,18/06/2026,FREDDO,,
SIC00644,644,PERSONA,81LEAD|ContattiMirco|EmailMirco|Labotecnic1|Labotecnic2,Kamykatt,,,,,,IT,,,,,,,,,kamykatt@hotmail.it,,347856059700,347856059700,,,,,,Italia,,,,,,,,,,,,,,,,,,,,GUEST,FREE,,0,18/06/2026,FREDDO,,
SIC00645,645,PERSONA,81LEAD|ContattiMirco|EmailMirco|Labotecnic1|Labotecnic2,Katiusciagabriele3,,,,,,IT,,,,,,,,,katiusciagabriele3@gmail.com,,,,,,,,,Italia,,,,,,,,,,,,,,,,,,,,GUEST,FREE,,0,18/06/2026,FREDDO,,
SIC00646,646,PERSONA,81LEAD|ContattiMirco|EmailMirco|Labotecnic1|Labotecnic2,Kayros68,,,,,,IT,,,,,,,,,kayros68@live.it,,,,,,,,,Italia,,,,,,,,,,,,,,,,,,,,GUEST,FREE,,0,18/06/2026,FREDDO,,
SIC00647,647,PERSONA,81LEAD|ContattiMirco|EmailMirco,Khiangtesawma8,,,,,,IT,,,,,,,,,khiangtesawma8@gmail.com,,39333978027100,39333978027100,,,,,,Italia,,,,,,,,,,,,,,,,,,,,GUEST,FREE,,0,18/06/2026,FREDDO,,
SIC00648,648,PERSONA,81LEAD|ContattiMirco|EmailMirco|Labotecnic1|Labotecnic2,Kilsyblake21,,,,,,IT,,,,,,,,,kilsyblake21@gmail.com,,,,,,,,,Italia,,,,,,,,,,,,,,,,,,,,GUEST,FREE,,0,18/06/2026,FREDDO,,
SIC00649,649,PERSONA,81LEAD|ContattiMirco|EmailMirco|Labotecnic1|Labotecnic2,Konatefatim001,,,,,,IT,,,,,,,,,konatefatim001@gmail.com,,,,,,,,,Italia,,,,,,,,,,,,,,,,,,,,GUEST,FREE,,0,18/06/2026,FREDDO,,
SIC00650,650,PERSONA,81LEAD|ContattiMirco|EmailMirco|Labotecnic1|Labotecnic2,Krashdj,,,,,,IT,,,,,,,,,krashdj@tiscali.it,,,,,,,,,Italia,,,,,,,,,,,,,,,,,,,,GUEST,FREE,,0,18/06/2026,FREDDO,,
SIC00651,651,PERSONA,81LEAD|ContattiMirco|EmailMirco|Labotecnic1|Labotecnic2,Kyky73,,,,,,IT,,,,,,,,,kyky73@gmail.com,,,,,,,,,Italia,,,,,,,,,,,,,,,,,,,,GUEST,FREE,,0,18/06/2026,FREDDO,,
SIC00652,652,PERSONA,81LEAD|ContattiMirco|EmailMirco|Labotecnic1|Labotecnic2,L-angolodelpane,,,,,,IT,,,,,,,,,l-angolodelpane@hotmail.com,,3939333700850,3939333700850,,,,,,Italia,,,,,,,,,,,,,,,,,,,,GUEST,FREE,,0,18/06/2026,FREDDO,,
SIC00653,653,PERSONA,81LEAD|ContattiMirco|EmailMirco|Labotecnic1|Labotecnic2,Labruna2,,,,,,IT,,,,,,,,,labruna2@yahoo.it,,,,,,,,,Italia,,,,,,,,,,,,,,,,,,,,GUEST,FREE,,0,18/06/2026,FREDDO,,
SIC00654,654,PERSONA,81LEAD|ContattiMirco|EmailMirco|Labotecnic1|Labotecnic2,Ladoridori,,,,,,IT,,,,,,,,,ladoridori@gmail.com,,3933192038490,3933192038490,,,,,,Italia,,,,,,,,,,,,,,,,,,,,GUEST,FREE,,0,18/06/2026,FREDDO,,
SIC00655,655,PERSONA,81LEAD|ContattiMirco|EmailMirco|Labotecnic1|Labotecnic2,Ladyanna69,,,,,,IT,,,,,,,,,ladyanna69@libero.it,,,,,,,,,Italia,,,,,,,,,,,,,,,,,,,,GUEST,FREE,,0,18/06/2026,FREDDO,,
SIC00656,656,PERSONA,81LEAD|ContattiMirco|EmailMirco|Labotecnic1|Labotecnic2,Lamagiadelfumo,,,,,,IT,,,,,,,,,lamagiadelfumo@gmail.com,,,,,,,,,Italia,,,,,,,,,,,,,,,,,,,,GUEST,FREE,,0,18/06/2026,FREDDO,,
SIC00657,657,PERSONA,81LEAD|ContattiMirco|Labotecnic1|Labotecnic2,Lapostadimiki,,,,,,IT,,,,,,,,,lapostadimiki@gmail.com,,,,,,,,,Italia,,,,,,,,,,,,,,,,,,,,GUEST,FREE,,0,18/06/2026,FREDDO,,
SIC00658,658,PERSONA,81LEAD|ContattiMirco|EmailMirco|Labotecnic1|Labotecnic2,Larabiolo,,,,,,IT,,,,,,,,,larabiolo@gmail.com,,,,,,,,,Italia,,,,,,,,,,,,,,,,,,,,GUEST,FREE,,0,18/06/2026,FREDDO,,
SIC00659,659,PERSONA,81LEAD|ContattiMirco|EmailMirco|Labotecnic1|Labotecnic2,Laracappelli,,,,,,IT,,,,,,,,,laracappelli@hotmail.it,,,,,,,,,Italia,,,,,,,,,,,,,,,,,,,,GUEST,FREE,,0,18/06/2026,FREDDO,,
SIC00660,660,PERSONA,81LEAD|ContattiMirco|EmailMirco|Labotecnic1|Labotecnic2,Lattoneriaclodia,,,,,,IT,,,,,,,,,lattoneriaclodia@gmail.com,,,,,,,,,Italia,,,,,,,,,,,,,,,,,,,,GUEST,FREE,,0,18/06/2026,FREDDO,,
SIC00661,661,PERSONA,81LEAD|ContattiMirco|EmailMirco|Labotecnic1|Labotecnic2,Lau641,,,,,,IT,,,,,,,,,lau641@hotmail.it,,3939291730840,3939291730840,,,,,,Italia,,,,,,,,,,,,,,,,,,,,GUEST,FREE,,0,18/06/2026,FREDDO,,
SIC00662,662,PERSONA,81LEAD|ContattiMirco|EmailMirco|Labotecnic1|Labotecnic2,Laura,,,,,,IT,,,,,,,,,info@lauraivan.com,,,,,,,,,Italia,,,,,,,,,,,,,,,,,,,,GUEST,FREE,,0,18/06/2026,FREDDO,,
SIC00663,663,PERSONA,81LEAD|ContattiMirco|EmailMirco|Labotecnic1|Labotecnic2,Laura_laura908,,,,,,IT,,,,,,,,,laura_laura908@yahoo.com,,,,,,,,,Italia,,,,,,,,,,,,,,,,,,,,GUEST,FREE,,0,18/06/2026,FREDDO,,
SIC00664,664,PERSONA,81LEAD|ContattiMirco|EmailMirco|Labotecnic1|Labotecnic2,Laurabruni31,,,,,,IT,,,,,,,,,laurabruni31@gmail.com,,3934081256180,3934081256180,,,,,,Italia,,,,,,,,,,,,,,,,,,,,GUEST,FREE,,0,18/06/2026,FREDDO,,
SIC00665,665,PERSONA,81LEAD|ContattiMirco|EmailMirco|Labotecnic1|Labotecnic2,Lauralbb,,,,,,IT,,,,,,,,,lauralbb@hotmail.it,,3934960430790,3934960430790,,,,,,Italia,,,,,,,,,,,,,,,,,,,,GUEST,FREE,,0,18/06/2026,FREDDO,,
SIC00666,666,PERSONA,81LEAD|ContattiMirco|EmailMirco|Labotecnic1|Labotecnic2,Laurarizzato85,,,,,,IT,,,,,,,,,laurarizzato85@gmail.com,,,,,,,,,Italia,,,,,,,,,,,,,,,,,,,,GUEST,FREE,,0,18/06/2026,FREDDO,,
SIC00667,667,PERSONA,81LEAD|ContattiMirco|EmailMirco|Labotecnic1|Labotecnic2,Lauravascellari,,,,,,IT,,,,,,,,,lauravascellari@virgilio.it,,3934942947900,3934942947900,,,,,,Italia,,,,,,,,,,,,,,,,,,,,GUEST,FREE,,0,18/06/2026,FREDDO,,
SIC00668,668,PERSONA,81LEAD|ContattiMirco|EmailMirco|Labotecnic1|Labotecnic2,Laurazida71,,,,,,IT,,,,,,,,,laurazida71@gmail.com,,,,,,,,,Italia,,,,,,,,,,,,,,,,,,,,GUEST,FREE,,0,18/06/2026,FREDDO,,
SIC00669,669,PERSONA,81LEAD|ContattiMirco|EmailMirco|Labotecnic1|Labotecnic2,Laurimaria15,,,,,,IT,,,,,,,,,laurimaria15@gmail.com,,,,,,,,,Italia,,,,,,,,,,,,,,,,,,,,GUEST,FREE,,0,18/06/2026,FREDDO,,
SIC00670,670,PERSONA,81LEAD|ContattiMirco|EmailMirco,Law_enforcement,,,,,,IT,,,,,,,,,law_enforcement@bybit.com,,,,,,,,,Italia,,,,,,,,,,,,,,,,,,,,GUEST,FREE,,0,18/06/2026,FREDDO,,
SIC00671,671,PERSONA,81LEAD|ContattiMirco|EmailMirco|Labotecnic1|Labotecnic2,Lcipriani1071,,,,,,IT,,,,,,,,,lcipriani1071@gmail.com,,3934638717850,3934638717850,,,,,,Italia,,,,,,,,,,,,,,,,,,,,GUEST,FREE,,0,18/06/2026,FREDDO,,
SIC00672,672,PERSONA,81LEAD|ContattiMirco|EmailMirco|Labotecnic1|Labotecnic2,Ledeliziedinazzareno,,,,,,IT,,,,,,,,,ledeliziedinazzareno@libero.it,,,,,,,,,Italia,,,,,,,,,,,,,,,,,,,,GUEST,FREE,,0,18/06/2026,FREDDO,,
SIC00673,673,PERSONA,81LEAD|ContattiMirco|EmailMirco|Labotecnic1|Labotecnic2,Lellabosco,,,,,,IT,,,,,,,,,lellabosco@libero.it,,,,,,,,,Italia,,,,,,,,,,,,,,,,,,,,GUEST,FREE,,0,18/06/2026,FREDDO,,
SIC00674,674,PERSONA,81LEAD|ContattiMirco|EmailMirco|Labotecnic1|Labotecnic2,Lenkam,,,,,,IT,,,,,,,,,lenkam@tin.it,,39385974658600,39385974658600,,,,,,Italia,,,,,,,,,,,,,,,,,,,,GUEST,FREE,,0,18/06/2026,FREDDO,,
SIC00675,675,PERSONA,81LEAD|ContattiMirco|EmailMirco|Labotecnic1|Labotecnic2,Lenzi,,,,,,IT,,,,,,,,,lenzi@lucalenzi.it,,,,,,,,,Italia,,,,,,,,,,,,,,,,,,,,GUEST,FREE,,0,18/06/2026,FREDDO,,
SIC00676,676,PERSONA,81LEAD|ContattiMirco|Labotecnic1|Labotecnic2,Leone,,,,,,IT,,,,,,,,,leone@zannovello.it,,3934216888890,3934216888890,,,,,,Italia,,,,,,,,,,,,,,,,,,,,GUEST,FREE,,0,18/06/2026,FREDDO,,
SIC00677,677,PERSONA,81LEAD|ContattiMirco|EmailMirco|Labotecnic1|Labotecnic2,Leonecapoferri61,,,,,,IT,,,,,,,,,leonecapoferri61@gmail.com,,,,,,,,,Italia,,,,,,,,,,,,,,,,,,,,GUEST,FREE,,0,18/06/2026,FREDDO,,
SIC00678,678,PERSONA,81LEAD|ContattiMirco|EmailMirco|Labotecnic1|Labotecnic2,Leonelorenzoni,,,,,,IT,,,,,,,,,leonelorenzoni@libero.it,,,,,,,,,Italia,,,,,,,,,,,,,,,,,,,,GUEST,FREE,,0,18/06/2026,FREDDO,,
SIC00679,679,PERSONA,81LEAD|ContattiMirco|EmailMirco|Labotecnic1|Labotecnic2,Leosil54,,,,,,IT,,,,,,,,,leosil54@libero.it,,,,,,,,,Italia,,,,,,,,,,,,,,,,,,,,GUEST,FREE,,0,18/06/2026,FREDDO,,
SIC00680,680,PERSONA,81LEAD|ContattiMirco|EmailMirco|Labotecnic1|Labotecnic2,Leucianto22,,,,,,IT,,,,,,,,,leucianto22@gmail.com,,,,,,,,,Italia,,,,,,,,,,,,,,,,,,,,GUEST,FREE,,0,18/06/2026,FREDDO,,
SIC00681,681,PERSONA,81LEAD|ContattiMirco|EmailMirco|Labotecnic1|Labotecnic2,Lgimmy,,,,,,IT,,,,,,,,,lgimmy@inwind.it,,,,,,,,,Italia,,,,,,,,,,,,,,,,,,,,GUEST,FREE,,0,18/06/2026,FREDDO,,
SIC00682,682,PERSONA,81LEAD|ContattiMirco|EmailMirco,Libri,,,,,,IT,,,,,,,,,libri@archimagazine.es,,,,,,,,,Italia,,,,,,,,,,,,,,,,,,,,GUEST,FREE,,0,18/06/2026,FREDDO,,
SIC00683,683,PERSONA,81LEAD|ContattiMirco|EmailMirco|Labotecnic1|Labotecnic2,Lidia,,,,,,IT,,,,,,,,,lidia@negritrasporti.it,,,,,,,,,Italia,,,,,,,,,,,,,,,,,,,,GUEST,FREE,,0,18/06/2026,FREDDO,,
SIC00684,684,PERSONA,81LEAD|ContattiMirco|EmailMirco|Labotecnic1|Labotecnic2,Lidialaplaca,,,,,,IT,,,,,,,,,lidialaplaca@hotmail.it,,,,,,,,,Italia,,,,,,,,,,,,,,,,,,,,GUEST,FREE,,0,18/06/2026,FREDDO,,
SIC00685,685,PERSONA,81LEAD|ContattiMirco|EmailMirco|Labotecnic1|Labotecnic2,Lillimarino249,,,,,,IT,,,,,,,,,lillimarino249@gmail.com,,,,,,,,,Italia,,,,,,,,,,,,,,,,,,,,GUEST,FREE,,0,18/06/2026,FREDDO,,
SIC00686,686,PERSONA,81LEAD|ContattiMirco|EmailMirco|Labotecnic1|Labotecnic2,Linareppuccia,,,,,,IT,,,,,,,,,linareppuccia@libero.it,,,,,,,,,Italia,,,,,,,,,,,,,,,,,,,,GUEST,FREE,,0,18/06/2026,FREDDO,,
SIC00687,687,PERSONA,81LEAD|ContattiMirco|EmailMirco|Labotecnic1|Labotecnic2,Lindabobbo,,,,,,IT,,,,,,,,,lindabobbo@virgilio.it,,,,,,,,,Italia,,,,,,,,,,,,,,,,,,,,GUEST,FREE,,0,18/06/2026,FREDDO,,
SIC00688,688,PERSONA,81LEAD|ContattiMirco|EmailMirco|Labotecnic1|Labotecnic2,Lisanicoletto,,,,,,IT,,,,,,,,,lisanicoletto@hotmail.com,,,,,,,,,Italia,,,,,,,,,,,,,,,,,,,,GUEST,FREE,,0,18/06/2026,FREDDO,,
SIC00689,689,PERSONA,81LEAD|ContattiMirco|EmailMirco|Labotecnic1|Labotecnic2,Lisatugnolo,,,,,,IT,,,,,,,,,lisatugnolo@hotmail.com,,,,,,,,,Italia,,,,,,,,,,,,,,,,,,,,GUEST,FREE,,0,18/06/2026,FREDDO,,
SIC00690,690,PERSONA,81LEAD|ContattiMirco|EmailMirco|Labotecnic1|Labotecnic2,Livicsoluzioniedili,,,,,,IT,,,,,,,,,livicsoluzioniedili@libero.it,,,,,,,,,Italia,,,,,,,,,,,,,,,,,,,,GUEST,FREE,,0,18/06/2026,FREDDO,,
SIC00691,691,PERSONA,81LEAD|ContattiMirco|EmailMirco|Labotecnic1|Labotecnic2,Lorellamontanari63,,,,,,IT,,,,,,,,,lorellamontanari63@gmail.com,,,,,,,,,Italia,,,,,,,,,,,,,,,,,,,,GUEST,FREE,,0,18/06/2026,FREDDO,,
SIC00692,692,PERSONA,81LEAD|ContattiMirco|EmailMirco|Labotecnic1|Labotecnic2,Lorenzolivestage,,,,,,IT,,,,,,,,,lorenzolivestage@iol.it,,3932893545110,3932893545110,,,,,,Italia,,,,,,,,,,,,,,,,,,,,GUEST,FREE,,0,18/06/2026,FREDDO,,
SIC00693,693,PERSONA,81LEAD|ContattiMirco|EmailMirco|Labotecnic1|Labotecnic2,Lorenzomoretto,,,,,,IT,,,,,,,,,lorenzomoretto@yahoo.it,,,,,,,,,Italia,,,,,,,,,,,,,,,,,,,,GUEST,FREE,,0,18/06/2026,FREDDO,,
SIC00694,694,PERSONA,81LEAD|ContattiMirco|EmailMirco|Labotecnic1|Labotecnic2,Loretta_ricci,,,,,,IT,,,,,,,,,loretta_ricci@libero.it,,,,,,,,,Italia,,,,,,,,,,,,,,,,,,,,GUEST,FREE,,0,18/06/2026,FREDDO,,
SIC00695,695,PERSONA,81LEAD|ContattiMirco|EmailMirco|Labotecnic1|Labotecnic2,Lorettazanardelli,,,,,,IT,,,,,,,,,lorettazanardelli@gmail.com,,,,,,,,,Italia,,,,,,,,,,,,,,,,,,,,GUEST,FREE,,0,18/06/2026,FREDDO,,
SIC00696,696,PERSONA,81LEAD|ContattiMirco|EmailMirco|Labotecnic1|Labotecnic2,Lpieretto,,,,,,IT,,,,,,,,,lpieretto@libero.it,,,,,,,,,Italia,,,,,,,,,,,,,,,,,,,,GUEST,FREE,,0,18/06/2026,FREDDO,,
SIC00697,697,PERSONA,81LEAD|ContattiMirco|EmailMirco|Labotecnic1|Labotecnic2,Lpizzolato,,,,,,IT,,,,,,,,,lpizzolato@libero.it,,,,,,,,,Italia,,,,,,,,,,,,,,,,,,,,GUEST,FREE,,0,18/06/2026,FREDDO,,
SIC00698,698,PERSONA,81LEAD|ContattiMirco|EmailMirco|Labotecnic1|Labotecnic2,Lubrog,,,,,,IT,,,,,,,,,lubrog@tin.it,,,,,,,,,Italia,,,,,,,,,,,,,,,,,,,,GUEST,FREE,,0,18/06/2026,FREDDO,,
SIC00699,699,PERSONA,81LEAD|ContattiMirco|EmailMirco|Labotecnic1|Labotecnic2,Luc365,,,,,,IT,,,,,,,,,luc365@hotmail.it,,,,,,,,,Italia,,,,,,,,,,,,,,,,,,,,GUEST,FREE,,0,18/06/2026,FREDDO,,
SIC00700,700,PERSONA,81LEAD|ContattiMirco|EmailMirco|Labotecnic1|Labotecnic2,Luca,,,,,,IT,,,,,,,,,luca@logiksrl.it,,,,,,,,,Italia,,,,,,,,,,,,,,,,,,,,GUEST,FREE,,0,18/06/2026,FREDDO,,
SIC00701,701,PERSONA,81LEAD|ContattiMirco|EmailMirco|Labotecnic1|Labotecnic2,Luca,,,,,,IT,,,,,,,,,luca@izzi.it,,,,,,,,,Italia,,,,,,,,,,,,,,,,,,,,GUEST,FREE,,0,18/06/2026,FREDDO,,
SIC00702,702,PERSONA,81LEAD|ContattiMirco|EmailMirco,Luca,,,,,,IT,,,,,,,,,luca.santinpilu@gmail.com,,,,,,,,,Italia,,,,,,,,,,,,,,,,,,,,GUEST,FREE,,0,18/06/2026,FREDDO,,
SIC00703,703,PERSONA,81LEAD|ContattiMirco|EmailMirco|Labotecnic1|Labotecnic2,Luca,,,,,,IT,,,,,,,,,chiodiluca@libero.it,,,,,,,,,Italia,,,,,,,,,,,,,,,,,,,,GUEST,FREE,,0,18/06/2026,FREDDO,,
SIC00704,704,PERSONA,81LEAD|ContattiMirco|Labotecnic1|Labotecnic2,Lucamilani63,,,,,,IT,,,,,,,,,lucamilani63@hotmail.it,,,,,,,,,Italia,,,,,,,,,,,,,,,,,,,,GUEST,FREE,,0,18/06/2026,FREDDO,,
SIC00705,705,PERSONA,81LEAD|ContattiMirco|EmailMirco|Labotecnic1|Labotecnic2,Lucasocciarelli,,,,,,IT,,,,,,,,,lucasocciarelli@yahoo.it,,,,,,,,,Italia,,,,,,,,,,,,,,,,,,,,GUEST,FREE,,0,18/06/2026,FREDDO,,
SIC00706,706,PERSONA,81LEAD|ContattiMirco|EmailMirco|Labotecnic1|Labotecnic2,Lucia,,,,,,IT,,,,,,,,,lucia@reef.it,,,,,,,,,Italia,,,,,,,,,,,,,,,,,,,,GUEST,FREE,,0,18/06/2026,FREDDO,,
SIC00707,707,PERSONA,81LEAD|ContattiMirco|EmailMirco|Labotecnic1|Labotecnic2,Luciaballiana68,,,,,,IT,,,,,,,,,luciaballiana68@gmail.com,,,,,,,,,Italia,,,,,,,,,,,,,,,,,,,,GUEST,FREE,,0,18/06/2026,FREDDO,,
SIC00708,708,PERSONA,81LEAD|ContattiMirco|EmailMirco|Labotecnic1|Labotecnic2,Luciafavilli,,,,,,IT,,,,,,,,,luciafavilli@tiscali.it,,3933888339890,3933888339890,,,,,,Italia,,,,,,,,,,,,,,,,,,,,GUEST,FREE,,0,18/06/2026,FREDDO,,
SIC00709,709,PERSONA,81LEAD|ContattiMirco|Labotecnic1|Labotecnic2,Luciafune2807,,,,,,IT,,,,,,,,,luciafune2807@gmail.com,,3932812149290,3932812149290,,,,,,Italia,,,,,,,,,,,,,,,,,,,,GUEST,FREE,,0,18/06/2026,FREDDO,,
SIC00710,710,PERSONA,81LEAD|ContattiMirco|Labotecnic1|Labotecnic2,Lucianoangelini64,,,,,,IT,,,,,,,,,lucianoangelini64@alice.it,,3934742193790,3934742193790,,,,,,Italia,,,,,,,,,,,,,,,,,,,,GUEST,FREE,,0,18/06/2026,FREDDO,,
SIC00711,711,PERSONA,81LEAD|ContattiMirco|EmailMirco|Labotecnic1|Labotecnic2,Ludobriciola,,,,,,IT,,,,,,,,,ludobriciola@gmail.com,,,,,,,,,Italia,,,,,,,,,,,,,,,,,,,,GUEST,FREE,,0,18/06/2026,FREDDO,,
SIC00712,712,PERSONA,81LEAD|ContattiMirco|EmailMirco|Labotecnic1|Labotecnic2,Luigi,,,,,,IT,,,,,,,,,segreteria@luigicarlino.it,,,,,,,,,Italia,,,,,,,,,,,,,,,,,,,,GUEST,FREE,,0,18/06/2026,FREDDO,,
SIC00713,713,PERSONA,81LEAD|ContattiMirco|EmailMirco|Labotecnic1|Labotecnic2,Luigi,,,,,,IT,,,,,,,,,caporaliluigi@gmail.com,,,,,,,,,Italia,,,,,,,,,,,,,,,,,,,,GUEST,FREE,,0,18/06/2026,FREDDO,,
SIC00714,714,PERSONA,81LEAD|ContattiMirco|EmailMirco|Labotecnic1|Labotecnic2,Luigiesposito_1976,,,,,,IT,,,,,,,,,luigiesposito_1976@libero.it,,3934712178980,3934712178980,,,,,,Italia,,,,,,,,,,,,,,,,,,,,GUEST,FREE,,0,18/06/2026,FREDDO,,
SIC00715,715,PERSONA,ContattiMirco|EmailMirco|Labotecnic1|Labotecnic2,Luigifreddo,,,,,,IT,,,,,,,,,luigifreddo@gmail.com,,,,,,,,,Italia,,,,,,,,,,,,,,,,,,,,GUEST,FREE,,0,18/06/2026,FREDDO,,
SIC00716,716,PERSONA,ContattiMirco|EmailMirco|Labotecnic1|Labotecnic2,Luigifreddo,,,,,,IT,,,,,,,,,luigifreddo@studiofreddo.191.it,,,,,,,,,Italia,,,,,,,,,,,,,,,,,,,,GUEST,FREE,,0,18/06/2026,FREDDO,,
SIC00717,717,PERSONA,81LEAD|ContattiMirco|EmailMirco|Labotecnic1|Labotecnic2,Luigisbano,,,,,,IT,,,,,,,,,luigisbano@alice.it,,,,,,,,,Italia,,,,,,,,,,,,,,,,,,,,GUEST,FREE,,0,18/06/2026,FREDDO,,
SIC00718,718,PERSONA,81LEAD|ContattiMirco|EmailMirco|Labotecnic1|Labotecnic2,Luisadaniela8482,,,,,,IT,,,,,,,,,luisadaniela8482@gmail.com,,,,,,,,,Italia,,,,,,,,,,,,,,,,,,,,GUEST,FREE,,0,18/06/2026,FREDDO,,
SIC00719,719,PERSONA,81LEAD|ContattiMirco|EmailMirco|Labotecnic1|Labotecnic2,Luismor,,,,,,IT,,,,,,,,,luismor@libero.it,,,,,,,,,Italia,,,,,,,,,,,,,,,,,,,,GUEST,FREE,,0,18/06/2026,FREDDO,,
SIC00720,720,PERSONA,81LEAD|ContattiMirco|EmailMirco|Labotecnic1|Labotecnic2,Lulittam,,,,,,IT,,,,,,,,,lulittam@gmail.com,,,,,,,,,Italia,,,,,,,,,,,,,,,,,,,,GUEST,FREE,,0,18/06/2026,FREDDO,,
SIC00721,721,PERSONA,81LEAD|ContattiMirco|EmailMirco|Labotecnic1|Labotecnic2,Luminizza,,,,,,IT,,,,,,,,,luminizza@live.ru,,,,,,,,,Italia,,,,,,,,,,,,,,,,,,,,GUEST,FREE,,0,18/06/2026,FREDDO,,
SIC00722,722,PERSONA,81LEAD|ContattiMirco|EmailMirco|Labotecnic1|Labotecnic2,Lunardivittorio,,,,,,IT,,,,,,,,,lunardivittorio@virgilio.it,,,,,,,,,Italia,,,,,,,,,,,,,,,,,,,,GUEST,FREE,,0,18/06/2026,FREDDO,,
SIC00723,723,PERSONA,81LEAD|ContattiMirco|EmailMirco|Labotecnic1|Labotecnic2,Lungomichela,,,,,,IT,,,,,,,,,lungomichela@gmail.com,,,,,,,,,Italia,,,,,,,,,,,,,,,,,,,,GUEST,FREE,,0,18/06/2026,FREDDO,,
SIC00724,724,PERSONA,81LEAD|ContattiMirco|EmailMirco|Labotecnic1|Labotecnic2,Luzpierotto,,,,,,IT,,,,,,,,,luzpierotto@hotmail.com,,,,,,,,,Italia,,,,,,,,,,,,,,,,,,,,GUEST,FREE,,0,18/06/2026,FREDDO,,
SIC00725,725,PERSONA,81LEAD|ContattiMirco|EmailMirco|Labotecnic1|Labotecnic2,Lzagato,,,,,,IT,,,,,,,,,lzagato@libero.it,,,,,,,,,Italia,,,,,,,,,,,,,,,,,,,,GUEST,FREE,,0,18/06/2026,FREDDO,,
SIC00726,726,PERSONA,81LEAD|ContattiMirco|EmailMirco|Labotecnic1|Labotecnic2,Mabate2003,,,,,,IT,,,,,,,,,mabate2003@alice.it,,,,,,,,,Italia,,,,,,,,,,,,,,,,,,,,GUEST,FREE,,0,18/06/2026,FREDDO,,
SIC00727,727,PERSONA,81LEAD|ContattiMirco|EmailMirco,Macelleriadacarlogenova,,,,,,IT,,,,,,,,,macelleriadacarlogenova@gmail.com,,3958375300,3958375300,,,,,,Italia,,,,,,,,,,,,,,,,,,,,GUEST,FREE,,0,18/06/2026,FREDDO,,
SIC00728,728,PERSONA,81LEAD|ContattiMirco|EmailMirco|Labotecnic1|Labotecnic2,Made,,,,,,IT,,,,,,,,,made@marcegaglia.com,,,,,,,,,Italia,,,,,,,,,,,,,,,,,,,,GUEST,FREE,,0,18/06/2026,FREDDO,,
SIC00729,729,PERSONA,81LEAD|ContattiMirco|EmailMirco|Labotecnic1|Labotecnic2,Madre-querida,,,,,,IT,,,,,,,,,madre-querida@hotmail.com,,,,,,,,,Italia,,,,,,,,,,,,,,,,,,,,GUEST,FREE,,0,18/06/2026,FREDDO,,
SIC00730,730,PERSONA,81LEAD|EmailMirco,Mae.S.,,,,,,IT,,,,,,,,,maes.laiena@libero.it,,3908175973280,3908175973280,,,,,,Italia,,,,,,,,,,,,,,,,,,,,GUEST,FREE,,0,18/06/2026,FREDDO,,
SIC00731,731,PERSONA,81LEAD|ContattiMirco|EmailMirco|Labotecnic1|Labotecnic2,Maidirebau,,,,,,IT,,,,,,,,,maidirebau@gmail.com,,,,,,,,,Italia,,,,,,,,,,,,,,,,,,,,GUEST,FREE,,0,18/06/2026,FREDDO,,
SIC00732,732,PERSONA,81LEAD|ContattiMirco|EmailMirco|Labotecnic1|Labotecnic2,Mail,,,,,,IT,,,,,,,,,mail@ilve.com,,,,,,,,,Italia,,,,,,,,,,,,,,,,,,,,GUEST,FREE,,0,18/06/2026,FREDDO,,
SIC00733,733,PERSONA,81LEAD|ContattiMirco|EmailMirco,Malookkhan56,,,,,,IT,,,,,,,,,malookkhan56@gmail.com,,,,,,,,,Italia,,,,,,,,,,,,,,,,,,,,GUEST,FREE,,0,18/06/2026,FREDDO,,
SIC00734,734,PERSONA,81LEAD|ContattiMirco|EmailMirco|Labotecnic1|Labotecnic2,Mamigiro,,,,,,IT,,,,,,,,,mamigiro@gmail.com,,3936643655470,3936643655470,,,,,,Italia,,,,,,,,,,,,,,,,,,,,GUEST,FREE,,0,18/06/2026,FREDDO,,
SIC00735,735,PERSONA,81LEAD|ContattiMirco|EmailMirco,Manager,,,,,,IT,,,,,,,,,manager@ultimomulino.it,,,,,,,,,Italia,,,,,,,,,,,,,,,,,,,,GUEST,FREE,,0,18/06/2026,FREDDO,,
SIC00736,736,PERSONA,81LEAD|ContattiMirco|EmailMirco,Mandolesi,,,,,,IT,,,,,,,,,mand72@libero.it,,3907346281170,3907346281170,,,,,,Italia,,,,,,,,,,,,,,,,,,,,GUEST,FREE,,0,18/06/2026,FREDDO,,
SIC00737,737,PERSONA,81LEAD|ContattiMirco|EmailMirco,Mantovaniandrea7,,,,,,IT,,,,,,,,,mantovaniandrea7@gmail.com,,,,,,,,,Italia,,,,,,,,,,,,,,,,,,,,GUEST,FREE,,0,18/06/2026,FREDDO,,
SIC00738,738,PERSONA,81LEAD|ContattiMirco|EmailMirco|Labotecnic1|Labotecnic2,Mantovaninico13,,,,,,IT,,,,,,,,,mantovaninico13@gmail.com,,,,,,,,,Italia,,,,,,,,,,,,,,,,,,,,GUEST,FREE,,0,18/06/2026,FREDDO,,
SIC00739,739,PERSONA,81LEAD|ContattiMirco|EmailMirco|Labotecnic1|Labotecnic2,Manuel_facen,,,,,,IT,,,,,,,,,manuel_facen@hotmail.it,,,,,,,,,Italia,,,,,,,,,,,,,,,,,,,,GUEST,FREE,,0,18/06/2026,FREDDO,,
SIC00740,740,PERSONA,81LEAD|ContattiMirco|EmailMirco|Labotecnic1|Labotecnic2,Manuela08111976,,,,,,IT,,,,,,,,,manuela08111976@gmail.com,,3934578116600,3934578116600,,,,,,Italia,,,,,,,,,,,,,,,,,,,,GUEST,FREE,,0,18/06/2026,FREDDO,,
SIC00741,741,PERSONA,81LEAD|ContattiMirco|EmailMirco|Labotecnic1|Labotecnic2,Manuelpaolini,,,,,,IT,,,,,,,,,manuelpaolini@engineer.com,,,,,,,,,Italia,,,,,,,,,,,,,,,,,,,,GUEST,FREE,,0,18/06/2026,FREDDO,,
SIC00742,742,PERSONA,81LEAD|ContattiMirco|EmailMirco,Manzolidavid72,,,,,,IT,,,,,,,,,manzolidavid72@gmail.com,,,,,,,,,Italia,,,,,,,,,,,,,,,,,,,,GUEST,FREE,,0,18/06/2026,FREDDO,,
SIC00743,743,PERSONA,81LEAD|ContattiMirco|EmailMirco|Labotecnic1|Labotecnic2,Marangonmelissa,,,,,,IT,,,,,,,,,marangonmelissa@gmai.com,,,,,,,,,Italia,,,,,,,,,,,,,,,,,,,,GUEST,FREE,,0,18/06/2026,FREDDO,,
SIC00744,744,PERSONA,81LEAD|ContattiMirco|EmailMirco|Labotecnic1|Labotecnic2,Marangonmelissa,,,,,,IT,,,,,,,,,marangonmelissa@gmail.com,,3938010501590,3938010501590,,,,,,Italia,,,,,,,,,,,,,,,,,,,,GUEST,FREE,,0,18/06/2026,FREDDO,,
SIC00745,745,PERSONA,81LEAD|ContattiMirco|EmailMirco|Labotecnic1|Labotecnic2,Marcatinaccio,,,,,,IT,,,,,,,,,marcatinaccio@yahoo.it,,,,,,,,,Italia,,,,,,,,,,,,,,,,,,,,GUEST,FREE,,0,18/06/2026,FREDDO,,
SIC00746,746,PERSONA,81LEAD|ContattiMirco|EmailMirco,Marcelloliguorivs,,,,,,IT,,,,,,,,,marcelloliguorivs@gmail.com,,,,,,,,,Italia,,,,,,,,,,,,,,,,,,,,GUEST,FREE,,0,18/06/2026,FREDDO,,
SIC00747,747,PERSONA,81LEAD|ContattiMirco|EmailMirco,Marcellosoncin,,,,,,IT,,,,,,,,,marcellosoncin@icloud.com,,346607592800,346607592800,,,,,,Italia,,,,,,,,,,,,,,,,,,,,GUEST,FREE,,0,18/06/2026,FREDDO,,
SIC00748,748,PERSONA,81LEAD|ContattiMirco|EmailMirco|Labotecnic1|Labotecnic2,Mariachiarapizzo,,,,,,IT,,,,,,,,,mariachiarapizzo@libero.it,,,,,,,,,Italia,,,,,,,,,,,,,,,,,,,,GUEST,FREE,,0,18/06/2026,FREDDO,,
SIC00749,749,PERSONA,81LEAD|ContattiMirco|EmailMirco|Labotecnic1|Labotecnic2,Mariafanaru,,,,,,IT,,,,,,,,,mariafanaru@gmail.com,,,,,,,,,Italia,,,,,,,,,,,,,,,,,,,,GUEST,FREE,,0,18/06/2026,FREDDO,,
SIC00750,750,PERSONA,81LEAD|ContattiMirco|EmailMirco|Labotecnic1|Labotecnic2,Mariagrazia15,,,,,,IT,,,,,,,,,mariagrazia15@live.it,,39348175780000,39348175780000,,,,,,Italia,,,,,,,,,,,,,,,,,,,,GUEST,FREE,,0,18/06/2026,FREDDO,,
SIC00751,751,PERSONA,81LEAD|ContattiMirco|EmailMirco|Labotecnic1|Labotecnic2,Mariagrazialopriore9,,,,,,IT,,,,,,,,,mariagrazialopriore9@gmail.com,,,,,,,,,Italia,,,,,,,,,,,,,,,,,,,,GUEST,FREE,,0,18/06/2026,FREDDO,,
SIC00752,752,PERSONA,81LEAD|ContattiMirco|EmailMirco|Labotecnic1|Labotecnic2,Mariah70,,,,,,IT,,,,,,,,,mariah70@alice.it,,3932842228520,3932842228520,,,,,,Italia,,,,,,,,,,,,,,,,,,,,GUEST,FREE,,0,18/06/2026,FREDDO,,
SIC00753,753,PERSONA,81LEAD|ContattiMirco|EmailMirco|Labotecnic1|Labotecnic2,Marialentini,,,,,,IT,,,,,,,,,marialentini@gmail.com,,,,,,,,,Italia,,,,,,,,,,,,,,,,,,,,GUEST,FREE,,0,18/06/2026,FREDDO,,
SIC00754,754,PERSONA,81LEAD|ContattiMirco|EmailMirco|Labotecnic1|Labotecnic2,Marimonaci,,,,,,IT,,,,,,,,,marimonaci@yahoo.it,,,,,,,,,Italia,,,,,,,,,,,,,,,,,,,,GUEST,FREE,,0,18/06/2026,FREDDO,,
SIC00755,755,PERSONA,81LEAD|ContattiMirco|EmailMirco|Labotecnic1|Labotecnic2,Marinobaldassarri,,,,,,IT,,,,,,,,,marinobaldassarri@hotmail.com,,3933149405950,3933149405950,,,,,,Italia,,,,,,,,,,,,,,,,,,,,GUEST,FREE,,0,18/06/2026,FREDDO,,
SIC00756,756,PERSONA,ContattiMirco|EmailMirco|Labotecnic1|Labotecnic2,Mariocrespomartinez,,,,,,IT,,,,,,,,,mariocrespomartinez@libero.it,,,,,,,,,Italia,,,,,,,,,,,,,,,,,,,,GUEST,FREE,,0,18/06/2026,FREDDO,,
SIC00757,757,PERSONA,81LEAD|ContattiMirco|EmailMirco|Labotecnic1|Labotecnic2,Mariofusco1979,,,,,,IT,,,,,,,,,mariofusco1979@hotmail.it,,,,,,,,,Italia,,,,,,,,,,,,,,,,,,,,GUEST,FREE,,0,18/06/2026,FREDDO,,
SIC00758,758,PERSONA,81LEAD|ContattiMirco|EmailMirco|Labotecnic1|Labotecnic2,Mariolinag62,,,,,,IT,,,,,,,,,mariolinag62@gmail.com,,39320174511100,39320174511100,,,,,,Italia,,,,,,,,,,,,,,,,,,,,GUEST,FREE,,0,18/06/2026,FREDDO,,
SIC00759,759,PERSONA,81LEAD|ContattiMirco|EmailMirco|Labotecnic1|Labotecnic2,Mariomasala1,,,,,,IT,,,,,,,,,mariomasala1@gmail.com,,,,,,,,,Italia,,,,,,,,,,,,,,,,,,,,GUEST,FREE,,0,18/06/2026,FREDDO,,
SIC00760,760,PERSONA,81LEAD|ContattiMirco|EmailMirco|Labotecnic1|Labotecnic2,Martecu,,,,,,IT,,,,,,,,,martecu@gmail.com,,,,,,,,,Italia,,,,,,,,,,,,,,,,,,,,GUEST,FREE,,0,18/06/2026,FREDDO,,
SIC00761,761,PERSONA,81LEAD|ContattiMirco|EmailMirco|Labotecnic1|Labotecnic2,Martina_tempesta,,,,,,IT,,,,,,,,,martina_tempesta@libero.it,,3934632149550,3934632149550,,,,,,Italia,,,,,,,,,,,,,,,,,,,,GUEST,FREE,,0,18/06/2026,FREDDO,,
SIC00762,762,PERSONA,81LEAD|ContattiMirco|EmailMirco|Labotecnic1|Labotecnic2,Martinaalesara,,,,,,IT,,,,,,,,,martinaalesara@libero.it,,,,,,,,,Italia,,,,,,,,,,,,,,,,,,,,GUEST,FREE,,0,18/06/2026,FREDDO,,
SIC00763,763,PERSONA,81LEAD|ContattiMirco|EmailMirco|Labotecnic1|Labotecnic2,Martinacarossa,,,,,,IT,,,,,,,,,martinacarossa@gmail.com,,,,,,,,,Italia,,,,,,,,,,,,,,,,,,,,GUEST,FREE,,0,18/06/2026,FREDDO,,
SIC00764,764,PERSONA,81LEAD|ContattiMirco|EmailMirco,Martinrissi1962,,,,,,IT,,,,,,,,,martinrissi1962@hotmail.com,,,,,,,,,Italia,,,,,,,,,,,,,,,,,,,,GUEST,FREE,,0,18/06/2026,FREDDO,,
SIC00765,765,PERSONA,81LEAD|ContattiMirco|EmailMirco|Labotecnic1|Labotecnic2,Marziaorsucci65,,,,,,IT,,,,,,,,,marziaorsucci65@gmail.com,,,,,,,,,Italia,,,,,,,,,,,,,,,,,,,,GUEST,FREE,,0,18/06/2026,FREDDO,,
SIC00766,766,PERSONA,81LEAD|ContattiMirco|EmailMirco|Labotecnic1|Labotecnic2,Mascheriniloredana,,,,,,IT,,,,,,,,,mascheriniloredana@gmail.com,,,,,,,,,Italia,,,,,,,,,,,,,,,,,,,,GUEST,FREE,,0,18/06/2026,FREDDO,,
SIC00767,767,PERSONA,81LEAD|ContattiMirco|EmailMirco|Labotecnic1|Labotecnic2,Masciaverucchi,,,,,,IT,,,,,,,,,masciaverucchi@gmail.com,,,,,,,,,Italia,,,,,,,,,,,,,,,,,,,,GUEST,FREE,,0,18/06/2026,FREDDO,,
SIC00768,768,PERSONA,81LEAD|ContattiMirco|EmailMirco|Labotecnic1|Labotecnic2,Masierluca,,,,,,IT,,,,,,,,,masierluca@libero.it,,,,,,,,,Italia,,,,,,,,,,,,,,,,,,,,GUEST,FREE,,0,18/06/2026,FREDDO,,
SIC00769,769,PERSONA,81LEAD|ContattiMirco|EmailMirco|Labotecnic1|Labotecnic2,Massiedil2,,,,,,IT,,,,,,,,,massiedil2@gmail.com,,,,,,,,,Italia,,,,,,,,,,,,,,,,,,,,GUEST,FREE,,0,18/06/2026,FREDDO,,
SIC00770,770,PERSONA,81LEAD|ContattiMirco|EmailMirco|Labotecnic1|Labotecnic2,Massifer64,,,,,,IT,,,,,,,,,massifer64@gmail.com,,,,,,,,,Italia,,,,,,,,,,,,,,,,,,,,GUEST,FREE,,0,18/06/2026,FREDDO,,
SIC00771,771,PERSONA,81LEAD|ContattiMirco|EmailMirco|Labotecnic1|Labotecnic2,Massimilianomunari,,,,,,IT,,,,,,,,,massimilianomunari@libero.it,,3937918638330,3937918638330,,,,,,Italia,,,,,,,,,,,,,,,,,,,,GUEST,FREE,,0,18/06/2026,FREDDO,,
SIC00772,772,PERSONA,81LEAD|ContattiMirco|EmailMirco|Labotecnic1|Labotecnic2,Massimo,,,,,,IT,,,,,,,,,massimo@bieffemontaggi.it,,3934947589330,3934947589330,,,,,,Italia,,,,,,,,,,,,,,,,,,,,GUEST,FREE,,0,18/06/2026,FREDDO,,
SIC00773,773,PERSONA,81LEAD|ContattiMirco|EmailMirco,Massimosottile3,,,,,,IT,,,,,,,,,massimosottile3@gmail.com,,,,,,,,,Italia,,,,,,,,,,,,,,,,,,,,GUEST,FREE,,0,18/06/2026,FREDDO,,
SIC00774,774,PERSONA,81LEAD|ContattiMirco|EmailMirco|Labotecnic1|Labotecnic2,Materesabertuccelli,,,,,,IT,,,,,,,,,materesabertuccelli@teletu.it,,39340297442900,39340297442900,,,,,,Italia,,,,,,,,,,,,,,,,,,,,GUEST,FREE,,0,18/06/2026,FREDDO,,
SIC00775,775,PERSONA,81LEAD|ContattiMirco|EmailMirco,Mattbon55,,,,,,IT,,,,,,,,,mattbon55@gmail.com,,3933573725860,3933573725860,,,,,,Italia,,,,,,,,,,,,,,,,,,,,GUEST,FREE,,0,18/06/2026,FREDDO,,
SIC00776,776,PERSONA,81LEAD|ContattiMirco|EmailMirco|Labotecnic1|Labotecnic2,Matteo,,,,,,IT,,,,,,,,,matteo@easysub.it,,3934063264530,3934063264530,,,,,,Italia,,,,,,,,,,,,,,,,,,,,GUEST,FREE,,0,18/06/2026,FREDDO,,
SIC00777,777,PERSONA,81LEAD|ContattiMirco|EmailMirco|Labotecnic1|Labotecnic2,Matteoalfonso,,,,,,IT,,,,,,,,,matteoalfonso@yahoo.com,,,,,,,,,Italia,,,,,,,,,,,,,,,,,,,,GUEST,FREE,,0,18/06/2026,FREDDO,,
SIC00778,778,PERSONA,81LEAD|ContattiMirco|EmailMirco|Labotecnic1|Labotecnic2,Matteoauto,,,,,,IT,,,,,,,,,matteoauto@hotmail.it,,,,,,,,,Italia,,,,,,,,,,,,,,,,,,,,GUEST,FREE,,0,18/06/2026,FREDDO,,
SIC00779,779,PERSONA,81LEAD|ContattiMirco|EmailMirco|Labotecnic1|Labotecnic2,Matteodiiasio60,,,,,,IT,,,,,,,,,matteodiiasio60@gmail.com,,,,,,,,,Italia,,,,,,,,,,,,,,,,,,,,GUEST,FREE,,0,18/06/2026,FREDDO,,
SIC00780,780,PERSONA,81LEAD|ContattiMirco|EmailMirco|Labotecnic1|Labotecnic2,Mattiacheula89,,,,,,IT,,,,,,,,,mattiacheula89@gmail.com,,,,,,,,,Italia,,,,,,,,,,,,,,,,,,,,GUEST,FREE,,0,18/06/2026,FREDDO,,
SIC00781,781,PERSONA,81LEAD|ContattiMirco|EmailMirco|Labotecnic1|Labotecnic2,Mattiatognati,,,,,,IT,,,,,,,,,mattiatognati@alice.it,,,,,,,,,Italia,,,,,,,,,,,,,,,,,,,,GUEST,FREE,,0,18/06/2026,FREDDO,,
SIC00782,782,PERSONA,81LEAD|ContattiMirco|EmailMirco|Labotecnic1|Labotecnic2,Mattiaveronese,,,,,,IT,,,,,,,,,mattiaveronese@vodafone.it,,,,,,,,,Italia,,,,,,,,,,,,,,,,,,,,GUEST,FREE,,0,18/06/2026,FREDDO,,
SIC00783,783,PERSONA,81LEAD|ContattiMirco|EmailMirco|Labotecnic1|Labotecnic2,Mauiscrizioni,,,,,,IT,,,,,,,,,mauiscrizioni@libero.it,,3934827182520,3934827182520,,,,,,Italia,,,,,,,,,,,,,,,,,,,,GUEST,FREE,,0,18/06/2026,FREDDO,,
SIC00784,784,PERSONA,81LEAD|ContattiMirco|EmailMirco|Labotecnic1|Labotecnic2,Mauramagnaghi,,,,,,IT,,,,,,,,,mauramagnaghi@gmail.com,,,,,,,,,Italia,,,,,,,,,,,,,,,,,,,,GUEST,FREE,,0,18/06/2026,FREDDO,,
SIC00785,785,PERSONA,81LEAD|ContattiMirco|EmailMirco,Mauri050988,,,,,,IT,,,,,,,,,mauri050988@gmail.com,,,,,,,,,Italia,,,,,,,,,,,,,,,,,,,,GUEST,FREE,,0,18/06/2026,FREDDO,,
SIC00786,786,PERSONA,81LEAD|ContattiMirco|EmailMirco|Labotecnic1|Labotecnic2,Maurielloelvira,,,,,,IT,,,,,,,,,maurielloelvira@gmail.com,,,,,,,,,Italia,,,,,,,,,,,,,,,,,,,,GUEST,FREE,,0,18/06/2026,FREDDO,,
SIC00787,787,PERSONA,81LEAD|ContattiMirco|EmailMirco|Labotecnic1|Labotecnic2,Maurizio,,,,,,IT,,,,,,,,,maurizio@greentechservice.it,,39348240308000,39348240308000,,,,,,Italia,,,,,,,,,,,,,,,,,,,,GUEST,FREE,,0,18/06/2026,FREDDO,,
SIC00788,788,PERSONA,81LEAD|ContattiMirco|EmailMirco|Labotecnic1|Labotecnic2,Mauriziobuzzone,,,,,,IT,,,,,,,,,mauriziobuzzone@gmail.com,,,,,,,,,Italia,,,,,,,,,,,,,,,,,,,,GUEST,FREE,,0,18/06/2026,FREDDO,,
SIC00789,789,PERSONA,81LEAD|ContattiMirco|Labotecnic1|Labotecnic2,Mauriziodrago,,,,,,IT,,,,,,,,,mauriziodrago@gmail.com,,,,,,,,,Italia,,,,,,,,,,,,,,,,,,,,GUEST,FREE,,0,18/06/2026,FREDDO,,
SIC00790,790,PERSONA,ContattiMirco|EmailMirco|Labotecnic1|Labotecnic2,Mauriziomarippi,,,,,,IT,,,,,,,,,mauriziomarippi@gmail.com,,,,,,,,,Italia,,,,,,,,,,,,,,,,,,,,GUEST,FREE,,0,18/06/2026,FREDDO,,
SIC00791,791,PERSONA,81LEAD|ContattiMirco|EmailMirco,Mauriziosco1,,,,,,IT,,,,,,,,,mauriziosco1@yahoo.com,,,,,,,,,Italia,,,,,,,,,,,,,,,,,,,,GUEST,FREE,,0,18/06/2026,FREDDO,,
SIC00792,792,PERSONA,81LEAD|ContattiMirco|EmailMirco,Mauro,,,,,,IT,,,,,,,,,mauro@studiomingotti.com,,,,,,,,,Italia,,,,,,,,,,,,,,,,,,,,GUEST,FREE,,0,18/06/2026,FREDDO,,
SIC00793,793,PERSONA,81LEAD|ContattiMirco|EmailMirco|Labotecnic1|Labotecnic2,Maurobeggio,,,,,,IT,,,,,,,,,maurobeggio@hotmail.com,,3939291832750,3939291832750,,,,,,Italia,,,,,,,,,,,,,,,,,,,,GUEST,FREE,,0,18/06/2026,FREDDO,,
SIC00794,794,PERSONA,81LEAD|ContattiMirco|EmailMirco|Labotecnic1|Labotecnic2,Mauroboscolo1,,,,,,IT,,,,,,,,,mauroboscolo1@gmail.com,,3934021097760,3934021097760,,,,,,Italia,,,,,,,,,,,,,,,,,,,,GUEST,FREE,,0,18/06/2026,FREDDO,,
SIC00795,795,PERSONA,81LEAD|ContattiMirco|EmailMirco,Maurobottaro4,,,,,,IT,,,,,,,,,maurobottaro4@gmail.com,,2834668600,2834668600,,,,,,Italia,,,,,,,,,,,,,,,,,,,,GUEST,FREE,,0,18/06/2026,FREDDO,,
SIC00796,796,PERSONA,81LEAD|ContattiMirco|EmailMirco|Labotecnic1|Labotecnic2,Mauropicky,,,,,,IT,,,,,,,,,mauropicky@gmail.com,,3933898677170,3933898677170,,,,,,Italia,,,,,,,,,,,,,,,,,,,,GUEST,FREE,,0,18/06/2026,FREDDO,,
SIC00797,797,PERSONA,81LEAD|ContattiMirco|EmailMirco|Labotecnic1|Labotecnic2,Mauroricetto,,,,,,IT,,,,,,,,,mauroricetto@yahoo.it,,,,,,,,,Italia,,,,,,,,,,,,,,,,,,,,GUEST,FREE,,0,18/06/2026,FREDDO,,
SIC00798,798,PERSONA,81LEAD|ContattiMirco|EmailMirco,Maverick76_12,,,,,,IT,,,,,,,,,maverick76_12@libero.it,,,,,,,,,Italia,,,,,,,,,,,,,,,,,,,,GUEST,FREE,,0,18/06/2026,FREDDO,,
SIC00799,799,PERSONA,81LEAD|ContattiMirco|EmailMirco|Labotecnic1|Labotecnic2,Maxgraci69,,,,,,IT,,,,,,,,,maxgraci69@gmail.com,,,,,,,,,Italia,,,,,,,,,,,,,,,,,,,,GUEST,FREE,,0,18/06/2026,FREDDO,,
SIC00800,800,PERSONA,81LEAD|ContattiMirco|EmailMirco|Labotecnic1|Labotecnic2,Maxmarevivo,,,,,,IT,,,,,,,,,maxmarevivo@gmail.com,,,,,,,,,Italia,,,,,,,,,,,,,,,,,,,,GUEST,FREE,,0,18/06/2026,FREDDO,,
SIC00801,801,PERSONA,81LEAD|ContattiMirco|EmailMirco|Labotecnic1|Labotecnic2,Mazsandro,,,,,,IT,,,,,,,,,mazsandro@hotmail.com,,,,,,,,,Italia,,,,,,,,,,,,,,,,,,,,GUEST,FREE,,0,18/06/2026,FREDDO,,
SIC00802,802,PERSONA,81LEAD|ContattiMirco|EmailMirco|Labotecnic1|Labotecnic2,Mazzetto,,,,,,IT,,,,,,,,,mazzetto@sermetranet.it,,,,,,,,,Italia,,,,,,,,,,,,,,,,,,,,GUEST,FREE,,0,18/06/2026,FREDDO,,
SIC00803,803,PERSONA,81LEAD|ContattiMirco|EmailMirco|Labotecnic1|Labotecnic2,Mazzuccoluca,,,,,,IT,,,,,,,,,mazzuccoluca@gmail.com,,,,,,,,,Italia,,,,,,,,,,,,,,,,,,,,GUEST,FREE,,0,18/06/2026,FREDDO,,
SIC00804,804,PERSONA,81LEAD|ContattiMirco|EmailMirco|Labotecnic1|Labotecnic2,Mbonato,,,,,,IT,,,,,,,,,mbonato@me.com,,3934055836640,3934055836640,,,,,,Italia,,,,,,,,,,,,,,,,,,,,GUEST,FREE,,0,18/06/2026,FREDDO,,
SIC00805,805,PERSONA,81LEAD|ContattiMirco|EmailMirco|Labotecnic1|Labotecnic2,Medilav2011,,,,,,IT,,,,,,,,,medilav2011@tiscali.it,,,,,,,,,Italia,,,,,,,,,,,,,,,,,,,,GUEST,FREE,,0,18/06/2026,FREDDO,,
SIC00806,806,PERSONA,81LEAD|ContattiMirco|EmailMirco,Megajhp,,,,,,IT,,,,,,,,,megajhp@gmail.com,,329240971000,329240971000,,,,,,Italia,,,,,,,,,,,,,,,,,,,,GUEST,FREE,,0,18/06/2026,FREDDO,,
SIC00807,807,PERSONA,81LEAD|ContattiMirco|EmailMirco|Labotecnic1|Labotecnic2,Melanywindm,,,,,,IT,,,,,,,,,melanywind83m@libero.it,,3933567422830,3933567422830,,,,,,Italia,,,,,,,,,,,,,,,,,,,,GUEST,FREE,,0,18/06/2026,FREDDO,,
SIC00808,808,PERSONA,81LEAD|ContattiMirco|EmailMirco|Labotecnic1|Labotecnic2,Melissa_mesc,,,,,,IT,,,,,,,,,melissa_mesc@yahoo.com,,3934759156300,3934759156300,,,,,,Italia,,,,,,,,,,,,,,,,,,,,GUEST,FREE,,0,18/06/2026,FREDDO,,
SIC00809,809,PERSONA,81LEAD|ContattiMirco|EmailMirco,Mendezramongu,,,,,,IT,,,,,,,,,mendez2018ramongu@gmail.com,,320464335700,320464335700,,,,,,Italia,,,,,,,,,,,,,,,,,,,,GUEST,FREE,,0,18/06/2026,FREDDO,,
SIC00810,810,PERSONA,81LEAD|ContattiMirco|EmailMirco|Labotecnic1|Labotecnic2,Meneghessoalessia,,,,,,IT,,,,,,,,,meneghessoalessia@gmail.com,,,,,,,,,Italia,,,,,,,,,,,,,,,,,,,,GUEST,FREE,,0,18/06/2026,FREDDO,,
SIC00811,811,PERSONA,81LEAD|ContattiMirco|EmailMirco|Labotecnic1|Labotecnic2,Mery3000,,,,,,IT,,,,,,,,,mery3000@libero.it,,,,,,,,,Italia,,,,,,,,,,,,,,,,,,,,GUEST,FREE,,0,18/06/2026,FREDDO,,
SIC00812,812,PERSONA,81LEAD|ContattiMirco|EmailMirco|Labotecnic1|Labotecnic2,Mexas,,,,,,IT,,,,,,,,,mexas@libero.it,,,,,,,,,Italia,,,,,,,,,,,,,,,,,,,,GUEST,FREE,,0,18/06/2026,FREDDO,,
SIC00813,813,PERSONA,81LEAD|ContattiMirco|EmailMirco|Labotecnic1|Labotecnic2,Mguidijob,,,,,,IT,,,,,,,,,mguidijob@gmail.com,,,,,,,,,Italia,,,,,,,,,,,,,,,,,,,,GUEST,FREE,,0,18/06/2026,FREDDO,,
SIC00814,814,PERSONA,81LEAD|ContattiMirco|EmailMirco|Labotecnic1|Labotecnic2,Micangeli,,,,,,IT,,,,,,,,,micangeli@hotmail.it,,,,,,,,,Italia,,,,,,,,,,,,,,,,,,,,GUEST,FREE,,0,18/06/2026,FREDDO,,
SIC00815,815,PERSONA,81LEAD|ContattiMirco|EmailMirco|Labotecnic1|Labotecnic2,Michael,,,,,,IT,,,,,,,,,furlanmichael@ymail.com,,,,,,,,,Italia,,,,,,,,,,,,,,,,,,,,GUEST,FREE,,0,18/06/2026,FREDDO,,
SIC00816,816,PERSONA,81LEAD|ContattiMirco|EmailMirco|Labotecnic1|Labotecnic2,Michela_ferlin,,,,,,IT,,,,,,,,,michela_ferlin@yahoo.it,,3934024398550,3934024398550,,,,,,Italia,,,,,,,,,,,,,,,,,,,,GUEST,FREE,,0,18/06/2026,FREDDO,,
SIC00817,817,PERSONA,81LEAD|ContattiMirco|EmailMirco|Labotecnic1|Labotecnic2,Michele,,,,,,IT,,,,,,,,,michele@fivesuperiorstars.com,,3933553722480,3933553722480,,,,,,Italia,,,,,,,,,,,,,,,,,,,,GUEST,FREE,,0,18/06/2026,FREDDO,,
SIC00818,818,PERSONA,81LEAD|ContattiMirco,Micheledelta59,,,,,,IT,,,,,,,,,micheledelta59@gmail.it,,,,,,,,,Italia,,,,,,,,,,,,,,,,,,,,GUEST,FREE,,0,18/06/2026,FREDDO,,
SIC00819,819,PERSONA,81LEAD|ContattiMirco|EmailMirco|Labotecnic1|Labotecnic2,Michellecappelletto,,,,,,IT,,,,,,,,,michellecappelletto@gmail.com,,,,,,,,,Italia,,,,,,,,,,,,,,,,,,,,GUEST,FREE,,0,18/06/2026,FREDDO,,
SIC00820,820,PERSONA,81LEAD|ContattiMirco|EmailMirco|Labotecnic1|Labotecnic2,Mikeiscaro,,,,,,IT,,,,,,,,,mikeiscaro@hotmail.com,,,,,,,,,Italia,,,,,,,,,,,,,,,,,,,,GUEST,FREE,,0,18/06/2026,FREDDO,,
SIC00821,821,PERSONA,81LEAD|ContattiMirco|EmailMirco|Labotecnic1|Labotecnic2,Mikelhelmi,,,,,,IT,,,,,,,,,mikelhelmi@libero.it,,,,,,,,,Italia,,,,,,,,,,,,,,,,,,,,GUEST,FREE,,0,18/06/2026,FREDDO,,
SIC00822,822,PERSONA,81LEAD|ContattiMirco|EmailMirco|Labotecnic1|Labotecnic2,Milagrosmenendez71,,,,,,IT,,,,,,,,,milagrosmenendez71@gmail.com,,,,,,,,,Italia,,,,,,,,,,,,,,,,,,,,GUEST,FREE,,0,18/06/2026,FREDDO,,
SIC00823,823,PERSONA,81LEAD|ContattiMirco|EmailMirco|Labotecnic1|Labotecnic2,Milaka1979,,,,,,IT,,,,,,,,,milaka1979@hotmail.com,,,,,,,,,Italia,,,,,,,,,,,,,,,,,,,,GUEST,FREE,,0,18/06/2026,FREDDO,,
SIC00824,824,PERSONA,81LEAD|ContattiMirco|EmailMirco,Milaniloeis1976,,,,,,IT,,,,,,,,,milaniloeis1976@gmail.com,,,,,,,,,Italia,,,,,,,,,,,,,,,,,,,,GUEST,FREE,,0,18/06/2026,FREDDO,,
SIC00825,825,PERSONA,81LEAD|ContattiMirco|EmailMirco,Milaniloria1976,,,,,,IT,,,,,,,,,milaniloria1976@gmail.com,,,,,,,,,Italia,,,,,,,,,,,,,,,,,,,,GUEST,FREE,,0,18/06/2026,FREDDO,,
SIC00826,826,PERSONA,81LEAD|ContattiMirco|EmailMirco,Milaniloris1976,,,,,,IT,,,,,,,,,milaniloris1976@gmail.com,,,,,,,,,Italia,,,,,,,,,,,,,,,,,,,,GUEST,FREE,,0,18/06/2026,FREDDO,,
SIC00827,827,PERSONA,81LEAD|ContattiMirco|EmailMirco,Milaniloris2976,,,,,,IT,,,,,,,,,milaniloris2976@gmail.com,,,,,,,,,Italia,,,,,,,,,,,,,,,,,,,,GUEST,FREE,,0,18/06/2026,FREDDO,,
SIC00828,828,PERSONA,81LEAD|ContattiMirco|EmailMirco,Milaniloris76,,,,,,IT,,,,,,,,,milaniloris76@gmail.com,,,,,,,,,Italia,,,,,,,,,,,,,,,,,,,,GUEST,FREE,,0,18/06/2026,FREDDO,,
SIC00829,829,PERSONA,81LEAD|ContattiMirco|EmailMirco,Milaniloros1976,,,,,,IT,,,,,,,,,milaniloros1976@gmail.com,,,,,,,,,Italia,,,,,,,,,,,,,,,,,,,,GUEST,FREE,,0,18/06/2026,FREDDO,,
SIC00830,830,PERSONA,81LEAD|ContattiMirco|EmailMirco,Mingozzichiara,,,,,,IT,,,,,,,,,mingozzichiara@iisciprianicolombo.edu.it,,,,,,,,,Italia,,,,,,,,,,,,,,,,,,,,GUEST,FREE,,0,18/06/2026,FREDDO,,
SIC00831,831,PERSONA,81LEAD|ContattiMirco|EmailMirco|Labotecnic1|Labotecnic2,Mioriandmore,,,,,,IT,,,,,,,,,mioriandmore@gmail.com,,,,,,,,,Italia,,,,,,,,,,,,,,,,,,,,GUEST,FREE,,0,18/06/2026,FREDDO,,
SIC00832,832,PERSONA,81LEAD|ContattiMirco|EmailMirco,Miottomichele59,,,,,,IT,,,,,,,,,miottomichele59@gmail.it,,,,,,,,,Italia,,,,,,,,,,,,,,,,,,,,GUEST,FREE,,0,18/06/2026,FREDDO,,
SIC00833,833,PERSONA,81LEAD|ContattiMirco|EmailMirco|Labotecnic1|Labotecnic2,Mirandolavasco,,,,,,IT,,,,,,,,,mirandolavasco@gmail.com,,,,,,,,,Italia,,,,,,,,,,,,,,,,,,,,GUEST,FREE,,0,18/06/2026,FREDDO,,
SIC00834,834,PERSONA,81LEAD|ContattiMirco|EmailMirco|Labotecnic1|Labotecnic2,Miranorma,,,,,,IT,,,,,,,,,miranorma@libero.it,,,,,,,,,Italia,,,,,,,,,,,,,,,,,,,,GUEST,FREE,,0,18/06/2026,FREDDO,,
SIC00835,835,PERSONA,81LEAD|ContattiMirco|EmailMirco|Labotecnic1|Labotecnic2,Mirapic,,,,,,IT,,,,,,,,,mirapic@virgilio.it,,,,,,,,,Italia,,,,,,,,,,,,,,,,,,,,GUEST,FREE,,0,18/06/2026,FREDDO,,
SIC00836,836,PERSONA,81LEAD|ContattiMirco|EmailMirco|Labotecnic1|Labotecnic2,Mirca,,,,,,IT,,,,,,,,,mirca@nglattonieri.com,,,,,,,,,Italia,,,,,,,,,,,,,,,,,,,,GUEST,FREE,,0,18/06/2026,FREDDO,,
SIC00837,837,PERSONA,81LEAD|ContattiMirco,Mirco,,,,,,IT,,,,,,,,,mirco@porzionatoassociati.it,,3934967810840,3934967810840,,,,,,Italia,,,,,,,,,,,,,,,,,,,,GUEST,FREE,,0,18/06/2026,FREDDO,,
SIC00838,838,PERSONA,81LEAD,Mirco,,,,,,IT,,,,,,,,,daoplanb@gmail.com,,,,,,,,,Italia,,,,,,,,,,,,,,,,,,,,GUEST,FREE,,0,18/06/2026,FREDDO,,
SIC00839,839,PERSONA,81LEAD|ContattiMirco|Labotecnic1|Labotecnic2,Mircobenedetti,,,,,,IT,,,,,,,,,mircobenedetti@gmail.com,,,,,,,,,Italia,,,,,,,,,,,,,,,,,,,,GUEST,FREE,,0,18/06/2026,FREDDO,,
SIC00840,840,PERSONA,81LEAD|ContattiMirco|Labotecnic1|Labotecnic2,Mircogiupponi,,,,,,IT,,,,,,,,,mircogiupponi@libero.it,,,,,,,,,Italia,,,,,,,,,,,,,,,,,,,,GUEST,FREE,,0,18/06/2026,FREDDO,,
SIC00841,841,PERSONA,81LEAD|ContattiMirco|EmailMirco|Labotecnic1|Labotecnic2,Mirellad,,,,,,IT,,,,,,,,,mirellad@tiscali.it,,,,,,,,,Italia,,,,,,,,,,,,,,,,,,,,GUEST,FREE,,0,18/06/2026,FREDDO,,
SIC00842,842,PERSONA,81LEAD|ContattiMirco|EmailMirco|Labotecnic1|Labotecnic2,Miriamsanfilippo,,,,,,IT,,,,,,,,,miriamsanfilippo@gmail.com,,,,,,,,,Italia,,,,,,,,,,,,,,,,,,,,GUEST,FREE,,0,18/06/2026,FREDDO,,
SIC00843,843,PERSONA,81LEAD|ContattiMirco|EmailMirco|Labotecnic1|Labotecnic2,Mmauro0267,,,,,,IT,,,,,,,,,mmauro0267@gmail.com,,3933712066150,3933712066150,,,,,,Italia,,,,,,,,,,,,,,,,,,,,GUEST,FREE,,0,18/06/2026,FREDDO,,
SIC00844,844,PERSONA,81LEAD|ContattiMirco|EmailMirco|Labotecnic1|Labotecnic2,Mmm-bop,,,,,,IT,,,,,,,,,mmm-bop@hotmail.it,,,,,,,,,Italia,,,,,,,,,,,,,,,,,,,,GUEST,FREE,,0,18/06/2026,FREDDO,,
SIC00845,845,PERSONA,81LEAD|ContattiMirco|EmailMirco|Labotecnic1|Labotecnic2,Mmta,,,,,,IT,,,,,,,,,mmt65a@gmail.com,,,,,,,,,Italia,,,,,,,,,,,,,,,,,,,,GUEST,FREE,,0,18/06/2026,FREDDO,,
SIC00846,846,PERSONA,81LEAD|ContattiMirco|EmailMirco|Labotecnic1|Labotecnic2,Mnegro80,,,,,,IT,,,,,,,,,mnegro80@gmail.com,,,,,,,,,Italia,,,,,,,,,,,,,,,,,,,,GUEST,FREE,,0,18/06/2026,FREDDO,,
SIC00847,847,PERSONA,81LEAD|ContattiMirco|EmailMirco|Labotecnic1|Labotecnic2,Mo-88,,,,,,IT,,,,,,,,,mo-88@live.it,,,,,,,,,Italia,,,,,,,,,,,,,,,,,,,,GUEST,FREE,,0,18/06/2026,FREDDO,,
SIC00848,848,PERSONA,81LEAD|ContattiMirco|EmailMirco|Labotecnic1|Labotecnic2,Modellimkt,,,,,,IT,,,,,,,,,modellimkt@gmail.com,,,,,,,,,Italia,,,,,,,,,,,,,,,,,,,,GUEST,FREE,,0,18/06/2026,FREDDO,,
SIC00849,849,PERSONA,81LEAD|ContattiMirco|EmailMirco|Labotecnic1|Labotecnic2,Molinobergamini,,,,,,IT,,,,,,,,,molinobergamini@libero.it,,,,,,,,,Italia,,,,,,,,,,,,,,,,,,,,GUEST,FREE,,0,18/06/2026,FREDDO,,
SIC00850,850,PERSONA,81LEAD|ContattiMirco|EmailMirco|Labotecnic1|Labotecnic2,Monia,,,,,,IT,,,,,,,,,monia@zambonmarmi.it,,,,,,,,,Italia,,,,,,,,,,,,,,,,,,,,GUEST,FREE,,0,18/06/2026,FREDDO,,
SIC00851,851,PERSONA,81LEAD|ContattiMirco|EmailMirco|Labotecnic1|Labotecnic2,Moniam,,,,,,IT,,,,,,,,,moniam@libero.it,,,,,,,,,Italia,,,,,,,,,,,,,,,,,,,,GUEST,FREE,,0,18/06/2026,FREDDO,,
SIC00852,852,PERSONA,81LEAD|ContattiMirco|EmailMirco|Labotecnic1|Labotecnic2,Monicabaioni32,,,,,,IT,,,,,,,,,monicabaioni32@gmail.com,,3934066641990,3934066641990,,,,,,Italia,,,,,,,,,,,,,,,,,,,,GUEST,FREE,,0,18/06/2026,FREDDO,,
SIC00853,853,PERSONA,81LEAD|ContattiMirco|EmailMirco|Labotecnic1|Labotecnic2,Monicafonsato,,,,,,IT,,,,,,,,,monicafonsato@gmail.com,,,,,,,,,Italia,,,,,,,,,,,,,,,,,,,,GUEST,FREE,,0,18/06/2026,FREDDO,,
SIC00854,854,PERSONA,81LEAD|ContattiMirco|Labotecnic1|Labotecnic2,Monteleoneantonietta,,,,,,IT,,,,,,,,,monteleoneantonietta@libero.it,,,,,,,,,Italia,,,,,,,,,,,,,,,,,,,,GUEST,FREE,,0,18/06/2026,FREDDO,,
SIC00855,855,PERSONA,81LEAD|EmailMirco,Montepescali,,,,,,IT,,,,,,,,,v.bloise@trenitalia.it,,3905954547600,3905954547600,,,,,,Italia,,,,,,,,,,,,,,,,,,,,GUEST,FREE,,0,18/06/2026,FREDDO,,
SIC00856,856,PERSONA,81LEAD|ContattiMirco|EmailMirco,Moregolaluciano,,,,,,IT,,,,,,,,,moregolaluciano@libero.it,,3934942148770,3934942148770,,,,,,Italia,,,,,,,,,,,,,,,,,,,,GUEST,FREE,,0,18/06/2026,FREDDO,,
SIC00857,857,PERSONA,81LEAD|ContattiMirco|Labotecnic1|Labotecnic2,Morini_alex,,,,,,IT,,,,,,,,,morini_alex@hotmail.com,,,,,,,,,Italia,,,,,,,,,,,,,,,,,,,,GUEST,FREE,,0,18/06/2026,FREDDO,,
SIC00858,858,PERSONA,81LEAD|ContattiMirco|EmailMirco|Labotecnic1|Labotecnic2,Mottamarta69,,,,,,IT,,,,,,,,,mottamarta69@gmail.com,,3933386645000,3933386645000,,,,,,Italia,,,,,,,,,,,,,,,,,,,,GUEST,FREE,,0,18/06/2026,FREDDO,,
SIC00859,859,PERSONA,81LEAD|ContattiMirco|EmailMirco,Moutacharifo,,,,,,IT,,,,,,,,,moutacharifo@gmail.com,,,,,,,,,Italia,,,,,,,,,,,,,,,,,,,,GUEST,FREE,,0,18/06/2026,FREDDO,,
SIC00860,860,PERSONA,81LEAD|Labotecnic1|Labotecnic2,Mpizzi,,,,,,IT,,,,,,,,,mpizzi@lavoro.gov.it,,,,,,,,,Italia,,,,,,,,,,,,,,,,,,,,GUEST,FREE,,0,18/06/2026,FREDDO,,
SIC00861,861,PERSONA,81LEAD|ContattiMirco|EmailMirco|Labotecnic1|Labotecnic2,Mrrosabo,,,,,,IT,,,,,,,,,mrrosabo@libero.it,,,,,,,,,Italia,,,,,,,,,,,,,,,,,,,,GUEST,FREE,,0,18/06/2026,FREDDO,,
SIC00862,862,PERSONA,81LEAD|ContattiMirco|EmailMirco|Labotecnic1|Labotecnic2,Musikana,,,,,,IT,,,,,,,,,musikana@libero.it,,,,,,,,,Italia,,,,,,,,,,,,,,,,,,,,GUEST,FREE,,0,18/06/2026,FREDDO,,
SIC00863,863,PERSONA,81LEAD|ContattiMirco|EmailMirco,Mwrlife,,,,,,IT,,,,,,,,,mwrlife@globalewallet.com,,,,,,,,,Italia,,,,,,,,,,,,,,,,,,,,GUEST,FREE,,0,18/06/2026,FREDDO,,
SIC00864,864,PERSONA,81LEAD|ContattiMirco|Labotecnic1|Labotecnic2,Nabilross,,,,,,IT,,,,,,,,,9nabilross7@gmail.com,,,,,,,,,Italia,,,,,,,,,,,,,,,,,,,,GUEST,FREE,,0,18/06/2026,FREDDO,,
SIC00865,865,PERSONA,81LEAD|ContattiMirco|EmailMirco,Napoligaetano81,,,,,,IT,,,,,,,,,napoligaetano81@gmail.com,,,,,,,,,Italia,,,,,,,,,,,,,,,,,,,,GUEST,FREE,,0,18/06/2026,FREDDO,,
SIC00866,866,PERSONA,81LEAD|ContattiMirco|EmailMirco|Labotecnic1|Labotecnic2,Napolitano_silvia,,,,,,IT,,,,,,,,,napolitano_silvia@libero.it,,,,,,,,,Italia,,,,,,,,,,,,,,,,,,,,GUEST,FREE,,0,18/06/2026,FREDDO,,
SIC00867,867,PERSONA,81LEAD|ContattiMirco|EmailMirco|Labotecnic1|Labotecnic2,Nardinge,,,,,,IT,,,,,,,,,nardinge@libero.it,,,,,,,,,Italia,,,,,,,,,,,,,,,,,,,,GUEST,FREE,,0,18/06/2026,FREDDO,,
SIC00868,868,PERSONA,81LEAD|ContattiMirco|EmailMirco|Labotecnic1|Labotecnic2,Natystani,,,,,,IT,,,,,,,,,natystani@icloud.com,,,,,,,,,Italia,,,,,,,,,,,,,,,,,,,,GUEST,FREE,,0,18/06/2026,FREDDO,,
SIC00869,869,PERSONA,81LEAD|ContattiMirco|EmailMirco|Labotecnic1|Labotecnic2,Nelloesimo,,,,,,IT,,,,,,,,,nelloesimo@libero.it,,,,,,,,,Italia,,,,,,,,,,,,,,,,,,,,GUEST,FREE,,0,18/06/2026,FREDDO,,
SIC00870,870,PERSONA,81LEAD|ContattiMirco|EmailMirco|Labotecnic1|Labotecnic2,Neridermo,,,,,,IT,,,,,,,,,neridermo@libero.lt,,,,,,,,,Italia,,,,,,,,,,,,,,,,,,,,GUEST,FREE,,0,18/06/2026,FREDDO,,
SIC00871,871,PERSONA,81LEAD|ContattiMirco|EmailMirco|Labotecnic1|Labotecnic2,Nespoli,,,,,,IT,,,,,,,,,nespoli@cerchioblu.org,,,,,,,,,Italia,,,,,,,,,,,,,,,,,,,,GUEST,FREE,,0,18/06/2026,FREDDO,,
SIC00872,872,PERSONA,81LEAD|ContattiMirco|EmailMirco|Labotecnic1|Labotecnic2,Newfly76,,,,,,IT,,,,,,,,,newfly76@hotmail.it,,,,,,,,,Italia,,,,,,,,,,,,,,,,,,,,GUEST,FREE,,0,18/06/2026,FREDDO,,
SIC00873,873,PERSONA,81LEAD|ContattiMirco|EmailMirco|Labotecnic1|Labotecnic2,Newlinesm,,,,,,IT,,,,,,,,,newlinesm@libero.it,,,,,,,,,Italia,,,,,,,,,,,,,,,,,,,,GUEST,FREE,,0,18/06/2026,FREDDO,,
SIC00874,874,PERSONA,81LEAD|ContattiMirco|EmailMirco|Labotecnic1|Labotecnic2,News,,,,,,IT,,,,,,,,,news@portaleconsulenti.it,,328485212100,328485212100,,,,,,Italia,,,,,,,,,,,,,,,,,,,,GUEST,FREE,,0,18/06/2026,FREDDO,,
SIC00875,875,PERSONA,81LEAD|ContattiMirco|EmailMirco|Labotecnic1|Labotecnic2,Newsteteys,,,,,,IT,,,,,,,,,newsteteys@gmail.com,,,,,,,,,Italia,,,,,,,,,,,,,,,,,,,,GUEST,FREE,,0,18/06/2026,FREDDO,,
SIC00876,876,PERSONA,81LEAD|ContattiMirco|Labotecnic1|Labotecnic2,Niassekhadim1501,,,,,,IT,,,,,,,,,niassekhadim1501@gmail.com,,,,,,,,,Italia,,,,,,,,,,,,,,,,,,,,GUEST,FREE,,0,18/06/2026,FREDDO,,
SIC00877,877,PERSONA,81LEAD|ContattiMirco|EmailMirco,Niazig11,,,,,,IT,,,,,,,,,niazig11@gmail.com,,,,,,,,,Italia,,,,,,,,,,,,,,,,,,,,GUEST,FREE,,0,18/06/2026,FREDDO,,
SIC00878,878,PERSONA,81LEAD|ContattiMirco|EmailMirco|Labotecnic1|Labotecnic2,Nicohd1340,,,,,,IT,,,,,,,,,nicohd1340@libero.it,,,,,,,,,Italia,,,,,,,,,,,,,,,,,,,,GUEST,FREE,,0,18/06/2026,FREDDO,,
SIC00879,879,PERSONA,81LEAD|ContattiMirco|EmailMirco|Labotecnic1|Labotecnic2,Nicola,,,,,,IT,,,,,,,,,nicola@soladria.it,,39348485036100,39348485036100,,,,,,Italia,,,,,,,,,,,,,,,,,,,,GUEST,FREE,,0,18/06/2026,FREDDO,,
SIC00880,880,PERSONA,81LEAD|ContattiMirco|EmailMirco|Labotecnic1|Labotecnic2,Nicolapasta,,,,,,IT,,,,,,,,,nicolapasta@alice.it,,,,,,,,,Italia,,,,,,,,,,,,,,,,,,,,GUEST,FREE,,0,18/06/2026,FREDDO,,
SIC00881,881,PERSONA,81LEAD|ContattiMirco|EmailMirco|Labotecnic1|Labotecnic2,Nicolemondin90,,,,,,IT,,,,,,,,,nicolemondin90@gmail.com,,,,,,,,,Italia,,,,,,,,,,,,,,,,,,,,GUEST,FREE,,0,18/06/2026,FREDDO,,
SIC00882,882,PERSONA,81LEAD|ContattiMirco|EmailMirco,Nikhilfayaz,,,,,,IT,,,,,,,,,nikhilfayaz@gmail.com,,,,,,,,,Italia,,,,,,,,,,,,,,,,,,,,GUEST,FREE,,0,18/06/2026,FREDDO,,
SIC00883,883,PERSONA,81LEAD|ContattiMirco|EmailMirco|Labotecnic1|Labotecnic2,Nikupalade,,,,,,IT,,,,,,,,,nikupalade@gmail.com,,,,,,,,,Italia,,,,,,,,,,,,,,,,,,,,GUEST,FREE,,0,18/06/2026,FREDDO,,
SIC00884,884,PERSONA,81LEAD|ContattiMirco|EmailMirco|Labotecnic1|Labotecnic2,Nildesava,,,,,,IT,,,,,,,,,nildesava@libero.it,,,,,,,,,Italia,,,,,,,,,,,,,,,,,,,,GUEST,FREE,,0,18/06/2026,FREDDO,,
SIC00885,885,PERSONA,81LEAD|ContattiMirco|EmailMirco|Labotecnic1|Labotecnic2,Nisigiuseppe,,,,,,IT,,,,,,,,,nisigiuseppe@yahoo.it,,,,,,,,,Italia,,,,,,,,,,,,,,,,,,,,GUEST,FREE,,0,18/06/2026,FREDDO,,
SIC00886,886,PERSONA,81LEAD|ContattiMirco|EmailMirco|Labotecnic1|Labotecnic2,Nlalanne,,,,,,IT,,,,,,,,,nlalanne@alice.it,,,,,,,,,Italia,,,,,,,,,,,,,,,,,,,,GUEST,FREE,,0,18/06/2026,FREDDO,,
SIC00887,887,PERSONA,81LEAD|ContattiMirco|EmailMirco|Labotecnic1|Labotecnic2,Nonloso-1969,,,,,,IT,,,,,,,,,nonloso-1969@libero.it,,,,,,,,,Italia,,,,,,,,,,,,,,,,,,,,GUEST,FREE,,0,18/06/2026,FREDDO,,
SIC00888,888,PERSONA,81LEAD|ContattiMirco|EmailMirco,Nordiofederico,,,,,,IT,,,,,,,,,nordiofederico@hotmail.com,,,,,,,,,Italia,,,,,,,,,,,,,,,,,,,,GUEST,FREE,,0,18/06/2026,FREDDO,,
SIC00889,889,PERSONA,81LEAD|ContattiMirco|EmailMirco|Labotecnic1|Labotecnic2,Nordiox,,,,,,IT,,,,,,,,,nordiox@libero.it,,,,,,,,,Italia,,,,,,,,,,,,,,,,,,,,GUEST,FREE,,0,18/06/2026,FREDDO,,
SIC00890,890,PERSONA,81LEAD|ContattiMirco|EmailMirco|Labotecnic1|Labotecnic2,Noylen,,,,,,IT,,,,,,,,,noylen@hotmail.com,,,,,,,,,Italia,,,,,,,,,,,,,,,,,,,,GUEST,FREE,,0,18/06/2026,FREDDO,,
SIC00891,891,PERSONA,81LEAD|ContattiMirco|EmailMirco,Nss_sistemasinistriunipol,,,,,,IT,,,,,,,,,nss_sistemasinistriunipol@unipol.it,,,,,,,,,Italia,,,,,,,,,,,,,,,,,,,,GUEST,FREE,,0,18/06/2026,FREDDO,,
SIC00892,892,PERSONA,81LEAD|ContattiMirco|EmailMirco|Labotecnic1|Labotecnic2,Nuovabelpesca,,,,,,IT,,,,,,,,,info@nuovabelpesca.it,,,,,,,,,Italia,,,,,,,,,,,,,,,,,,,,GUEST,FREE,,0,18/06/2026,FREDDO,,
SIC00893,893,PERSONA,81LEAD|ContattiMirco|EmailMirco,Nuvolettogianfranco,,,,,,IT,,,,,,,,,nuvolettogianfranco@commercialeferramenta.it,,,,,,,,,Italia,,,,,,,,,,,,,,,,,,,,GUEST,FREE,,0,18/06/2026,FREDDO,,
SIC00894,894,PERSONA,81LEAD|ContattiMirco|EmailMirco|Labotecnic1|Labotecnic2,Nvste80,,,,,,IT,,,,,,,,,nvste80@gmail.com,,,,,,,,,Italia,,,,,,,,,,,,,,,,,,,,GUEST,FREE,,0,18/06/2026,FREDDO,,
SIC00895,895,PERSONA,81LEAD|ContattiMirco|EmailMirco|Labotecnic1|Labotecnic2,Odontoiatriacavarzere,,,,,,IT,,,,,,,,,odontoiatriacavarzere@gmail.com,,,,,,,,,Italia,,,,,,,,,,,,,,,,,,,,GUEST,FREE,,0,18/06/2026,FREDDO,,
SIC00896,896,PERSONA,81LEAD|ContattiMirco|EmailMirco|Labotecnic1|Labotecnic2,Ofbellicapelli,,,,,,IT,,,,,,,,,ofbellicapelli@gmail.com,,,,,,,,,Italia,,,,,,,,,,,,,,,,,,,,GUEST,FREE,,0,18/06/2026,FREDDO,,
SIC00897,897,PERSONA,81LEAD|ContattiMirco|EmailMirco|Labotecnic1|Labotecnic2,Ofrizzo,,,,,,IT,,,,,,,,,ofrizzo@libero.it,,,,,,,,,Italia,,,,,,,,,,,,,,,,,,,,GUEST,FREE,,0,18/06/2026,FREDDO,,
SIC00898,898,PERSONA,ContattiMirco|EmailMirco,Omarbiker73,,,,,,IT,,,,,,,,,omarbiker73@yahoo.it,,,,,,,,,Italia,,,,,,,,,,,,,,,,,,,,GUEST,FREE,,0,18/06/2026,FREDDO,,
SIC00899,899,PERSONA,ContattiMirco|EmailMirco|Labotecnic1|Labotecnic2,Omarcappelletto,,,,,,IT,,,,,,,,,omarcappelletto@gmail.com,,,,,,,,,Italia,,,,,,,,,,,,,,,,,,,,GUEST,FREE,,0,18/06/2026,FREDDO,,
SIC00900,900,PERSONA,ContattiMirco|EmailMirco,Omarmoutacharif78,,,,,,IT,,,,,,,,,omarmoutacharif78@gmail.com,,,,,,,,,Italia,,,,,,,,,,,,,,,,,,,,GUEST,FREE,,0,18/06/2026,FREDDO,,
SIC00901,901,PERSONA,ContattiMirco|EmailMirco,Omarmoutscharif78,,,,,,IT,,,,,,,,,omarmoutscharif78@gmail.com,,,,,,,,,Italia,,,,,,,,,,,,,,,,,,,,GUEST,FREE,,0,18/06/2026,FREDDO,,
SIC00902,902,PERSONA,81LEAD|ContattiMirco|EmailMirco|Labotecnic1|Labotecnic2,Ombre71,,,,,,IT,,,,,,,,,ombre71@hotmail.com,,,,,,,,,Italia,,,,,,,,,,,,,,,,,,,,GUEST,FREE,,0,18/06/2026,FREDDO,,
SIC00903,903,PERSONA,81LEAD|ContattiMirco|EmailMirco|Labotecnic1|Labotecnic2,Omerican81,,,,,,IT,,,,,,,,,omerican81@gmail.com,,,,,,,,,Italia,,,,,,,,,,,,,,,,,,,,GUEST,FREE,,0,18/06/2026,FREDDO,,
SIC00904,904,PERSONA,81LEAD|ContattiMirco|EmailMirco,Oneanboards,,,,,,IT,,,,,,,,,oneanboards@gmail.com,,329221189000,329221189000,,,,,,Italia,,,,,,,,,,,,,,,,,,,,GUEST,FREE,,0,18/06/2026,FREDDO,,
SIC00905,905,PERSONA,81LEAD|ContattiMirco|EmailMirco|Labotecnic1|Labotecnic2,Oneraul,,,,,,IT,,,,,,,,,oneraul@hotmail.com,,,,,,,,,Italia,,,,,,,,,,,,,,,,,,,,GUEST,FREE,,0,18/06/2026,FREDDO,,
SIC00906,906,PERSONA,81LEAD|ContattiMirco,Ooxtx,,,,,,IT,,,,,,,,,999ooxtx@gmail.com,,,,,,,,,Italia,,,,,,,,,,,,,,,,,,,,GUEST,FREE,,0,18/06/2026,FREDDO,,
SIC00907,907,PERSONA,81LEAD|ContattiMirco|EmailMirco|Labotecnic1|Labotecnic2,Orbital_76,,,,,,IT,,,,,,,,,orbital_76@libero.it,,,,,,,,,Italia,,,,,,,,,,,,,,,,,,,,GUEST,FREE,,0,18/06/2026,FREDDO,,
SIC00908,908,PERSONA,81LEAD|ContattiMirco|EmailMirco|Labotecnic1|Labotecnic2,Oriettapaga,,,,,,IT,,,,,,,,,oriettapaga@gmail.com,,,,,,,,,Italia,,,,,,,,,,,,,,,,,,,,GUEST,FREE,,0,18/06/2026,FREDDO,,
SIC00909,909,PERSONA,81LEAD|ContattiMirco|EmailMirco,Orlandogrossato,,,,,,IT,,,,,,,,,orlandogrossato@gmail.com,,,,,,,,,Italia,,,,,,,,,,,,,,,,,,,,GUEST,FREE,,0,18/06/2026,FREDDO,,
SIC00910,910,PERSONA,81LEAD|ContattiMirco|EmailMirco|Labotecnic1|Labotecnic2,Orlaxxx,,,,,,IT,,,,,,,,,orlaxxx@libero.it,,,,,,,,,Italia,,,,,,,,,,,,,,,,,,,,GUEST,FREE,,0,18/06/2026,FREDDO,,
SIC00911,911,PERSONA,81LEAD|ContattiMirco|EmailMirco|Labotecnic1|Labotecnic2,Ortofrutticolapanzin,,,,,,IT,,,,,,,,,ortofrutticolapanzin@libero.it,,,,,,,,,Italia,,,,,,,,,,,,,,,,,,,,GUEST,FREE,,0,18/06/2026,FREDDO,,
SIC00912,912,PERSONA,81LEAD|ContattiMirco|EmailMirco|Labotecnic1|Labotecnic2,Oscarsemola,,,,,,IT,,,,,,,,,oscarsemola@libero.it,,,,,,,,,Italia,,,,,,,,,,,,,,,,,,,,GUEST,FREE,,0,18/06/2026,FREDDO,,
SIC00913,913,PERSONA,81LEAD|ContattiMirco|EmailMirco|Labotecnic1|Labotecnic2,Osso9687,,,,,,IT,,,,,,,,,osso9687@gmail.com,,,,,,,,,Italia,,,,,,,,,,,,,,,,,,,,GUEST,FREE,,0,18/06/2026,FREDDO,,
SIC00914,914,PERSONA,81LEAD|ContattiMirco|EmailMirco|Labotecnic1|Labotecnic2,Padoan63,,,,,,IT,,,,,,,,,padoan63@gmail.com,,,,,,,,,Italia,,,,,,,,,,,,,,,,,,,,GUEST,FREE,,0,18/06/2026,FREDDO,,
SIC00915,915,PERSONA,81LEAD|ContattiMirco|EmailMirco|Labotecnic1|Labotecnic2,Padusallestimenti,,,,,,IT,,,,,,,,,padusallestimenti@gmail.com,,,,,,,,,Italia,,,,,,,,,,,,,,,,,,,,GUEST,FREE,,0,18/06/2026,FREDDO,,
SIC00916,916,PERSONA,81LEAD|ContattiMirco|EmailMirco|Labotecnic1|Labotecnic2,Paga,,,,,,IT,,,,,,,,,paga@icloud.com,,,,,,,,,Italia,,,,,,,,,,,,,,,,,,,,GUEST,FREE,,0,18/06/2026,FREDDO,,
SIC00917,917,PERSONA,81LEAD|ContattiMirco|EmailMirco|Labotecnic1|Labotecnic2,Pallose,,,,,,IT,,,,,,,,,pallose@hotmail.it,,3934926042440,3934926042440,,,,,,Italia,,,,,,,,,,,,,,,,,,,,GUEST,FREE,,0,18/06/2026,FREDDO,,
SIC00918,918,PERSONA,81LEAD|ContattiMirco|EmailMirco,Palopoli1963,,,,,,IT,,,,,,,,,palopoli1963@gmail.com,,,,,,,,,Italia,,,,,,,,,,,,,,,,,,,,GUEST,FREE,,0,18/06/2026,FREDDO,,
SIC00919,919,PERSONA,81LEAD|ContattiMirco|EmailMirco|Labotecnic1|Labotecnic2,Pampanafrancesco,,,,,,IT,,,,,,,,,pampanafrancesco@tiscali.it,,,,,,,,,Italia,,,,,,,,,,,,,,,,,,,,GUEST,FREE,,0,18/06/2026,FREDDO,,
SIC00920,920,PERSONA,81LEAD|ContattiMirco|EmailMirco|Labotecnic1|Labotecnic2,Panemnostrum,,,,,,IT,,,,,,,,,panemnostrum@virgilio.it,,,,,,,,,Italia,,,,,,,,,,,,,,,,,,,,GUEST,FREE,,0,18/06/2026,FREDDO,,
SIC00921,921,PERSONA,81LEAD|ContattiMirco|EmailMirco|Labotecnic1|Labotecnic2,Paolabenvenuti70,,,,,,IT,,,,,,,,,paolabenvenuti70@gmail.com,,,,,,,,,Italia,,,,,,,,,,,,,,,,,,,,GUEST,FREE,,0,18/06/2026,FREDDO,,
SIC00922,922,PERSONA,81LEAD|ContattiMirco|EmailMirco|Labotecnic1|Labotecnic2,Paolaeiredicuori,,,,,,IT,,,,,,,,,paolaeiredicuori@tiscali.it,,3934889964340,3934889964340,,,,,,Italia,,,,,,,,,,,,,,,,,,,,GUEST,FREE,,0,18/06/2026,FREDDO,,
SIC00923,923,PERSONA,81LEAD|ContattiMirco|EmailMirco,Paolagabe80,,,,,,IT,,,,,,,,,paolagabe80@gmail.com,,338768647000,338768647000,,,,,,Italia,,,,,,,,,,,,,,,,,,,,GUEST,FREE,,0,18/06/2026,FREDDO,,
SIC00924,924,PERSONA,81LEAD|ContattiMirco|EmailMirco|Labotecnic1|Labotecnic2,Paolapaolelli,,,,,,IT,,,,,,,,,paolapaolelli@gmail.com,,,,,,,,,Italia,,,,,,,,,,,,,,,,,,,,GUEST,FREE,,0,18/06/2026,FREDDO,,
SIC00925,925,PERSONA,81LEAD|ContattiMirco|EmailMirco|Labotecnic1|Labotecnic2,Paolaperugini,,,,,,IT,,,,,,,,,paola27perugini@libero.it,,3934713823150,3934713823150,,,,,,Italia,,,,,,,,,,,,,,,,,,,,GUEST,FREE,,0,18/06/2026,FREDDO,,
SIC00926,926,PERSONA,81LEAD|ContattiMirco|EmailMirco|Labotecnic1|Labotecnic2,Paolina471,,,,,,IT,,,,,,,,,paolina471@gmail.com,,,,,,,,,Italia,,,,,,,,,,,,,,,,,,,,GUEST,FREE,,0,18/06/2026,FREDDO,,
SIC00927,927,PERSONA,81LEAD|ContattiMirco|EmailMirco|Labotecnic1|Labotecnic2,Paolo,,,,,,IT,,,,,,,,,conventopaolo@yahoo.it,,,,,,,,,Italia,,,,,,,,,,,,,,,,,,,,GUEST,FREE,,0,18/06/2026,FREDDO,,
SIC00928,928,PERSONA,81LEAD|ContattiMirco|EmailMirco|Labotecnic1|Labotecnic2,Paolo,,,,,,IT,,,,,,,,,paolo@officine-parenti.it,,3365492970,3365492970,,,,,,Italia,,,,,,,,,,,,,,,,,,,,GUEST,FREE,,0,18/06/2026,FREDDO,,
SIC00929,929,PERSONA,81LEAD|ContattiMirco|EmailMirco|Labotecnic1|Labotecnic2,Paolo,,,,,,IT,,,,,,,,,marchesinigpaolo@libero.it,,,,,,,,,Italia,,,,,,,,,,,,,,,,,,,,GUEST,FREE,,0,18/06/2026,FREDDO,,
SIC00930,930,PERSONA,81LEAD|ContattiMirco|EmailMirco|Labotecnic1|Labotecnic2,Paolo,,,,,,IT,,,,,,,,,arvedapaolo@fe2000.it,,,,,,,,,Italia,,,,,,,,,,,,,,,,,,,,GUEST,FREE,,0,18/06/2026,FREDDO,,
SIC00931,931,PERSONA,81LEAD|ContattiMirco|EmailMirco,Paolo,,,,,,IT,,,,,,,,,bernardipaolo@iisciprianicolombo.edu.it,,,,,,,,,Italia,,,,,,,,,,,,,,,,,,,,GUEST,FREE,,0,18/06/2026,FREDDO,,
SIC00932,932,PERSONA,81LEAD|ContattiMirco|EmailMirco|Labotecnic1|Labotecnic2,Paolodaw2013,,,,,,IT,,,,,,,,,paolodaw2013@gmail.com,,3933864762470,3933864762470,,,,,,Italia,,,,,,,,,,,,,,,,,,,,GUEST,FREE,,0,18/06/2026,FREDDO,,
SIC00933,933,PERSONA,81LEAD|ContattiMirco|EmailMirco|Labotecnic1|Labotecnic2,Paolofenza,,,,,,IT,,,,,,,,,paolofenza@katamail.com,,,,,,,,,Italia,,,,,,,,,,,,,,,,,,,,GUEST,FREE,,0,18/06/2026,FREDDO,,
SIC00934,934,PERSONA,81LEAD|ContattiMirco|EmailMirco|Labotecnic1|Labotecnic2,Parmstef,,,,,,IT,,,,,,,,,parmstef@libero.it,,,,,,,,,Italia,,,,,,,,,,,,,,,,,,,,GUEST,FREE,,0,18/06/2026,FREDDO,,
SIC00935,935,PERSONA,81LEAD|ContattiMirco|EmailMirco|Labotecnic1|Labotecnic2,Pasqualemocerino,,,,,,IT,,,,,,,,,pasqualemocerino@yahoo.it,,,,,,,,,Italia,,,,,,,,,,,,,,,,,,,,GUEST,FREE,,0,18/06/2026,FREDDO,,
SIC00936,936,PERSONA,81LEAD|ContattiMirco|EmailMirco|Labotecnic1|Labotecnic2,Pasqualiniccolo,,,,,,IT,,,,,,,,,pasqualiniccolo@libero.it,,,,,,,,,Italia,,,,,,,,,,,,,,,,,,,,GUEST,FREE,,0,18/06/2026,FREDDO,,
SIC00937,937,PERSONA,81LEAD|ContattiMirco|EmailMirco|Labotecnic1|Labotecnic2,Pasticceriailcantuccio,,,,,,IT,,,,,,,,,pasticceriailcantuccio@gmail.com,,,,,,,,,Italia,,,,,,,,,,,,,,,,,,,,GUEST,FREE,,0,18/06/2026,FREDDO,,
SIC00938,938,PERSONA,81LEAD|ContattiMirco|EmailMirco|Labotecnic1|Labotecnic2,Pasticceriamilani,,,,,,IT,,,,,,,,,pasticceriamilani@libero.it,,,,,,,,,Italia,,,,,,,,,,,,,,,,,,,,GUEST,FREE,,0,18/06/2026,FREDDO,,
SIC00939,939,PERSONA,81LEAD|ContattiMirco|EmailMirco|Labotecnic1|Labotecnic2,Patbocc,,,,,,IT,,,,,,,,,patbocc@icloud.com,,,,,,,,,Italia,,,,,,,,,,,,,,,,,,,,GUEST,FREE,,0,18/06/2026,FREDDO,,
SIC00940,940,PERSONA,81LEAD|ContattiMirco|EmailMirco,Patexal,,,,,,IT,,,,,,,,,patexal@libero.it,,349678108400,349678108400,,,,,,Italia,,,,,,,,,,,,,,,,,,,,GUEST,FREE,,0,18/06/2026,FREDDO,,
SIC00941,941,PERSONA,ContattiMirco|Labotecnic1|Labotecnic2,Patrizia,,,,,,IT,,,,,,,,,patrizia@dinamicaonlus.it,,,,,,,,,Italia,,,,,,,,,,,,,,,,,,,,GUEST,FREE,,0,18/06/2026,FREDDO,,
SIC00942,942,PERSONA,ContattiMirco|Labotecnic1|Labotecnic2,Patriziafer,,,,,,IT,,,,,,,,,patrizia67fer@gmail.com,,,,,,,,,Italia,,,,,,,,,,,,,,,,,,,,GUEST,FREE,,0,18/06/2026,FREDDO,,
SIC00943,943,PERSONA,ContattiMirco|Labotecnic1|Labotecnic2,Patriziafregugia,,,,,,IT,,,,,,,,,patriziafregugia@gmail.com,,,,,,,,,Italia,,,,,,,,,,,,,,,,,,,,GUEST,FREE,,0,18/06/2026,FREDDO,,
SIC00944,944,PERSONA,81LEAD|ContattiMirco|EmailMirco|Labotecnic1|Labotecnic2,Patrolwatch,,,,,,IT,,,,,,,,,patrolwatch@yahoo.com,,,,,,,,,Italia,,,,,,,,,,,,,,,,,,,,GUEST,FREE,,0,18/06/2026,FREDDO,,
SIC00945,945,PERSONA,81LEAD|ContattiMirco|EmailMirco|Labotecnic1|Labotecnic2,Pattypoggianella,,,,,,IT,,,,,,,,,patty72poggianella@yahoo.it,,,,,,,,,Italia,,,,,,,,,,,,,,,,,,,,GUEST,FREE,,0,18/06/2026,FREDDO,,
SIC00946,946,PERSONA,81LEAD|ContattiMirco|EmailMirco,Pendy,,,,,,IT,,,,,,,,,giovannibillo90@gmail.com,,3934910080380,3934910080380,,,,,,Italia,,,,,,,,,,,,,,,,,,,,GUEST,FREE,,0,18/06/2026,FREDDO,,
SIC00947,947,PERSONA,81LEAD|ContattiMirco|EmailMirco|Labotecnic1|Labotecnic2,Perlemurrine,,,,,,IT,,,,,,,,,perlemurrine@hotmail.it,,,,,,,,,Italia,,,,,,,,,,,,,,,,,,,,GUEST,FREE,,0,18/06/2026,FREDDO,,
SIC00948,948,PERSONA,81LEAD|ContattiMirco|EmailMirco,Perosanicola,,,,,,IT,,,,,,,,,perosanicola@gmail.com,,,,,,,,,Italia,,,,,,,,,,,,,,,,,,,,GUEST,FREE,,0,18/06/2026,FREDDO,,
SIC00949,949,PERSONA,81LEAD|ContattiMirco|EmailMirco|Labotecnic1|Labotecnic2,Pezzolatomatteo,,,,,,IT,,,,,,,,,pezzolatomatteo@gmail.com,,39348734574500,39348734574500,,,,,,Italia,,,,,,,,,,,,,,,,,,,,GUEST,FREE,,0,18/06/2026,FREDDO,,
SIC00950,950,PERSONA,81LEAD|ContattiMirco|EmailMirco|Labotecnic1|Labotecnic2,Pfossato14,,,,,,IT,,,,,,,,,pfossato14@gmail.com,,,,,,,,,Italia,,,,,,,,,,,,,,,,,,,,GUEST,FREE,,0,18/06/2026,FREDDO,,
SIC00951,951,PERSONA,81LEAD|ContattiMirco|EmailMirco|Labotecnic1|Labotecnic2,Pgbeppi,,,,,,IT,,,,,,,,,pgbeppi@libero.it,,,,,,,,,Italia,,,,,,,,,,,,,,,,,,,,GUEST,FREE,,0,18/06/2026,FREDDO,,
SIC00952,952,PERSONA,81LEAD|ContattiMirco|EmailMirco|Labotecnic1|Labotecnic2,Pibartolini,,,,,,IT,,,,,,,,,pibartolini@libero.it,,,,,,,,,Italia,,,,,,,,,,,,,,,,,,,,GUEST,FREE,,0,18/06/2026,FREDDO,,
SIC00953,953,PERSONA,81LEAD,Pidile,,,,,,IT,,,,,,,,,pidile@asl14chioggia.veneto.it,,3933563192590,3933563192590,,,,,,Italia,,,,,,,,,,,,,,,,,,,,GUEST,FREE,,0,18/06/2026,FREDDO,,
SIC00954,954,PERSONA,81LEAD|ContattiMirco|EmailMirco,Pierfrancescocaporali,,,,,,IT,,,,,,,,,pierfrancescocaporali@gmail.com,,,,,,,,,Italia,,,,,,,,,,,,,,,,,,,,GUEST,FREE,,0,18/06/2026,FREDDO,,
SIC00955,955,PERSONA,81LEAD|ContattiMirco|EmailMirco|Labotecnic1|Labotecnic2,Pilar2001,,,,,,IT,,,,,,,,,pilar2001@hotmail.com,,,,,,,,,Italia,,,,,,,,,,,,,,,,,,,,GUEST,FREE,,0,18/06/2026,FREDDO,,
SIC00956,956,PERSONA,ContattiMirco|Labotecnic1|Labotecnic2,Pinapatrizia71,,,,,,IT,,,,,,,,,pinapatrizia71@gmail.com,,,,,,,,,Italia,,,,,,,,,,,,,,,,,,,,GUEST,FREE,,0,18/06/2026,FREDDO,,
SIC00957,957,PERSONA,81LEAD|ContattiMirco|EmailMirco|Labotecnic1|Labotecnic2,Pioppi797,,,,,,IT,,,,,,,,,pioppi797@gmail.com,,,,,,,,,Italia,,,,,,,,,,,,,,,,,,,,GUEST,FREE,,0,18/06/2026,FREDDO,,
SIC00958,958,PERSONA,81LEAD|ContattiMirco|EmailMirco|Labotecnic1|Labotecnic2,Pirilma,,,,,,IT,,,,,,,,,pirilma@libero.it,,,,,,,,,Italia,,,,,,,,,,,,,,,,,,,,GUEST,FREE,,0,18/06/2026,FREDDO,,
SIC00959,959,PERSONA,81LEAD|ContattiMirco|EmailMirco|Labotecnic1|Labotecnic2,Pistaura,,,,,,IT,,,,,,,,,pistaura@libero.it,,,,,,,,,Italia,,,,,,,,,,,,,,,,,,,,GUEST,FREE,,0,18/06/2026,FREDDO,,
SIC00960,960,PERSONA,81LEAD|ContattiMirco|EmailMirco|Labotecnic1|Labotecnic2,Pitfava,,,,,,IT,,,,,,,,,pitfava@gmail.com,,,,,,,,,Italia,,,,,,,,,,,,,,,,,,,,GUEST,FREE,,0,18/06/2026,FREDDO,,
SIC00961,961,PERSONA,81LEAD|ContattiMirco|EmailMirco|Labotecnic1|Labotecnic2,Pizzaideabertoncello,,,,,,IT,,,,,,,,,pizzaideabertoncello@alice.it,,,,,,,,,Italia,,,,,,,,,,,,,,,,,,,,GUEST,FREE,,0,18/06/2026,FREDDO,,
SIC00962,962,PERSONA,81LEAD|ContattiMirco|EmailMirco,Pizzogerardo78,,,,,,IT,,,,,,,,,pizzogerardo78@gmail.com,,,,,,,,,Italia,,,,,,,,,,,,,,,,,,,,GUEST,FREE,,0,18/06/2026,FREDDO,,
SIC00963,963,PERSONA,81LEAD|ContattiMirco|EmailMirco,Planbdao,,,,,,IT,,,,,,,,,planbdao@gmail.com,,,,,,,,,Italia,,,,,,,,,,,,,,,,,,,,GUEST,FREE,,0,18/06/2026,FREDDO,,
SIC00964,964,PERSONA,ContattiMirco|EmailMirco|Labotecnic1|Labotecnic2,Ponzettomartino,,,,,,IT,,,,,,,,,ponzettomartino@alice.it,,,,,,,,,Italia,,,,,,,,,,,,,,,,,,,,GUEST,FREE,,0,18/06/2026,FREDDO,,
SIC00965,965,PERSONA,81LEAD|ContattiMirco|EmailMirco|Labotecnic1|Labotecnic2,Portaleanalia,,,,,,IT,,,,,,,,,portaleanalia@hotmail.com,,,,,,,,,Italia,,,,,,,,,,,,,,,,,,,,GUEST,FREE,,0,18/06/2026,FREDDO,,
SIC00966,966,PERSONA,81LEAD|ContattiMirco|EmailMirco,Portoviro,,,,,,IT,,,,,,,,,portoviro@sogert.it,,,,,,,,,Italia,,,,,,,,,,,,,,,,,,,,GUEST,FREE,,0,18/06/2026,FREDDO,,
SIC00967,967,PERSONA,81LEAD|ContattiMirco|EmailMirco,Portoviro,,,,,,IT,,,,,,,,,portoviro@gabetti.it,,,,,,,,,Italia,,,,,,,,,,,,,,,,,,,,GUEST,FREE,,0,18/06/2026,FREDDO,,
SIC00968,968,PERSONA,81LEAD|ContattiMirco|EmailMirco,Portoviro,,,,,,IT,,,,,,,,,portoviro@enaip.veneto.it,,,,,,,,,Italia,,,,,,,,,,,,,,,,,,,,GUEST,FREE,,0,18/06/2026,FREDDO,,
SIC00969,969,PERSONA,81LEAD|ContattiMirco|EmailMirco|Labotecnic1|Labotecnic2,Posta,,,,,,IT,,,,,,,,,posta@evelinzubin.com,,,,,,,,,Italia,,,,,,,,,,,,,,,,,,,,GUEST,FREE,,0,18/06/2026,FREDDO,,
SIC00970,970,PERSONA,81LEAD|ContattiMirco|EmailMirco|Labotecnic1|Labotecnic2,Posta,,,,,,IT,,,,,,,,,posta@fderosa.com,,,,,,,,,Italia,,,,,,,,,,,,,,,,,,,,GUEST,FREE,,0,18/06/2026,FREDDO,,
SIC00971,971,PERSONA,81LEAD|ContattiMirco|EmailMirco,Pregnolato75,,,,,,IT,,,,,,,,,pregnolato75@gmail.com,,335681956400,335681956400,,,,,,Italia,,,,,,,,,,,,,,,,,,,,GUEST,FREE,,0,18/06/2026,FREDDO,,
SIC00972,972,PERSONA,81LEAD|ContattiMirco|EmailMirco,Prenotazioni,,,,,,IT,,,,,,,,,prenotazioni@traghettilines.it,,347099626000,347099626000,,,,,,Italia,,,,,,,,,,,,,,,,,,,,GUEST,FREE,,0,18/06/2026,FREDDO,,
SIC00973,973,PERSONA,81LEAD|ContattiMirco|EmailMirco|Labotecnic1|Labotecnic2,Presidente,,,,,,IT,,,,,,,,,presidente@oasiservizi.com,,,,,,,,,Italia,,,,,,,,,,,,,,,,,,,,GUEST,FREE,,0,18/06/2026,FREDDO,,
SIC00974,974,PERSONA,81LEAD|ContattiMirco|EmailMirco|Labotecnic1|Labotecnic2,Presidente,,,,,,IT,,,,,,,,,presidente@artigianatopadovano.it,,,,,,,,,Italia,,,,,,,,,,,,,,,,,,,,GUEST,FREE,,0,18/06/2026,FREDDO,,
SIC00975,975,PERSONA,81LEAD|ContattiMirco|EmailMirco|Labotecnic1|Labotecnic2,Presidente,,,,,,IT,,,,,,,,,presidente@soccorsopero.it,,,,,,,,,Italia,,,,,,,,,,,,,,,,,,,,GUEST,FREE,,0,18/06/2026,FREDDO,,
SIC00976,976,PERSONA,81LEAD|ContattiMirco|EmailMirco|Labotecnic1|Labotecnic2,Presidenza,,,,,,IT,,,,,,,,,presidenza@sorgentedeisogni.it,,,,,,,,,Italia,,,,,,,,,,,,,,,,,,,,GUEST,FREE,,0,18/06/2026,FREDDO,,
SIC00977,977,PERSONA,ContattiMirco|Labotecnic1|Labotecnic2,Priorepatrizia72,,,,,,IT,,,,,,,,,priorepatrizia72@gmail.com,,,,,,,,,Italia,,,,,,,,,,,,,,,,,,,,GUEST,FREE,,0,18/06/2026,FREDDO,,
SIC00978,978,PERSONA,81LEAD|ContattiMirco|EmailMirco|Labotecnic1|Labotecnic2,Professioni,,,,,,IT,,,,,,,,,professioni@studioporzionato.191.it,,,,,,,,,Italia,,,,,,,,,,,,,,,,,,,,GUEST,FREE,,0,18/06/2026,FREDDO,,
SIC00979,979,PERSONA,81LEAD|ContattiMirco|EmailMirco|Labotecnic1|Labotecnic2,Professoromec,,,,,,IT,,,,,,,,,professoromec@gmail.com,,3933830769010,3933830769010,,,,,,Italia,,,,,,,,,,,,,,,,,,,,GUEST,FREE,,0,18/06/2026,FREDDO,,
SIC00980,980,PERSONA,81LEAD|ContattiMirco|EmailMirco|Labotecnic1|Labotecnic2,Puozzomassimo,,,,,,IT,,,,,,,,,puozzomassimo@libero.it,,3932945031460,3932945031460,,,,,,Italia,,,,,,,,,,,,,,,,,,,,GUEST,FREE,,0,18/06/2026,FREDDO,,
SIC00981,981,PERSONA,81LEAD|ContattiMirco|EmailMirco|Labotecnic1|Labotecnic2,Pvd,,,,,,IT,,,,,,,,,pvd@tiscali.it,,,,,,,,,Italia,,,,,,,,,,,,,,,,,,,,GUEST,FREE,,0,18/06/2026,FREDDO,,
SIC00982,982,PERSONA,81LEAD|ContattiMirco|Labotecnic1|Labotecnic2,Rachele,,,,,,IT,,,,,,,,,rachele@labadiaimmobiliare.it,,,,,,,,,Italia,,,,,,,,,,,,,,,,,,,,GUEST,FREE,,0,18/06/2026,FREDDO,,
SIC00983,983,PERSONA,81LEAD|ContattiMirco|EmailMirco|Labotecnic1|Labotecnic2,Raffaelemarson,,,,,,IT,,,,,,,,,raffaelemarson@alice.it,,3934672697140,3934672697140,,,,,,Italia,,,,,,,,,,,,,,,,,,,,GUEST,FREE,,0,18/06/2026,FREDDO,,
SIC00984,984,PERSONA,81LEAD|ContattiMirco|EmailMirco|Labotecnic1|Labotecnic2,Rambaldiclaudia,,,,,,IT,,,,,,,,,rambaldiclaudia@libero.it,,,,,,,,,Italia,,,,,,,,,,,,,,,,,,,,GUEST,FREE,,0,18/06/2026,FREDDO,,
SIC00985,985,PERSONA,81LEAD|ContattiMirco|EmailMirco|Labotecnic1|Labotecnic2,Ranzatovariscoriccardo,,,,,,IT,,,,,,,,,ranzatovariscoriccardo@gmail.com,,3933367674460,3933367674460,,,,,,Italia,,,,,,,,,,,,,,,,,,,,GUEST,FREE,,0,18/06/2026,FREDDO,,
SIC00986,986,PERSONA,81LEAD|ContattiMirco|EmailMirco,Rasgaz12,,,,,,IT,,,,,,,,,rasgaz12@yahoo.fr,,,,,,,,,Italia,,,,,,,,,,,,,,,,,,,,GUEST,FREE,,0,18/06/2026,FREDDO,,
SIC00987,987,PERSONA,81LEAD|ContattiMirco|EmailMirco|Labotecnic1|Labotecnic2,Re_boia64,,,,,,IT,,,,,,,,,re_boia64@yahoo.it,,,,,,,,,Italia,,,,,,,,,,,,,,,,,,,,GUEST,FREE,,0,18/06/2026,FREDDO,,
SIC00988,988,PERSONA,81LEAD|ContattiMirco|EmailMirco,Reception,,,,,,IT,,,,,,,,,reception@gardalandhotel.it,,,,,,,,,Italia,,,,,,,,,,,,,,,,,,,,GUEST,FREE,,0,18/06/2026,FREDDO,,
SIC00989,989,PERSONA,81LEAD|ContattiMirco|EmailMirco,Recruiting,,,,,,IT,,,,,,,,,recruiting@sosrelazioni.it,,,,,,,,,Italia,,,,,,,,,,,,,,,,,,,,GUEST,FREE,,0,18/06/2026,FREDDO,,
SIC00990,990,PERSONA,81LEAD|ContattiMirco|EmailMirco,Redazione,,,,,,IT,,,,,,,,,redazione@4surf.it,,,,,,,,,Italia,,,,,,,,,,,,,,,,,,,,GUEST,FREE,,0,18/06/2026,FREDDO,,
SIC00991,991,PERSONA,81LEAD|ContattiMirco|Labotecnic1|Labotecnic2,Renato,,,,,,IT,,,,,,,,,renato@pescamar.it,,3933840828810,3933840828810,,,,,,Italia,,,,,,,,,,,,,,,,,,,,GUEST,FREE,,0,18/06/2026,FREDDO,,
SIC00992,992,PERSONA,81LEAD|ContattiMirco|EmailMirco|Labotecnic1|Labotecnic2,Renatopiccolo568,,,,,,IT,,,,,,,,,renatopiccolo568@gmai.com,,,,,,,,,Italia,,,,,,,,,,,,,,,,,,,,GUEST,FREE,,0,18/06/2026,FREDDO,,
SIC00993,993,PERSONA,81LEAD|ContattiMirco|EmailMirco,Rescueguardian2015,,,,,,IT,,,,,,,,,rescueguardian2015@gmail.com,,,,,,,,,Italia,,,,,,,,,,,,,,,,,,,,GUEST,FREE,,0,18/06/2026,FREDDO,,
SIC00994,994,PERSONA,81LEAD|ContattiMirco|EmailMirco|Labotecnic1|Labotecnic2,Restauroitalia,,,,,,IT,,,,,,,,,restauroitalia@gmail.com,,3934637665420,3934637665420,,,,,,Italia,,,,,,,,,,,,,,,,,,,,GUEST,FREE,,0,18/06/2026,FREDDO,,
SIC00995,995,PERSONA,81LEAD|ContattiMirco|EmailMirco|Labotecnic1|Labotecnic2,Reve,,,,,,IT,,,,,,,,,re2014ve@gmail.com,,,,,,,,,Italia,,,,,,,,,,,,,,,,,,,,GUEST,FREE,,0,18/06/2026,FREDDO,,
SIC00996,996,PERSONA,81LEAD|ContattiMirco|EmailMirco|Labotecnic1|Labotecnic2,Reverie1967,,,,,,IT,,,,,,,,,reverie1967@gmail.com,,,,,,,,,Italia,,,,,,,,,,,,,,,,,,,,GUEST,FREE,,0,18/06/2026,FREDDO,,
SIC00997,997,PERSONA,81LEAD|ContattiMirco|EmailMirco|Labotecnic1|Labotecnic2,Rfabbri75,,,,,,IT,,,,,,,,,rfabbri75@yahoo.it,,,,,,,,,Italia,,,,,,,,,,,,,,,,,,,,GUEST,FREE,,0,18/06/2026,FREDDO,,
SIC00998,998,PERSONA,81LEAD|ContattiMirco|EmailMirco,Rgiyoev,,,,,,IT,,,,,,,,,rgiyoev@bk.ru,,,,,,,,,Italia,,,,,,,,,,,,,,,,,,,,GUEST,FREE,,0,18/06/2026,FREDDO,,
SIC00999,999,PERSONA,81LEAD|ContattiMirco|Labotecnic1|Labotecnic2,Ribeirofilomena61,,,,,,IT,,,,,,,,,ribeirofilomena61@gmail.com,,3933583759000,3933583759000,,,,,,Italia,,,,,,,,,,,,,,,,,,,,GUEST,FREE,,0,18/06/2026,FREDDO,,
SIC01000,1000,PERSONA,81LEAD|ContattiMirco|EmailMirco|Labotecnic1|Labotecnic2,Riccardo,,,,,,IT,,,,,,,,,riccardo@samboeassociati.it,,,,,,,,,Italia,,,,,,,,,,,,,,,,,,,,GUEST,FREE,,0,18/06/2026,FREDDO,,
SIC01001,1001,PERSONA,81LEAD|ContattiMirco|EmailMirco,Ricerca,,,,,,IT,,,,,,,,,ricerca@agentidoma.it,,,,,,,,,Italia,,,,,,,,,,,,,,,,,,,,GUEST,FREE,,0,18/06/2026,FREDDO,,
SIC01002,1002,PERSONA,81LEAD|ContattiMirco|EmailMirco,Richieste,,,,,,IT,,,,,,,,,richieste@acquevenete.it,,328646405700,328646405700,,,,,,Italia,,,,,,,,,,,,,,,,,,,,GUEST,FREE,,0,18/06/2026,FREDDO,,
SIC01003,1003,PERSONA,81LEAD|ContattiMirco|EmailMirco,Richlawon,,,,,,IT,,,,,,,,,richlawon@yahoo.com,,,,,,,,,Italia,,,,,,,,,,,,,,,,,,,,GUEST,FREE,,0,18/06/2026,FREDDO,,
SIC01004,1004,PERSONA,81LEAD|ContattiMirco|EmailMirco|Labotecnic1|Labotecnic2,Rickigilardoni,,,,,,IT,,,,,,,,,rickigilardoni@gmail.com,,,,,,,,,Italia,,,,,,,,,,,,,,,,,,,,GUEST,FREE,,0,18/06/2026,FREDDO,,
SIC01005,1005,PERSONA,81LEAD|ContattiMirco|Labotecnic1|Labotecnic2,Ricky,,,,,,IT,,,,,,,,,ricky@radiofiera.it,,,,,,,,,Italia,,,,,,,,,,,,,,,,,,,,GUEST,FREE,,0,18/06/2026,FREDDO,,
SIC01006,1006,PERSONA,81LEAD|ContattiMirco|EmailMirco,Rikymarchetti,,,,,,IT,,,,,,,,,rikymarchetti@hotmail.it,,349849052300,349849052300,,,,,,Italia,,,,,,,,,,,,,,,,,,,,GUEST,FREE,,0,18/06/2026,FREDDO,,
SIC01007,1007,PERSONA,81LEAD|ContattiMirco|EmailMirco|Labotecnic1|Labotecnic2,Rimbaglionita66,,,,,,IT,,,,,,,,,rimbaglionita66@gmail.com,,,,,,,,,Italia,,,,,,,,,,,,,,,,,,,,GUEST,FREE,,0,18/06/2026,FREDDO,,
SIC01008,1008,PERSONA,81LEAD|EmailMirco,Rinaldi,,,,,,IT,,,,,,,,,info@piastrellerinaldi.it,,390173753350,390173753350,,,,,,Italia,,,,,,,,,,,,,,,,,,,,GUEST,FREE,,0,18/06/2026,FREDDO,,
SIC01009,1009,PERSONA,81LEAD|ContattiMirco|EmailMirco|Labotecnic1|Labotecnic2,Ritacalia1967,,,,,,IT,,,,,,,,,ritacalia1967@libero.it,,,,,,,,,Italia,,,,,,,,,,,,,,,,,,,,GUEST,FREE,,0,18/06/2026,FREDDO,,
SIC01010,1010,PERSONA,81LEAD|ContattiMirco|Labotecnic1|Labotecnic2,Ritadibella1968,,,,,,IT,,,,,,,,,ritadibella1968@gmail.com,,,,,,,,,Italia,,,,,,,,,,,,,,,,,,,,GUEST,FREE,,0,18/06/2026,FREDDO,,
SIC01011,1011,PERSONA,81LEAD|ContattiMirco|EmailMirco|Labotecnic1|Labotecnic2,Ritaloveno67,,,,,,IT,,,,,,,,,ritaloveno67@gmail.com,,,,,,,,,Italia,,,,,,,,,,,,,,,,,,,,GUEST,FREE,,0,18/06/2026,FREDDO,,
SIC01012,1012,PERSONA,81LEAD|ContattiMirco|EmailMirco|Labotecnic1|Labotecnic2,Ritaschiatti,,,,,,IT,,,,,,,,,ritaschiatti@gmail.com,,,,,,,,,Italia,,,,,,,,,,,,,,,,,,,,GUEST,FREE,,0,18/06/2026,FREDDO,,
SIC01013,1013,PERSONA,81LEAD|ContattiMirco|EmailMirco|Labotecnic1|Labotecnic2,Rmpubblicita,,,,,,IT,,,,,,,,,rmpubblicita@live.it,,,,,,,,,Italia,,,,,,,,,,,,,,,,,,,,GUEST,FREE,,0,18/06/2026,FREDDO,,
SIC01014,1014,PERSONA,81LEAD|ContattiMirco|EmailMirco,Robboetto94,,,,,,IT,,,,,,,,,robboetto94@gmail.com,,,,,,,,,Italia,,,,,,,,,,,,,,,,,,,,GUEST,FREE,,0,18/06/2026,FREDDO,,
SIC01015,1015,PERSONA,81LEAD|ContattiMirco,Roberrodrago1983,,,,,,IT,,,,,,,,,roberrodrago1983@gmail.com,,,,,,,,,Italia,,,,,,,,,,,,,,,,,,,,GUEST,FREE,,0,18/06/2026,FREDDO,,
SIC01016,1016,PERSONA,81LEAD|ContattiMirco|EmailMirco,Robert,,,,,,IT,,,,,,,,,robert@broofa.com,,39370955161500,39370955161500,,,,,,Italia,,,,,,,,,,,,,,,,,,,,GUEST,FREE,,0,18/06/2026,FREDDO,,
SIC01017,1017,PERSONA,81LEAD|ContattiMirco|EmailMirco,Robertaiacurso,,,,,,IT,,,,,,,,,robertaiacurso@gmail.com,,333699709500,333699709500,,,,,,Italia,,,,,,,,,,,,,,,,,,,,GUEST,FREE,,0,18/06/2026,FREDDO,,
SIC01018,1018,PERSONA,81LEAD|ContattiMirco|EmailMirco|Labotecnic1|Labotecnic2,Robertapezzolato,,,,,,IT,,,,,,,,,robertapezzolato@live.it,,,,,,,,,Italia,,,,,,,,,,,,,,,,,,,,GUEST,FREE,,0,18/06/2026,FREDDO,,
SIC01019,1019,PERSONA,81LEAD|ContattiMirco|EmailMirco,Roberto,,,,,,IT,,,,,,,,,fiorimantiroberto@gmail.com,,340705893400,340705893400,,,,,,Italia,,,,,,,,,,,,,,,,,,,,GUEST,FREE,,0,18/06/2026,FREDDO,,
SIC01020,1020,PERSONA,81LEAD|ContattiMirco|EmailMirco,Roberto,,,,,,IT,,,,,,,,,roberto@housers.com,,3934012565960,3934012565960,,,,,,Italia,,,,,,,,,,,,,,,,,,,,GUEST,FREE,,0,18/06/2026,FREDDO,,
SIC01021,1021,PERSONA,81LEAD|ContattiMirco|EmailMirco|Labotecnic1|Labotecnic2,Roberto,,,,,,IT,,,,,,,,,borsettoroberto@gmail.com,,3934008741240,3934008741240,,,,,,Italia,,,,,,,,,,,,,,,,,,,,GUEST,FREE,,0,18/06/2026,FREDDO,,
SIC01022,1022,PERSONA,81LEAD|ContattiMirco|EmailMirco|Labotecnic1|Labotecnic2,Roberto68533,,,,,,IT,,,,,,,,,roberto68533@gmail.com,,3933461708840,3933461708840,,,,,,Italia,,,,,,,,,,,,,,,,,,,,GUEST,FREE,,0,18/06/2026,FREDDO,,
SIC01023,1023,PERSONA,81LEAD|ContattiMirco,Robertodrago,,,,,,IT,,,,,,,,,robertodrago@mail.com,,,,,,,,,Italia,,,,,,,,,,,,,,,,,,,,GUEST,FREE,,0,18/06/2026,FREDDO,,
SIC01024,1024,PERSONA,81LEAD|ContattiMirco,Robertodrago1983,,,,,,IT,,,,,,,,,robertodrago1983@gmail.com,,,,,,,,,Italia,,,,,,,,,,,,,,,,,,,,GUEST,FREE,,0,18/06/2026,FREDDO,,
SIC01025,1025,PERSONA,81LEAD|ContattiMirco,Robertodrago1984,,,,,,IT,,,,,,,,,robertodrago1984@gmail.com,,,,,,,,,Italia,,,,,,,,,,,,,,,,,,,,GUEST,FREE,,0,18/06/2026,FREDDO,,
SIC01026,1026,PERSONA,81LEAD|ContattiMirco,Robertodrago198e,,,,,,IT,,,,,,,,,robertodrago198e@gmail.com,,,,,,,,,Italia,,,,,,,,,,,,,,,,,,,,GUEST,FREE,,0,18/06/2026,FREDDO,,
SIC01027,1027,PERSONA,81LEAD|ContattiMirco,Robertodrago1993,,,,,,IT,,,,,,,,,robertodrago1993@gmail.com,,,,,,,,,Italia,,,,,,,,,,,,,,,,,,,,GUEST,FREE,,0,18/06/2026,FREDDO,,
SIC01028,1028,PERSONA,81LEAD|ContattiMirco|EmailMirco|Labotecnic1|Labotecnic2,Robertogatto,,,,,,IT,,,,,,,,,robertogatto@blsd.info,,,,,,,,,Italia,,,,,,,,,,,,,,,,,,,,GUEST,FREE,,0,18/06/2026,FREDDO,,
SIC01029,1029,PERSONA,81LEAD|ContattiMirco|EmailMirco|Labotecnic1|Labotecnic2,Robertograssi3,,,,,,IT,,,,,,,,,robertograssi3@alice.it,,,,,,,,,Italia,,,,,,,,,,,,,,,,,,,,GUEST,FREE,,0,18/06/2026,FREDDO,,
SIC01030,1030,PERSONA,81LEAD|ContattiMirco|EmailMirco|Labotecnic1|Labotecnic2,Robertolongu,,,,,,IT,,,,,,,,,robertolongu@gmail.com,,,,,,,,,Italia,,,,,,,,,,,,,,,,,,,,GUEST,FREE,,0,18/06/2026,FREDDO,,
SIC01031,1031,PERSONA,81LEAD|ContattiMirco|EmailMirco|Labotecnic1|Labotecnic2,Robertoravag,,,,,,IT,,,,,,,,,robertoravagnan@hotmail.it,,3932025846070,3932025846070,,,,,,Italia,,,,,,,,,,,,,,,,,,,,GUEST,FREE,,0,18/06/2026,FREDDO,,
SIC01032,1032,PERSONA,81LEAD|ContattiMirco,Robrtodrago1983,,,,,,IT,,,,,,,,,robrtodrago1983@gmail.com,,,,,,,,,Italia,,,,,,,,,,,,,,,,,,,,GUEST,FREE,,0,18/06/2026,FREDDO,,
SIC01033,1033,PERSONA,81LEAD|ContattiMirco|EmailMirco|Labotecnic1|Labotecnic2,Robylegnaro,,,,,,IT,,,,,,,,,robylegnaro@libero.it,,,,,,,,,Italia,,,,,,,,,,,,,,,,,,,,GUEST,FREE,,0,18/06/2026,FREDDO,,
SIC01034,1034,PERSONA,81LEAD|ContattiMirco|EmailMirco|Labotecnic1|Labotecnic2,Roccoannalisa16,,,,,,IT,,,,,,,,,roccoannalisa16@gmail.com,,,,,,,,,Italia,,,,,,,,,,,,,,,,,,,,GUEST,FREE,,0,18/06/2026,FREDDO,,
SIC01035,1035,PERSONA,81LEAD|ContattiMirco|EmailMirco|Labotecnic1|Labotecnic2,Rodeghergraphic,,,,,,IT,,,,,,,,,rodeghergraphic@tiscali.it,,,,,,,,,Italia,,,,,,,,,,,,,,,,,,,,GUEST,FREE,,0,18/06/2026,FREDDO,,
SIC01036,1036,PERSONA,81LEAD|ContattiMirco|EmailMirco|Labotecnic1|Labotecnic2,Romaandrea,,,,,,IT,,,,,,,,,romaandrea@libero.it,,3933864176630,3933864176630,,,,,,Italia,,,,,,,,,,,,,,,,,,,,GUEST,FREE,,0,18/06/2026,FREDDO,,
SIC01037,1037,PERSONA,81LEAD|ContattiMirco|EmailMirco,Romapatrickx27,,,,,,IT,,,,,,,,,romapatrickx27@gmail.com,,3933947008670,3933947008670,,,,,,Italia,,,,,,,,,,,,,,,,,,,,GUEST,FREE,,0,18/06/2026,FREDDO,,
SIC01038,1038,PERSONA,81LEAD|ContattiMirco|EmailMirco|Labotecnic1|Labotecnic2,Rominaruzzetti,,,,,,IT,,,,,,,,,rominaruzzetti@yahoo.it,,,,,,,,,Italia,,,,,,,,,,,,,,,,,,,,GUEST,FREE,,0,18/06/2026,FREDDO,,
SIC01039,1039,PERSONA,81LEAD|ContattiMirco,Ronertodrago1983,,,,,,IT,,,,,,,,,ronertodrago1983@gmail.com,,,,,,,,,Italia,,,,,,,,,,,,,,,,,,,,GUEST,FREE,,0,18/06/2026,FREDDO,,
SIC01040,1040,PERSONA,81LEAD|ContattiMirco|EmailMirco|Labotecnic1|Labotecnic2,Roobnigro,,,,,,IT,,,,,,,,,roobnigro@hotmail.com,,3934880955070,3934880955070,,,,,,Italia,,,,,,,,,,,,,,,,,,,,GUEST,FREE,,0,18/06/2026,FREDDO,,
SIC01041,1041,PERSONA,81LEAD|ContattiMirco|EmailMirco|Labotecnic1|Labotecnic2,Ropier61,,,,,,IT,,,,,,,,,ropier61@gmail.com,,3934881478930,3934881478930,,,,,,Italia,,,,,,,,,,,,,,,,,,,,GUEST,FREE,,0,18/06/2026,FREDDO,,
SIC01042,1042,PERSONA,81LEAD|ContattiMirco|EmailMirco|Labotecnic1|Labotecnic2,Rosacolagiacomo,,,,,,IT,,,,,,,,,rosacolagiacomo@libero.it,,,,,,,,,Italia,,,,,,,,,,,,,,,,,,,,GUEST,FREE,,0,18/06/2026,FREDDO,,
SIC01043,1043,PERSONA,81LEAD|ContattiMirco|EmailMirco|Labotecnic1|Labotecnic2,Rosariapanzuti,,,,,,IT,,,,,,,,,rosariapanzuti@gmail.com,,,,,,,,,Italia,,,,,,,,,,,,,,,,,,,,GUEST,FREE,,0,18/06/2026,FREDDO,,
SIC01044,1044,PERSONA,81LEAD|ContattiMirco|EmailMirco|Labotecnic1|Labotecnic2,Rosario186,,,,,,IT,,,,,,,,,rosario186@hotmail.it,,,,,,,,,Italia,,,,,,,,,,,,,,,,,,,,GUEST,FREE,,0,18/06/2026,FREDDO,,
SIC01045,1045,PERSONA,81LEAD|ContattiMirco|EmailMirco|Labotecnic1|Labotecnic2,Rosatistefania4,,,,,,IT,,,,,,,,,rosatistefania4@gmail.com,,3934764271070,3934764271070,,,,,,Italia,,,,,,,,,,,,,,,,,,,,GUEST,FREE,,0,18/06/2026,FREDDO,,
SIC01046,1046,PERSONA,81LEAD|ContattiMirco|EmailMirco|Labotecnic1|Labotecnic2,Rosazulema,,,,,,IT,,,,,,,,,rosazulema@hotmail.it,,,,,,,,,Italia,,,,,,,,,,,,,,,,,,,,GUEST,FREE,,0,18/06/2026,FREDDO,,
SIC01047,1047,PERSONA,81LEAD|ContattiMirco|EmailMirco|Labotecnic1|Labotecnic2,Roscip80,,,,,,IT,,,,,,,,,roscip80@gmail.com,,,,,,,,,Italia,,,,,,,,,,,,,,,,,,,,GUEST,FREE,,0,18/06/2026,FREDDO,,
SIC01048,1048,PERSONA,81LEAD|ContattiMirco|EmailMirco|Labotecnic1|Labotecnic2,Rospo1971,,,,,,IT,,,,,,,,,rospo1971@libero.it,,,,,,,,,Italia,,,,,,,,,,,,,,,,,,,,GUEST,FREE,,0,18/06/2026,FREDDO,,
SIC01049,1049,PERSONA,81LEAD|ContattiMirco|EmailMirco|Labotecnic1|Labotecnic2,Rosscar,,,,,,IT,,,,,,,,,rosscar@libero.it,,,,,,,,,Italia,,,,,,,,,,,,,,,,,,,,GUEST,FREE,,0,18/06/2026,FREDDO,,
SIC01050,1050,PERSONA,81LEAD|ContattiMirco|EmailMirco|Labotecnic1|Labotecnic2,Rossini_rondina,,,,,,IT,,,,,,,,,rossini_rondina@alice.it,,,,,,,,,Italia,,,,,,,,,,,,,,,,,,,,GUEST,FREE,,0,18/06/2026,FREDDO,,
SIC01051,1051,PERSONA,81LEAD,Rovigo,,,,,,IT,,,,,,,,,rovigo@inail.it,,,,,,,,,Italia,,,,,,,,,,,,,,,,,,,,GUEST,FREE,,0,18/06/2026,FREDDO,,
SIC01052,1052,PERSONA,81LEAD|ContattiMirco|EmailMirco|Labotecnic1|Labotecnic2,Rovigo,,,,,,IT,,,,,,,,,rovigo@indalo.it,,,,,,,,,Italia,,,,,,,,,,,,,,,,,,,,GUEST,FREE,,0,18/06/2026,FREDDO,,
SIC01053,1053,PERSONA,81LEAD,Rovigo-premi,,,,,,IT,,,,,,,,,rovigo-premi@inail.it,,,,,,,,,Italia,,,,,,,,,,,,,,,,,,,,GUEST,FREE,,0,18/06/2026,FREDDO,,
SIC01054,1054,PERSONA,81LEAD|ContattiMirco|EmailMirco|Labotecnic1|Labotecnic2,Rovigoallestimenti,,,,,,IT,,,,,,,,,rovigoallestimenti@libero.it,,,,,,,,,Italia,,,,,,,,,,,,,,,,,,,,GUEST,FREE,,0,18/06/2026,FREDDO,,
SIC01055,1055,PERSONA,81LEAD|ContattiMirco|EmailMirco|Labotecnic1|Labotecnic2,Roxdemar,,,,,,IT,,,,,,,,,roxdemar@gmail.com,,,,,,,,,Italia,,,,,,,,,,,,,,,,,,,,GUEST,FREE,,0,18/06/2026,FREDDO,,
SIC01056,1056,PERSONA,81LEAD|Labotecnic1|Labotecnic2,Rperazzolo,,,,,,IT,,,,,,,,,rperazzolo@asl14chioggia.veneto.it,,,,,,,,,Italia,,,,,,,,,,,,,,,,,,,,GUEST,FREE,,0,18/06/2026,FREDDO,,
SIC01057,1057,PERSONA,81LEAD|Labotecnic1|Labotecnic2,Rsantangelo,,,,,,IT,,,,,,,,,rsantangelo@asl.at.it,,,,,,,,,Italia,,,,,,,,,,,,,,,,,,,,GUEST,FREE,,0,18/06/2026,FREDDO,,
SIC01058,1058,PERSONA,81LEAD|ContattiMirco|EmailMirco|Labotecnic1|Labotecnic2,Ruben_1983,,,,,,IT,,,,,,,,,ruben_1983@libero.it,,,,,,,,,Italia,,,,,,,,,,,,,,,,,,,,GUEST,FREE,,0,18/06/2026,FREDDO,,
SIC01059,1059,PERSONA,81LEAD|ContattiMirco|EmailMirco|Labotecnic1|Labotecnic2,Russoleoluca,,,,,,IT,,,,,,,,,russoleoluca@gmail.com,,,,,,,,,Italia,,,,,,,,,,,,,,,,,,,,GUEST,FREE,,0,18/06/2026,FREDDO,,
SIC01060,1060,PERSONA,81LEAD|ContattiMirco|EmailMirco|Labotecnic1|Labotecnic2,S,,,,,,IT,,,,,,,,,s_battan@hotmail.it,,,,,,,,,Italia,,,,,,,,,,,,,,,,,,,,GUEST,FREE,,0,18/06/2026,FREDDO,,
SIC01061,1061,PERSONA,81LEAD|ContattiMirco|EmailMirco|Labotecnic1|Labotecnic2,Sabina,,,,,,IT,,,,,,,,,sabina@studioborgato.it,,,,,,,,,Italia,,,,,,,,,,,,,,,,,,,,GUEST,FREE,,0,18/06/2026,FREDDO,,
SIC01062,1062,PERSONA,81LEAD|ContattiMirco|EmailMirco|Labotecnic1|Labotecnic2,Sabrina,,,,,,IT,,,,,,,,,sabrina@cssanna.com,,,,,,,,,Italia,,,,,,,,,,,,,,,,,,,,GUEST,FREE,,0,18/06/2026,FREDDO,,
SIC01063,1063,PERSONA,81LEAD|ContattiMirco|EmailMirco|Labotecnic1|Labotecnic2,Sabrinaka80,,,,,,IT,,,,,,,,,sabrinaka80@gmail.com,,,,,,,,,Italia,,,,,,,,,,,,,,,,,,,,GUEST,FREE,,0,18/06/2026,FREDDO,,
SIC01064,1064,PERSONA,81LEAD|ContattiMirco|EmailMirco|Labotecnic1|Labotecnic2,Sabrinap3691,,,,,,IT,,,,,,,,,sabrinap3691@gmail.com,,,,,,,,,Italia,,,,,,,,,,,,,,,,,,,,GUEST,FREE,,0,18/06/2026,FREDDO,,
SIC01065,1065,PERSONA,81LEAD|ContattiMirco|EmailMirco|Labotecnic1|Labotecnic2,Salvofu40,,,,,,IT,,,,,,,,,salvofu40@gmail.com,,,,,,,,,Italia,,,,,,,,,,,,,,,,,,,,GUEST,FREE,,0,18/06/2026,FREDDO,,
SIC01066,1066,PERSONA,81LEAD|ContattiMirco|EmailMirco,Samantamicheletti,,,,,,IT,,,,,,,,,samantamicheletti@gmail.com,,347528932500,347528932500,,,,,,Italia,,,,,,,,,,,,,,,,,,,,GUEST,FREE,,0,18/06/2026,FREDDO,,
SIC01067,1067,PERSONA,81LEAD|ContattiMirco|EmailMirco|Labotecnic1|Labotecnic2,Samantha,,,,,,IT,,,,,,,,,samantha@autocarrozzerianico.it,,,,,,,,,Italia,,,,,,,,,,,,,,,,,,,,GUEST,FREE,,0,18/06/2026,FREDDO,,
SIC01068,1068,PERSONA,81LEAD|ContattiMirco|EmailMirco|Labotecnic1|Labotecnic2,Samehkhlefa30,,,,,,IT,,,,,,,,,samehkhlefa30@gmail.com,,,,,,,,,Italia,,,,,,,,,,,,,,,,,,,,GUEST,FREE,,0,18/06/2026,FREDDO,,
SIC01069,1069,PERSONA,81LEAD|ContattiMirco|EmailMirco|Labotecnic1|Labotecnic2,Sampeibettin,,,,,,IT,,,,,,,,,sampeibettin@libero.it,,,,,,,,,Italia,,,,,,,,,,,,,,,,,,,,GUEST,FREE,,0,18/06/2026,FREDDO,,
SIC01070,1070,PERSONA,81LEAD|ContattiMirco|EmailMirco|Labotecnic1|Labotecnic2,Sandra_8,,,,,,IT,,,,,,,,,sandra_8@hotmail.it,,3933573561460,3933573561460,,,,,,Italia,,,,,,,,,,,,,,,,,,,,GUEST,FREE,,0,18/06/2026,FREDDO,,
SIC01071,1071,PERSONA,81LEAD|ContattiMirco|EmailMirco|Labotecnic1|Labotecnic2,Sandraferri81,,,,,,IT,,,,,,,,,sandraferri81@gmail.com,,3933576046370,3933576046370,,,,,,Italia,,,,,,,,,,,,,,,,,,,,GUEST,FREE,,0,18/06/2026,FREDDO,,
SIC01072,1072,PERSONA,ContattiMirco|EmailMirco|Labotecnic1|Labotecnic2,Sandromarangoni83,,,,,,IT,,,,,,,,,sandromarangoni83@gmail.com,,,,,,,,,Italia,,,,,,,,,,,,,,,,,,,,GUEST,FREE,,0,18/06/2026,FREDDO,,
SIC01073,1073,PERSONA,81LEAD|ContattiMirco|EmailMirco|Labotecnic1|Labotecnic2,Sanounoubaba,,,,,,IT,,,,,,,,,sanounoubaba@gmail.com,,,,,,,,,Italia,,,,,,,,,,,,,,,,,,,,GUEST,FREE,,0,18/06/2026,FREDDO,,
SIC01074,1074,PERSONA,81LEAD|ContattiMirco|EmailMirco|Labotecnic1|Labotecnic2,Sarabordina87,,,,,,IT,,,,,,,,,sarabordina87@tiscali.it,,,,,,,,,Italia,,,,,,,,,,,,,,,,,,,,GUEST,FREE,,0,18/06/2026,FREDDO,,
SIC01075,1075,PERSONA,81LEAD|ContattiMirco|EmailMirco|Labotecnic1|Labotecnic2,Sarri,,,,,,IT,,,,,,,,,sarri@ebret.it,,,,,,,,,Italia,,,,,,,,,,,,,,,,,,,,GUEST,FREE,,0,18/06/2026,FREDDO,,
SIC01076,1076,PERSONA,81LEAD|ContattiMirco|EmailMirco|Labotecnic1|Labotecnic2,Sartoriamontaga,,,,,,IT,,,,,,,,,sartoriamontagnana@gmail.com,,,,,,,,,Italia,,,,,,,,,,,,,,,,,,,,GUEST,FREE,,0,18/06/2026,FREDDO,,
SIC01077,1077,PERSONA,81LEAD|ContattiMirco|EmailMirco,Sauroviviani,,,,,,IT,,,,,,,,,sauroviviani@gmail.com,,,,,,,,,Italia,,,,,,,,,,,,,,,,,,,,GUEST,FREE,,0,18/06/2026,FREDDO,,
SIC01078,1078,PERSONA,81LEAD|ContattiMirco|EmailMirco,Sayadtoor8,,,,,,IT,,,,,,,,,sayadtoor8@gmail.com,,,,,,,,,Italia,,,,,,,,,,,,,,,,,,,,GUEST,FREE,,0,18/06/2026,FREDDO,,
SIC01079,1079,PERSONA,81LEAD|ContattiMirco|EmailMirco,Sbappa69,,,,,,IT,,,,,,,,,sbappa69@gmail.com,,,,,,,,,Italia,,,,,,,,,,,,,,,,,,,,GUEST,FREE,,0,18/06/2026,FREDDO,,
SIC01080,1080,PERSONA,ContattiMirco|EmailMirco|Labotecnic1|Labotecnic2,Sbiasioli,,,,,,IT,,,,,,,,,sbiasioli@bancadria.it,,,,,,,,,Italia,,,,,,,,,,,,,,,,,,,,GUEST,FREE,,0,18/06/2026,FREDDO,,
SIC01081,1081,PERSONA,81LEAD|ContattiMirco|EmailMirco|Labotecnic1|Labotecnic2,Sbposta,,,,,,IT,,,,,,,,,sbposta@outlook.com,,,,,,,,,Italia,,,,,,,,,,,,,,,,,,,,GUEST,FREE,,0,18/06/2026,FREDDO,,
SIC01082,1082,PERSONA,81LEAD|ContattiMirco|EmailMirco|Labotecnic1|Labotecnic2,Schibapaolo,,,,,,IT,,,,,,,,,schibapaolo@alice.it,,3934839681010,3934839681010,,,,,,Italia,,,,,,,,,,,,,,,,,,,,GUEST,FREE,,0,18/06/2026,FREDDO,,
SIC01083,1083,PERSONA,81LEAD|ContattiMirco|EmailMirco|Labotecnic1|Labotecnic2,Scorze,,,,,,IT,,,,,,,,,scorze@cattolica.it,,,,,,,,,Italia,,,,,,,,,,,,,,,,,,,,GUEST,FREE,,0,18/06/2026,FREDDO,,
SIC01084,1084,PERSONA,81LEAD|ContattiMirco|EmailMirco|Labotecnic1|Labotecnic2,Screamin,,,,,,IT,,,,,,,,,screamin_eagle@hotmail.it,,,,,,,,,Italia,,,,,,,,,,,,,,,,,,,,GUEST,FREE,,0,18/06/2026,FREDDO,,
SIC01085,1085,PERSONA,81LEAD|ContattiMirco|EmailMirco,Scuolaguidasicura,,,,,,IT,,,,,,,,,scuolaguidasicura@gmail.com,,,,,,,,,Italia,,,,,,,,,,,,,,,,,,,,GUEST,FREE,,0,18/06/2026,FREDDO,,
SIC01086,1086,PERSONA,81LEAD|EmailMirco,Sedefa,,,,,,IT,,,,,,,,,info@sedefa.it,,390688044250,390688044250,,,,,,Italia,,,,,,,,,,,,,,,,,,,,GUEST,FREE,,0,18/06/2026,FREDDO,,
SIC01087,1087,PERSONA,81LEAD|ContattiMirco|EmailMirco|Labotecnic1|Labotecnic2,Segalaenrica,,,,,,IT,,,,,,,,,segalaenrica@alice.it,,,,,,,,,Italia,,,,,,,,,,,,,,,,,,,,GUEST,FREE,,0,18/06/2026,FREDDO,,
SIC01088,1088,PERSONA,81LEAD|ContattiMirco|EmailMirco,Segreteria,,,,,,IT,,,,,,,,,segreteria@ebav.it,,,,,,,,,Italia,,,,,,,,,,,,,,,,,,,,GUEST,FREE,,0,18/06/2026,FREDDO,,
SIC01089,1089,PERSONA,81LEAD|ContattiMirco|EmailMirco,Segreteria,,,,,,IT,,,,,,,,,segreteria@ateneoimpresa.it,,,,,,,,,Italia,,,,,,,,,,,,,,,,,,,,GUEST,FREE,,0,18/06/2026,FREDDO,,
SIC01090,1090,PERSONA,81LEAD|ContattiMirco|EmailMirco|Labotecnic1|Labotecnic2,Segreteriaconsulenze,,,,,,IT,,,,,,,,,segreteriaconsulenze@gmail.com,,,,,,,,,Italia,,,,,,,,,,,,,,,,,,,,GUEST,FREE,,0,18/06/2026,FREDDO,,
SIC01091,1091,PERSONA,81LEAD|ContattiMirco|EmailMirco,Segreterianazionale,,,,,,IT,,,,,,,,,segreterianazionale@anfos.it,,,,,,,,,Italia,,,,,,,,,,,,,,,,,,,,GUEST,FREE,,0,18/06/2026,FREDDO,,
SIC01092,1092,PERSONA,81LEAD|ContattiMirco|EmailMirco|Labotecnic1|Labotecnic2,Senrico,,,,,,IT,,,,,,,,,senrico@lattebusche.it,,,,,,,,,Italia,,,,,,,,,,,,,,,,,,,,GUEST,FREE,,0,18/06/2026,FREDDO,,
SIC01093,1093,PERSONA,81LEAD|ContattiMirco|EmailMirco|Labotecnic1|Labotecnic2,Serena,,,,,,IT,,,,,,,,,bucciserena72@gmail.com,,,,,,,,,Italia,,,,,,,,,,,,,,,,,,,,GUEST,FREE,,0,18/06/2026,FREDDO,,
SIC01094,1094,PERSONA,81LEAD|ContattiMirco|EmailMirco|Labotecnic1|Labotecnic2,Serena-boin,,,,,,IT,,,,,,,,,serena-boin@alice.it,,,,,,,,,Italia,,,,,,,,,,,,,,,,,,,,GUEST,FREE,,0,18/06/2026,FREDDO,,
SIC01095,1095,PERSONA,81LEAD|ContattiMirco|EmailMirco,Sesillo,,,,,,IT,,,,,,,,,sesillo@alice.it,,,,,,,,,Italia,,,,,,,,,,,,,,,,,,,,GUEST,FREE,,0,18/06/2026,FREDDO,,
SIC01096,1096,PERSONA,81LEAD|ContattiMirco|EmailMirco|Labotecnic1|Labotecnic2,Seunogunruku,,,,,,IT,,,,,,,,,seunogunruku@gmail.com,,,,,,,,,Italia,,,,,,,,,,,,,,,,,,,,GUEST,FREE,,0,18/06/2026,FREDDO,,
SIC01097,1097,PERSONA,81LEAD|ContattiMirco|EmailMirco,Sfsuperesse124,,,,,,IT,,,,,,,,,sfsuperesse124@gmail.com,,3949901300,3949901300,,,,,,Italia,,,,,,,,,,,,,,,,,,,,GUEST,FREE,,0,18/06/2026,FREDDO,,
SIC01098,1098,PERSONA,81LEAD|Labotecnic1|Labotecnic2,Sgaiola,,,,,,IT,,,,,,,,,sgaiola@lavoro.gov.it,,,,,,,,,Italia,,,,,,,,,,,,,,,,,,,,GUEST,FREE,,0,18/06/2026,FREDDO,,
SIC01099,1099,PERSONA,81LEAD|ContattiMirco|EmailMirco|Labotecnic1|Labotecnic2,Sgiovanelli,,,,,,IT,,,,,,,,,sgiovanelli@daneurope.org,,,,,,,,,Italia,,,,,,,,,,,,,,,,,,,,GUEST,FREE,,0,18/06/2026,FREDDO,,
SIC01100,1100,PERSONA,81LEAD|ContattiMirco|EmailMirco|Labotecnic1|Labotecnic2,Sgsquarcina,,,,,,IT,,,,,,,,,sgsquarcina@virgilio.it,,,,,,,,,Italia,,,,,,,,,,,,,,,,,,,,GUEST,FREE,,0,18/06/2026,FREDDO,,
SIC01101,1101,PERSONA,81LEAD|ContattiMirco|EmailMirco,Sicurezza,,,,,,IT,,,,,,,,,sicurezza@simmerle-ecodrive.it,,329089981600,329089981600,,,,,,Italia,,,,,,,,,,,,,,,,,,,,GUEST,FREE,,0,18/06/2026,FREDDO,,
SIC01102,1102,PERSONA,81LEAD|ContattiMirco|EmailMirco|Labotecnic1|Labotecnic2,Sicurezza,,,,,,IT,,,,,,,,,sicurezza@tecnocrane.it,,,,,,,,,Italia,,,,,,,,,,,,,,,,,,,,GUEST,FREE,,0,18/06/2026,FREDDO,,
SIC01103,1103,PERSONA,81LEAD|ContattiMirco|EmailMirco|Labotecnic1|Labotecnic2,Sicurezza,,,,,,IT,,,,,,,,,sicurezza@karrell.it,,,,,,,,,Italia,,,,,,,,,,,,,,,,,,,,GUEST,FREE,,0,18/06/2026,FREDDO,,
SIC01104,1104,PERSONA,81LEAD|ContattiMirco|EmailMirco|Labotecnic1|Labotecnic2,Sicuteria,,,,,,IT,,,,,,,,,sicuteria@libero.it,,,,,,,,,Italia,,,,,,,,,,,,,,,,,,,,GUEST,FREE,,0,18/06/2026,FREDDO,,
SIC01105,1105,PERSONA,81LEAD|ContattiMirco|EmailMirco|Labotecnic1|Labotecnic2,Sigimar,,,,,,IT,,,,,,,,,sigimar@sigimar.it,,,,,,,,,Italia,,,,,,,,,,,,,,,,,,,,GUEST,FREE,,0,18/06/2026,FREDDO,,
SIC01106,1106,PERSONA,ContattiMirco|EmailMirco|Labotecnic1|Labotecnic2,Signorinomariannatp,,,,,,IT,,,,,,,,,signorinomariannatp@gmail.com,,3933570835720,3933570835720,,,,,,Italia,,,,,,,,,,,,,,,,,,,,GUEST,FREE,,0,18/06/2026,FREDDO,,
SIC01107,1107,PERSONA,81LEAD|ContattiMirco|EmailMirco|Labotecnic1|Labotecnic2,Signormatita,,,,,,IT,,,,,,,,,signormatita@gmail.com,,,,,,,,,Italia,,,,,,,,,,,,,,,,,,,,GUEST,FREE,,0,18/06/2026,FREDDO,,
SIC01108,1108,PERSONA,81LEAD|ContattiMirco|EmailMirco|Labotecnic1|Labotecnic2,Silvanos,,,,,,IT,,,,,,,,,silvano67s@gmail.com,,3933576931250,3933576931250,,,,,,Italia,,,,,,,,,,,,,,,,,,,,GUEST,FREE,,0,18/06/2026,FREDDO,,
SIC01109,1109,PERSONA,81LEAD|ContattiMirco|Labotecnic1|Labotecnic2,Silvia_pozzati,,,,,,IT,,,,,,,,,silvia_pozzati@yahoo.it,,39347552534800,39347552534800,,,,,,Italia,,,,,,,,,,,,,,,,,,,,GUEST,FREE,,0,18/06/2026,FREDDO,,
SIC01110,1110,PERSONA,81LEAD|ContattiMirco|EmailMirco|Labotecnic1|Labotecnic2,Silviavanin,,,,,,IT,,,,,,,,,silviavanin@live.it,,3934971391560,3934971391560,,,,,,Italia,,,,,,,,,,,,,,,,,,,,GUEST,FREE,,0,18/06/2026,FREDDO,,
SIC01111,1111,PERSONA,81LEAD|ContattiMirco|EmailMirco|Labotecnic1|Labotecnic2,Silvybruno17,,,,,,IT,,,,,,,,,silvybruno17@gmail.com,,,,,,,,,Italia,,,,,,,,,,,,,,,,,,,,GUEST,FREE,,0,18/06/2026,FREDDO,,
SIC01112,1112,PERSONA,81LEAD|ContattiMirco|EmailMirco|Labotecnic1|Labotecnic2,Simober,,,,,,IT,,,,,,,,,simober@libero.it,,,,,,,,,Italia,,,,,,,,,,,,,,,,,,,,GUEST,FREE,,0,18/06/2026,FREDDO,,
SIC01113,1113,PERSONA,81LEAD|ContattiMirco|EmailMirco|Labotecnic1|Labotecnic2,Simoci24,,,,,,IT,,,,,,,,,simoci24@hotmail.it,,,,,,,,,Italia,,,,,,,,,,,,,,,,,,,,GUEST,FREE,,0,18/06/2026,FREDDO,,
SIC01114,1114,PERSONA,81LEAD|ContattiMirco|EmailMirco|Labotecnic1|Labotecnic2,Simonadalmasso17,,,,,,IT,,,,,,,,,simonadalmasso17@gmail.com,,,,,,,,,Italia,,,,,,,,,,,,,,,,,,,,GUEST,FREE,,0,18/06/2026,FREDDO,,
SIC01115,1115,PERSONA,81LEAD|ContattiMirco|EmailMirco|Labotecnic1|Labotecnic2,Simonagozzi1,,,,,,IT,,,,,,,,,simonagozzi1@gmail.com,,,,,,,,,Italia,,,,,,,,,,,,,,,,,,,,GUEST,FREE,,0,18/06/2026,FREDDO,,
SIC01116,1116,PERSONA,81LEAD|ContattiMirco|EmailMirco|Labotecnic1|Labotecnic2,Simonavendemiati,,,,,,IT,,,,,,,,,simonavendemiati@gmail.com,,,,,,,,,Italia,,,,,,,,,,,,,,,,,,,,GUEST,FREE,,0,18/06/2026,FREDDO,,
SIC01117,1117,PERSONA,81LEAD|ContattiMirco|EmailMirco,Simone,,,,,,IT,,,,,,,,,simone@studioatessarin.it,,2554653600,2554653600,,,,,,Italia,,,,,,,,,,,,,,,,,,,,GUEST,FREE,,0,18/06/2026,FREDDO,,
SIC01118,1118,PERSONA,81LEAD|ContattiMirco|EmailMirco|Labotecnic1|Labotecnic2,Simonebenetazzo,,,,,,IT,,,,,,,,,simonebenetazzo@proevosrl.it,,,,,,,,,Italia,,,,,,,,,,,,,,,,,,,,GUEST,FREE,,0,18/06/2026,FREDDO,,
SIC01119,1119,PERSONA,81LEAD|ContattiMirco|EmailMirco|Labotecnic1|Labotecnic2,Simonepanfilio,,,,,,IT,,,,,,,,,simonepanfilio@libero.it,,3934280277000,3934280277000,,,,,,Italia,,,,,,,,,,,,,,,,,,,,GUEST,FREE,,0,18/06/2026,FREDDO,,
SIC01120,1120,PERSONA,81LEAD|ContattiMirco|EmailMirco|Labotecnic1|Labotecnic2,Simonettagurrisi,,,,,,IT,,,,,,,,,simonettagurrisi@gmail.com,,,,,,,,,Italia,,,,,,,,,,,,,,,,,,,,GUEST,FREE,,0,18/06/2026,FREDDO,,
SIC01121,1121,PERSONA,81LEAD|ContattiMirco|EmailMirco,Sinistri,,,,,,IT,,,,,,,,,sinistri@lienar.it,,,,,,,,,Italia,,,,,,,,,,,,,,,,,,,,GUEST,FREE,,0,18/06/2026,FREDDO,,
SIC01122,1122,PERSONA,81LEAD|ContattiMirco|EmailMirco,Sinistri,,,,,,IT,,,,,,,,,sinistri@linear.it,,,,,,,,,Italia,,,,,,,,,,,,,,,,,,,,GUEST,FREE,,0,18/06/2026,FREDDO,,
SIC01123,1123,PERSONA,81LEAD|ContattiMirco|EmailMirco|Labotecnic1|Labotecnic2,Slvtrevisan,,,,,,IT,,,,,,,,,slvtrevisan@yahoo.it,,,,,,,,,Italia,,,,,,,,,,,,,,,,,,,,GUEST,FREE,,0,18/06/2026,FREDDO,,
SIC01124,1124,PERSONA,81LEAD|ContattiMirco|EmailMirco|Labotecnic1|Labotecnic2,Sonia_bea,,,,,,IT,,,,,,,,,sonia_bea@hotmail.it,,,,,,,,,Italia,,,,,,,,,,,,,,,,,,,,GUEST,FREE,,0,18/06/2026,FREDDO,,
SIC01125,1125,PERSONA,81LEAD|ContattiMirco|EmailMirco|Labotecnic1|Labotecnic2,Sonny88,,,,,,IT,,,,,,,,,sonny88@tin.it,,,,,,,,,Italia,,,,,,,,,,,,,,,,,,,,GUEST,FREE,,0,18/06/2026,FREDDO,,
SIC01126,1126,PERSONA,81LEAD|ContattiMirco|EmailMirco|Labotecnic1|Labotecnic2,Soragni,,,,,,IT,,,,,,,,,soragni@giroldisoragni.it,,,,,,,,,Italia,,,,,,,,,,,,,,,,,,,,GUEST,FREE,,0,18/06/2026,FREDDO,,
SIC01127,1127,PERSONA,81LEAD|EmailMirco,Sorini,,,,,,IT,,,,,,,,,info@soriniedilizia.it,,3905726350330,3905726350330,,,,,,Italia,,,,,,,,,,,,,,,,,,,,GUEST,FREE,,0,18/06/2026,FREDDO,,
SIC01128,1128,PERSONA,ContattiMirco|EmailMirco,Sottomarina,,,,,,IT,,,,,,,,,sottomarina@alleanza.it,,,,,,,,,Italia,,,,,,,,,,,,,,,,,,,,GUEST,FREE,,0,18/06/2026,FREDDO,,
SIC01129,1129,PERSONA,81LEAD|ContattiMirco|EmailMirco|Labotecnic1|Labotecnic2,Spetras,,,,,,IT,,,,,,,,,spetras@tiscali.it,,,,,,,,,Italia,,,,,,,,,,,,,,,,,,,,GUEST,FREE,,0,18/06/2026,FREDDO,,
SIC01130,1130,PERSONA,81LEAD|ContattiMirco|EmailMirco|Labotecnic1|Labotecnic2,Spice,,,,,,IT,,,,,,,,,spice@supereva.it,,,,,,,,,Italia,,,,,,,,,,,,,,,,,,,,GUEST,FREE,,0,18/06/2026,FREDDO,,
SIC01131,1131,PERSONA,81LEAD|ContattiMirco|EmailMirco|Labotecnic1|Labotecnic2,Stabe66,,,,,,IT,,,,,,,,,stabe66@libero.it,,,,,,,,,Italia,,,,,,,,,,,,,,,,,,,,GUEST,FREE,,0,18/06/2026,FREDDO,,
SIC01132,1132,PERSONA,81LEAD|ContattiMirco|EmailMirco|Labotecnic1|Labotecnic2,Staffid,,,,,,IT,,,,,,,,,info.staffid@gmail.com,,,,,,,,,Italia,,,,,,,,,,,,,,,,,,,,GUEST,FREE,,0,18/06/2026,FREDDO,,
SIC01133,1133,PERSONA,81LEAD|ContattiMirco|EmailMirco|Labotecnic1|Labotecnic2,Stbirbes,,,,,,IT,,,,,,,,,stbirbes@gmail.com,,,,,,,,,Italia,,,,,,,,,,,,,,,,,,,,GUEST,FREE,,0,18/06/2026,FREDDO,,
SIC01134,1134,PERSONA,81LEAD|ContattiMirco|EmailMirco|Labotecnic1|Labotecnic2,Stcristiano,,,,,,IT,,,,,,,,,stcristiano@gmail.com,,,,,,,,,Italia,,,,,,,,,,,,,,,,,,,,GUEST,FREE,,0,18/06/2026,FREDDO,,
SIC01135,1135,PERSONA,81LEAD|ContattiMirco|EmailMirco|Labotecnic1|Labotecnic2,Stefania_br,,,,,,IT,,,,,,,,,stefania_br@libero.it,,3934649238280,3934649238280,,,,,,Italia,,,,,,,,,,,,,,,,,,,,GUEST,FREE,,0,18/06/2026,FREDDO,,
SIC01136,1136,PERSONA,81LEAD|ContattiMirco|EmailMirco|Labotecnic1|Labotecnic2,Stefaniabalestrino,,,,,,IT,,,,,,,,,stefaniabalestrino@hotmail.it,,3934602794540,3934602794540,,,,,,Italia,,,,,,,,,,,,,,,,,,,,GUEST,FREE,,0,18/06/2026,FREDDO,,
SIC01137,1137,PERSONA,81LEAD|ContattiMirco|EmailMirco|Labotecnic1|Labotecnic2,Stefaniabarca,,,,,,IT,,,,,,,,,stefaniabarca@yahoo.it,,,,,,,,,Italia,,,,,,,,,,,,,,,,,,,,GUEST,FREE,,0,18/06/2026,FREDDO,,
SIC01138,1138,PERSONA,81LEAD|ContattiMirco|EmailMirco|Labotecnic1|Labotecnic2,Stefanobaldo,,,,,,IT,,,,,,,,,stefanobaldo@hotmail.it,,3934741005410,3934741005410,,,,,,Italia,,,,,,,,,,,,,,,,,,,,GUEST,FREE,,0,18/06/2026,FREDDO,,
SIC01139,1139,PERSONA,81LEAD|ContattiMirco|EmailMirco,Stefanopiano70,,,,,,IT,,,,,,,,,stefanopiano70@gmail.com,,,,,,,,,Italia,,,,,,,,,,,,,,,,,,,,GUEST,FREE,,0,18/06/2026,FREDDO,,
SIC01140,1140,PERSONA,81LEAD|ContattiMirco|EmailMirco|Labotecnic1|Labotecnic2,Stefanoturella73,,,,,,IT,,,,,,,,,stefanoturella73@libero.it,,,,,,,,,Italia,,,,,,,,,,,,,,,,,,,,GUEST,FREE,,0,18/06/2026,FREDDO,,
SIC01141,1141,PERSONA,81LEAD|ContattiMirco|EmailMirco|Labotecnic1|Labotecnic2,Stegarescu79,,,,,,IT,,,,,,,,,stegarescu79@yahoo.com,,,,,,,,,Italia,,,,,,,,,,,,,,,,,,,,GUEST,FREE,,0,18/06/2026,FREDDO,,
SIC01142,1142,PERSONA,81LEAD|ContattiMirco|EmailMirco|Labotecnic1|Labotecnic2,Stipo72,,,,,,IT,,,,,,,,,stipo72@gmail.com,,3934750755260,3934750755260,,,,,,Italia,,,,,,,,,,,,,,,,,,,,GUEST,FREE,,0,18/06/2026,FREDDO,,
SIC01143,1143,PERSONA,81LEAD|ContattiMirco|Labotecnic1|Labotecnic2,Strozzifiorella,,,,,,IT,,,,,,,,,strozzifiorella@tiscali.it,,,,,,,,,Italia,,,,,,,,,,,,,,,,,,,,GUEST,FREE,,0,18/06/2026,FREDDO,,
SIC01144,1144,PERSONA,81LEAD|ContattiMirco|EmailMirco,Sudhirkumarsingh80449,,,,,,IT,,,,,,,,,sudhirkumarsingh80449@gmail.com,,,,,,,,,Italia,,,,,,,,,,,,,,,,,,,,GUEST,FREE,,0,18/06/2026,FREDDO,,
SIC01145,1145,PERSONA,81LEAD|ContattiMirco|EmailMirco|Labotecnic1|Labotecnic2,Sukhwinderpalmadho123,,,,,,IT,,,,,,,,,sukhwinderpalmadho123@gmail.com,,,,,,,,,Italia,,,,,,,,,,,,,,,,,,,,GUEST,FREE,,0,18/06/2026,FREDDO,,
SIC01146,1146,PERSONA,81LEAD|ContattiMirco|EmailMirco|Labotecnic1|Labotecnic2,Supersinger7,,,,,,IT,,,,,,,,,supersinger7@hotmail.com,,,,,,,,,Italia,,,,,,,,,,,,,,,,,,,,GUEST,FREE,,0,18/06/2026,FREDDO,,
SIC01147,1147,PERSONA,81LEAD|ContattiMirco|EmailMirco,Support,,,,,,IT,,,,,,,,,support@mwrlife.com,,,,,,,,,Italia,,,,,,,,,,,,,,,,,,,,GUEST,FREE,,0,18/06/2026,FREDDO,,
SIC01148,1148,PERSONA,81LEAD|ContattiMirco|EmailMirco,Support+id178784,,,,,,IT,,,,,,,,,support+id178784@dubaicollin.zendesk.com,,,,,,,,,Italia,,,,,,,,,,,,,,,,,,,,GUEST,FREE,,0,18/06/2026,FREDDO,,
SIC01149,1149,PERSONA,81LEAD|ContattiMirco|EmailMirco,Support+id19613,,,,,,IT,,,,,,,,,support+id19613@hyperpayhelp.zendesk.com,,,,,,,,,Italia,,,,,,,,,,,,,,,,,,,,GUEST,FREE,,0,18/06/2026,FREDDO,,
SIC01150,1150,PERSONA,81LEAD|ContattiMirco|EmailMirco,Support+id671,,,,,,IT,,,,,,,,,support+id671@daoversal.zendesk.com,,,,,,,,,Italia,,,,,,,,,,,,,,,,,,,,GUEST,FREE,,0,18/06/2026,FREDDO,,
SIC01151,1151,PERSONA,81LEAD|ContattiMirco|EmailMirco,Support2,,,,,,IT,,,,,,,,,support2@blackcatcard.com,,,,,,,,,Italia,,,,,,,,,,,,,,,,,,,,GUEST,FREE,,0,18/06/2026,FREDDO,,
SIC01152,1152,PERSONA,81LEAD|ContattiMirco|EmailMirco,Supremerulez,,,,,,IT,,,,,,,,,supremerulez@hotmail.it,,,,,,,,,Italia,,,,,,,,,,,,,,,,,,,,GUEST,FREE,,0,18/06/2026,FREDDO,,
SIC01153,1153,PERSONA,81LEAD|ContattiMirco|EmailMirco,Surfcamp,,,,,,IT,,,,,,,,,surfcamp@marineddabay.com,,,,,,,,,Italia,,,,,,,,,,,,,,,,,,,,GUEST,FREE,,0,18/06/2026,FREDDO,,
SIC01154,1154,PERSONA,81LEAD|ContattiMirco|EmailMirco|Labotecnic1|Labotecnic2,Taccolahome,,,,,,IT,,,,,,,,,taccolahome@gmail.com,,,,,,,,,Italia,,,,,,,,,,,,,,,,,,,,GUEST,FREE,,0,18/06/2026,FREDDO,,
SIC01155,1155,PERSONA,81LEAD|ContattiMirco|EmailMirco|Labotecnic1|Labotecnic2,Talibehballa,,,,,,IT,,,,,,,,,talibehballa@gmail.com,,,,,,,,,Italia,,,,,,,,,,,,,,,,,,,,GUEST,FREE,,0,18/06/2026,FREDDO,,
SIC01156,1156,PERSONA,81LEAD|ContattiMirco|EmailMirco|Labotecnic1|Labotecnic2,Tamaracioin,,,,,,IT,,,,,,,,,tamaracioin@gmail.com,,,,,,,,,Italia,,,,,,,,,,,,,,,,,,,,GUEST,FREE,,0,18/06/2026,FREDDO,,
SIC01157,1157,PERSONA,81LEAD|ContattiMirco|EmailMirco|Labotecnic1|Labotecnic2,Taniabertaggia,,,,,,IT,,,,,,,,,taniabertaggia@libero.it,,,,,,,,,Italia,,,,,,,,,,,,,,,,,,,,GUEST,FREE,,0,18/06/2026,FREDDO,,
SIC01158,1158,PERSONA,81LEAD|ContattiMirco|EmailMirco|Labotecnic1|Labotecnic2,Tecaflo,,,,,,IT,,,,,,,,,tecaflo@gmail.com,,,,,,,,,Italia,,,,,,,,,,,,,,,,,,,,GUEST,FREE,,0,18/06/2026,FREDDO,,
SIC01159,1159,PERSONA,81LEAD|ContattiMirco|EmailMirco|Labotecnic1|Labotecnic2,Tecknosound,,,,,,IT,,,,,,,,,tecknosound@hotmail.com,,,,,,,,,Italia,,,,,,,,,,,,,,,,,,,,GUEST,FREE,,0,18/06/2026,FREDDO,,
SIC01160,1160,PERSONA,81LEAD|ContattiMirco|EmailMirco,Tecnico,,,,,,IT,,,,,,,,,tecnico@3technology.it,,,,,,,,,Italia,,,,,,,,,,,,,,,,,,,,GUEST,FREE,,0,18/06/2026,FREDDO,,
SIC01161,1161,PERSONA,81LEAD|EmailMirco,Tecnomat,,,,,,IT,,,,,,,,,tecnomat@tecnomat.it,,3902839054630,3902839054630,,,,,,Italia,,,,,,,,,,,,,,,,,,,,GUEST,FREE,,0,18/06/2026,FREDDO,,
SIC01162,1162,PERSONA,81LEAD|ContattiMirco|EmailMirco|Labotecnic1|Labotecnic2,Teconf,,,,,,IT,,,,,,,,,teconf@tiscali.it,,,,,,,,,Italia,,,,,,,,,,,,,,,,,,,,GUEST,FREE,,0,18/06/2026,FREDDO,,
SIC01163,1163,PERSONA,81LEAD|ContattiMirco|EmailMirco|Labotecnic1|Labotecnic2,Telasystem,,,,,,IT,,,,,,,,,telasystem@libero.it,,,,,,,,,Italia,,,,,,,,,,,,,,,,,,,,GUEST,FREE,,0,18/06/2026,FREDDO,,
SIC01164,1164,PERSONA,81LEAD|ContattiMirco|EmailMirco|Labotecnic1|Labotecnic2,Tempiodelsole2,,,,,,IT,,,,,,,,,tempiodelsole2@email.it,,,,,,,,,Italia,,,,,,,,,,,,,,,,,,,,GUEST,FREE,,0,18/06/2026,FREDDO,,
SIC01165,1165,PERSONA,81LEAD|ContattiMirco|EmailMirco|Labotecnic1|Labotecnic2,Tigriferraro,,,,,,IT,,,,,,,,,tigriferraro@gmail.com,,,,,,,,,Italia,,,,,,,,,,,,,,,,,,,,GUEST,FREE,,0,18/06/2026,FREDDO,,
SIC01166,1166,PERSONA,ContattiMirco|EmailMirco|Labotecnic1|Labotecnic2,Tiozzomartina,,,,,,IT,,,,,,,,,tiozzomartina@libero.it,,,,,,,,,Italia,,,,,,,,,,,,,,,,,,,,GUEST,FREE,,0,18/06/2026,FREDDO,,
SIC01167,1167,PERSONA,81LEAD|ContattiMirco|EmailMirco|Labotecnic1|Labotecnic2,Tizianobissacco,,,,,,IT,,,,,,,,,tizianobissacco@gmail.com,,,,,,,,,Italia,,,,,,,,,,,,,,,,,,,,GUEST,FREE,,0,18/06/2026,FREDDO,,
SIC01168,1168,PERSONA,81LEAD|ContattiMirco|EmailMirco|Labotecnic1|Labotecnic2,Tizianohair,,,,,,IT,,,,,,,,,tizianohair@hotmail.it,,,,,,,,,Italia,,,,,,,,,,,,,,,,,,,,GUEST,FREE,,0,18/06/2026,FREDDO,,
SIC01169,1169,PERSONA,81LEAD|ContattiMirco|EmailMirco,Today,,,,,,IT,,,,,,,,,today@thebalance.com,,338251362000,338251362000,,,,,,Italia,,,,,,,,,,,,,,,,,,,,GUEST,FREE,,0,18/06/2026,FREDDO,,
SIC01170,1170,PERSONA,81LEAD|ContattiMirco|EmailMirco|Labotecnic1|Labotecnic2,Tolveguido,,,,,,IT,,,,,,,,,tolveguido@yahoo.it,,,,,,,,,Italia,,,,,,,,,,,,,,,,,,,,GUEST,FREE,,0,18/06/2026,FREDDO,,
SIC01171,1171,PERSONA,81LEAD|ContattiMirco|EmailMirco|Labotecnic1|Labotecnic2,Tomaificiotarga,,,,,,IT,,,,,,,,,tomaificiotarga@alice.it,,,,,,,,,Italia,,,,,,,,,,,,,,,,,,,,GUEST,FREE,,0,18/06/2026,FREDDO,,
SIC01172,1172,PERSONA,81LEAD|ContattiMirco|EmailMirco,Tommaso,,,,,,IT,,,,,,,,,tommaso@tuscanypeople.com,,,,,,,,,Italia,,,,,,,,,,,,,,,,,,,,GUEST,FREE,,0,18/06/2026,FREDDO,,
SIC01173,1173,PERSONA,81LEAD|ContattiMirco|EmailMirco,Tommy,,,,,,IT,,,,,,,,,tommy.73stocco@gmail.com,,,,,,,,,Italia,,,,,,,,,,,,,,,,,,,,GUEST,FREE,,0,18/06/2026,FREDDO,,
SIC01174,1174,PERSONA,81LEAD|ContattiMirco|EmailMirco,Tomtmawolo,,,,,,IT,,,,,,,,,tomtmawolo@gmail.com,,,,,,,,,Italia,,,,,,,,,,,,,,,,,,,,GUEST,FREE,,0,18/06/2026,FREDDO,,
SIC01175,1175,PERSONA,81LEAD|ContattiMirco|EmailMirco|Labotecnic1|Labotecnic2,Tonicastiello,,,,,,IT,,,,,,,,,tonicastiello@gmail.com,,,,,,,,,Italia,,,,,,,,,,,,,,,,,,,,GUEST,FREE,,0,18/06/2026,FREDDO,,
SIC01176,1176,PERSONA,81LEAD|ContattiMirco|EmailMirco,Tonyhubbardth,,,,,,IT,,,,,,,,,tonyhubbard4th@gmail.com,,,,,,,,,Italia,,,,,,,,,,,,,,,,,,,,GUEST,FREE,,0,18/06/2026,FREDDO,,
SIC01177,1177,PERSONA,81LEAD|ContattiMirco|EmailMirco|Labotecnic1|Labotecnic2,Topolina-69,,,,,,IT,,,,,,,,,topolina-69@hotmail.it,,,,,,,,,Italia,,,,,,,,,,,,,,,,,,,,GUEST,FREE,,0,18/06/2026,FREDDO,,
SIC01178,1178,PERSONA,81LEAD|ContattiMirco|EmailMirco,Torresingiuliano,,,,,,IT,,,,,,,,,torresingiuliano@libero.it,,,,,,,,,Italia,,,,,,,,,,,,,,,,,,,,GUEST,FREE,,0,18/06/2026,FREDDO,,
SIC01179,1179,PERSONA,81LEAD|ContattiMirco|EmailMirco,Torresinmatteo1998,,,,,,IT,,,,,,,,,torresinmatteo1998@gmail.com,,,,,,,,,Italia,,,,,,,,,,,,,,,,,,,,GUEST,FREE,,0,18/06/2026,FREDDO,,
SIC01180,1180,PERSONA,81LEAD|ContattiMirco|EmailMirco|Labotecnic1|Labotecnic2,Tortorafortuna74,,,,,,IT,,,,,,,,,tortorafortuna74@gmail.com,,,,,,,,,Italia,,,,,,,,,,,,,,,,,,,,GUEST,FREE,,0,18/06/2026,FREDDO,,
SIC01181,1181,PERSONA,81LEAD|ContattiMirco|EmailMirco|Labotecnic1|Labotecnic2,Tosoj,,,,,,IT,,,,,,,,,tosoj@libero.it,,3934084570280,3934084570280,,,,,,Italia,,,,,,,,,,,,,,,,,,,,GUEST,FREE,,0,18/06/2026,FREDDO,,
SIC01182,1182,PERSONA,81LEAD|ContattiMirco|EmailMirco|Labotecnic1|Labotecnic2,Tronconegvincenzo,,,,,,IT,,,,,,,,,tronconeg4vincenzo3@gmail.com,,,,,,,,,Italia,,,,,,,,,,,,,,,,,,,,GUEST,FREE,,0,18/06/2026,FREDDO,,
SIC01183,1183,PERSONA,81LEAD|ContattiMirco|EmailMirco,Tronelli,,,,,,IT,,,,,,,,,tronelli@gmail.com,,349498133500,349498133500,,,,,,Italia,,,,,,,,,,,,,,,,,,,,GUEST,FREE,,0,18/06/2026,FREDDO,,
SIC01184,1184,PERSONA,81LEAD|ContattiMirco|EmailMirco,Tstoni,,,,,,IT,,,,,,,,,tstoni@tiscali.it,,,,,,,,,Italia,,,,,,,,,,,,,,,,,,,,GUEST,FREE,,0,18/06/2026,FREDDO,,
SIC01185,1185,PERSONA,81LEAD|ContattiMirco|EmailMirco|Labotecnic1|Labotecnic2,Ufficiotecnico,,,,,,IT,,,,,,,,,ufficiotecnico@lclavoriincorso.it,,,,,,,,,Italia,,,,,,,,,,,,,,,,,,,,GUEST,FREE,,0,18/06/2026,FREDDO,,
SIC01186,1186,PERSONA,81LEAD|ContattiMirco|EmailMirco|Labotecnic1|Labotecnic2,Ufficiotecnicogare,,,,,,IT,,,,,,,,,ufficiotecnicogare@pistorello.it,,,,,,,,,Italia,,,,,,,,,,,,,,,,,,,,GUEST,FREE,,0,18/06/2026,FREDDO,,
SIC01187,1187,PERSONA,81LEAD|ContattiMirco|EmailMirco|Labotecnic1|Labotecnic2,Ulded61,,,,,,IT,,,,,,,,,ulded61@gmail.com,,3934873476940,3934873476940,,,,,,Italia,,,,,,,,,,,,,,,,,,,,GUEST,FREE,,0,18/06/2026,FREDDO,,
SIC01188,1188,PERSONA,81LEAD|ContattiMirco|EmailMirco|Labotecnic1|Labotecnic2,Ulissecroda,,,,,,IT,,,,,,,,,ulissecroda@gmail.com,,,,,,,,,Italia,,,,,,,,,,,,,,,,,,,,GUEST,FREE,,0,18/06/2026,FREDDO,,
SIC01189,1189,PERSONA,81LEAD|ContattiMirco|EmailMirco|Labotecnic1|Labotecnic2,Universal,,,,,,IT,,,,,,,,,universal@francofiumana.it,,,,,,,,,Italia,,,,,,,,,,,,,,,,,,,,GUEST,FREE,,0,18/06/2026,FREDDO,,
SIC01190,1190,PERSONA,81LEAD|ContattiMirco|EmailMirco,Updeucce,,,,,,IT,,,,,,,,,223upde72ucce@hpeprint.com,,,,,,,,,Italia,,,,,,,,,,,,,,,,,,,,GUEST,FREE,,0,18/06/2026,FREDDO,,
SIC01191,1191,PERSONA,81LEAD|ContattiMirco|EmailMirco,Utente,,,,,,IT,,,,,,,,,cs2@thehyperfund.com,,,,,,,,,Italia,,,,,,,,,,,,,,,,,,,,GUEST,FREE,,0,18/06/2026,FREDDO,,
SIC01192,1192,PERSONA,81LEAD|ContattiMirco|Labotecnic1|Labotecnic2,Utente,,,,,,IT,,,,,,,,,mf7640@alice.it,,3933563692110,3933563692110,,,,,,Italia,,,,,,,,,,,,,,,,,,,,GUEST,FREE,,0,18/06/2026,FREDDO,,
SIC01193,1193,PERSONA,81LEAD|ContattiMirco|EmailMirco|Labotecnic1|Labotecnic2,Utente,,,,,,IT,,,,,,,,,fy2672@gmail.com,,,,,,,,,Italia,,,,,,,,,,,,,,,,,,,,GUEST,FREE,,0,18/06/2026,FREDDO,,
SIC01194,1194,PERSONA,81LEAD|ContattiMirco|EmailMirco|Labotecnic1|Labotecnic2,Utente,,,,,,IT,,,,,,,,,bm1977@alice.it,,,,,,,,,Italia,,,,,,,,,,,,,,,,,,,,GUEST,FREE,,0,18/06/2026,FREDDO,,
SIC01195,1195,PERSONA,81LEAD|ContattiMirco|EmailMirco,Uvescci,,,,,,IT,,,,,,,,,uve4019scci@posteitaliane.it,,,,,,,,,Italia,,,,,,,,,,,,,,,,,,,,GUEST,FREE,,0,18/06/2026,FREDDO,,
SIC01196,1196,PERSONA,81LEAD|ContattiMirco|EmailMirco|Labotecnic1|Labotecnic2,V,,,,,,IT,,,,,,,,,v.lamagna@libero.it,,,,,,,,,Italia,,,,,,,,,,,,,,,,,,,,GUEST,FREE,,0,18/06/2026,FREDDO,,
SIC01197,1197,PERSONA,81LEAD|ContattiMirco|EmailMirco,Valentina,,,,,,IT,,,,,,,,,valentina.sasso@biscaropoggio.it,,,,,,,,,Italia,,,,,,,,,,,,,,,,,,,,GUEST,FREE,,0,18/06/2026,FREDDO,,
SIC01198,1198,PERSONA,81LEAD|ContattiMirco|Labotecnic1|Labotecnic2,Valentina,,,,,,IT,,,,,,,,,info@fattoriedeldelta.it,,,,,,,,,Italia,,,,,,,,,,,,,,,,,,,,GUEST,FREE,,0,18/06/2026,FREDDO,,
SIC01199,1199,PERSONA,81LEAD|ContattiMirco|EmailMirco|Labotecnic1|Labotecnic2,Valentina,,,,,,IT,,,,,,,,,valentina.dussin@gmail.com,,3934021569630,3934021569630,,,,,,Italia,,,,,,,,,,,,,,,,,,,,GUEST,FREE,,0,18/06/2026,FREDDO,,
SIC01200,1200,PERSONA,81LEAD|ContattiMirco|EmailMirco|Labotecnic1|Labotecnic2,Valentinarabitti,,,,,,IT,,,,,,,,,valentinarabitti@gmail.com,,3939395837530,3939395837530,,,,,,Italia,,,,,,,,,,,,,,,,,,,,GUEST,FREE,,0,18/06/2026,FREDDO,,
SIC01201,1201,PERSONA,81LEAD|ContattiMirco|EmailMirco|Labotecnic1|Labotecnic2,Valentinaze,,,,,,IT,,,,,,,,,valentinaze@gmail.com,,,,,,,,,Italia,,,,,,,,,,,,,,,,,,,,GUEST,FREE,,0,18/06/2026,FREDDO,,
SIC01202,1202,PERSONA,81LEAD|ContattiMirco|EmailMirco,Valentino,,,,,,IT,,,,,,,,,valentino.sieve16@gmail.com,,,,,,,,,Italia,,,,,,,,,,,,,,,,,,,,GUEST,FREE,,0,18/06/2026,FREDDO,,
SIC01203,1203,PERSONA,81LEAD|ContattiMirco|EmailMirco,Valentinosieve,,,,,,IT,,,,,,,,,valentinosieve@libero.it,,,,,,,,,Italia,,,,,,,,,,,,,,,,,,,,GUEST,FREE,,0,18/06/2026,FREDDO,,
SIC01204,1204,PERSONA,81LEAD|ContattiMirco|EmailMirco|Labotecnic1|Labotecnic2,Valeria,,,,,,IT,,,,,,,,,valeria@banzatoarredamenti.it,,,,,,,,,Italia,,,,,,,,,,,,,,,,,,,,GUEST,FREE,,0,18/06/2026,FREDDO,,
SIC01205,1205,PERSONA,81LEAD|ContattiMirco|EmailMirco,Valeria,,,,,,IT,,,,,,,,,valeria@marefq.it,,320545125500,320545125500,,,,,,Italia,,,,,,,,,,,,,,,,,,,,GUEST,FREE,,0,18/06/2026,FREDDO,,
SIC01206,1206,PERSONA,81LEAD|ContattiMirco|EmailMirco|Labotecnic1|Labotecnic2,Valeriafra,,,,,,IT,,,,,,,,,valeriafra@virgilio.it,,3934892462070,3934892462070,,,,,,Italia,,,,,,,,,,,,,,,,,,,,GUEST,FREE,,0,18/06/2026,FREDDO,,
SIC01207,1207,PERSONA,81LEAD|ContattiMirco|EmailMirco|Labotecnic1|Labotecnic2,Vallyeffe,,,,,,IT,,,,,,,,,vallyeffe@gmail.com,,,,,,,,,Italia,,,,,,,,,,,,,,,,,,,,GUEST,FREE,,0,18/06/2026,FREDDO,,
SIC01208,1208,PERSONA,81LEAD|ContattiMirco|EmailMirco|Labotecnic1|Labotecnic2,Vanita06,,,,,,IT,,,,,,,,,vanita06@libero.it,,,,,,,,,Italia,,,,,,,,,,,,,,,,,,,,GUEST,FREE,,0,18/06/2026,FREDDO,,
SIC01209,1209,PERSONA,81LEAD|ContattiMirco|EmailMirco|Labotecnic1|Labotecnic2,Varimarboxa,,,,,,IT,,,,,,,,,varimarbox4a@gmail.com,,,,,,,,,Italia,,,,,,,,,,,,,,,,,,,,GUEST,FREE,,0,18/06/2026,FREDDO,,
SIC01210,1210,PERSONA,81LEAD|EmailMirco,Vavassori,,,,,,IT,,,,,,,,,info@vavassoriedilizia.it,,390356610420,390356610420,,,,,,Italia,,,,,,,,,,,,,,,,,,,,GUEST,FREE,,0,18/06/2026,FREDDO,,
SIC01211,1211,PERSONA,81LEAD|ContattiMirco|EmailMirco|Labotecnic1|Labotecnic2,Venetoponteggi,,,,,,IT,,,,,,,,,venetoponteggi@gmail.com,,3934079195930,3934079195930,,,,,,Italia,,,,,,,,,,,,,,,,,,,,GUEST,FREE,,0,18/06/2026,FREDDO,,
SIC01212,1212,PERSONA,81LEAD|ContattiMirco|EmailMirco,Venturewhale2021,,,,,,IT,,,,,,,,,venturewhale2021@yahoo.com,,,,,,,,,Italia,,,,,,,,,,,,,,,,,,,,GUEST,FREE,,0,18/06/2026,FREDDO,,
SIC01213,1213,PERSONA,81LEAD|ContattiMirco|Labotecnic1|Labotecnic2,Vernafiorella,,,,,,IT,,,,,,,,,vernafiorella@live.it,,,,,,,,,Italia,,,,,,,,,,,,,,,,,,,,GUEST,FREE,,0,18/06/2026,FREDDO,,
SIC01214,1214,PERSONA,81LEAD|ContattiMirco|EmailMirco|Labotecnic1|Labotecnic2,Veronicaguiarssi,,,,,,IT,,,,,,,,,veronicaguiarssi@gmail.com,,3934087448240,3934087448240,,,,,,Italia,,,,,,,,,,,,,,,,,,,,GUEST,FREE,,0,18/06/2026,FREDDO,,
SIC01215,1215,PERSONA,81LEAD|ContattiMirco|EmailMirco|Labotecnic1|Labotecnic2,Vfrancese,,,,,,IT,,,,,,,,,vfrancese@gmail.com,,,,,,,,,Italia,,,,,,,,,,,,,,,,,,,,GUEST,FREE,,0,18/06/2026,FREDDO,,
SIC01216,1216,PERSONA,81LEAD|ContattiMirco,Vfrau85,,,,,,IT,,,,,,,,,vfrau85@yahoo.it,,3933461325340,3933461325340,,,,,,Italia,,,,,,,,,,,,,,,,,,,,GUEST,FREE,,0,18/06/2026,FREDDO,,
SIC01217,1217,PERSONA,81LEAD|ContattiMirco|EmailMirco|Labotecnic1|Labotecnic2,Vicentinigeomluca,,,,,,IT,,,,,,,,,vicentinigeomluca@gmail.com,,,,,,,,,Italia,,,,,,,,,,,,,,,,,,,,GUEST,FREE,,0,18/06/2026,FREDDO,,
SIC01218,1218,PERSONA,81LEAD|ContattiMirco|EmailMirco|Labotecnic1|Labotecnic2,Vicepresidente,,,,,,IT,,,,,,,,,vicepresidente@artigianatopadovano.it,,,,,,,,,Italia,,,,,,,,,,,,,,,,,,,,GUEST,FREE,,0,18/06/2026,FREDDO,,
SIC01219,1219,PERSONA,81LEAD|ContattiMirco|EmailMirco,Viennalucas,,,,,,IT,,,,,,,,,viennalucas@protonmail.com,,,,,,,,,Italia,,,,,,,,,,,,,,,,,,,,GUEST,FREE,,0,18/06/2026,FREDDO,,
SIC01220,1220,PERSONA,81LEAD|ContattiMirco|EmailMirco|Labotecnic1|Labotecnic2,Villaggiodelcuore,,,,,,IT,,,,,,,,,villaggiodelcuore@gmail.com,,,,,,,,,Italia,,,,,,,,,,,,,,,,,,,,GUEST,FREE,,0,18/06/2026,FREDDO,,
SIC01221,1221,PERSONA,81LEAD|ContattiMirco|EmailMirco|Labotecnic1|Labotecnic2,Vincenzamonti73,,,,,,IT,,,,,,,,,vincenzamonti73@gmail.com,,,,,,,,,Italia,,,,,,,,,,,,,,,,,,,,GUEST,FREE,,0,18/06/2026,FREDDO,,
SIC01222,1222,PERSONA,81LEAD|ContattiMirco|EmailMirco|Labotecnic1|Labotecnic2,Virginiaapostoli,,,,,,IT,,,,,,,,,virginiaapostoli@gmail.com,,,,,,,,,Italia,,,,,,,,,,,,,,,,,,,,GUEST,FREE,,0,18/06/2026,FREDDO,,
SIC01223,1223,PERSONA,81LEAD|ContattiMirco|EmailMirco|Labotecnic1|Labotecnic2,Virginiacipolla,,,,,,IT,,,,,,,,,virginiacipolla@tiscali.it,,,,,,,,,Italia,,,,,,,,,,,,,,,,,,,,GUEST,FREE,,0,18/06/2026,FREDDO,,
SIC01224,1224,PERSONA,81LEAD|ContattiMirco|EmailMirco|Labotecnic1|Labotecnic2,Vitalegiuseppe76,,,,,,IT,,,,,,,,,vitalegiuseppe76@gmail.com,,3932922397810,3932922397810,,,,,,Italia,,,,,,,,,,,,,,,,,,,,GUEST,FREE,,0,18/06/2026,FREDDO,,
SIC01225,1225,PERSONA,81LEAD|ContattiMirco|EmailMirco|Labotecnic1|Labotecnic2,Vito60000,,,,,,IT,,,,,,,,,vito60000@live.it,,3937135382020,3937135382020,,,,,,Italia,,,,,,,,,,,,,,,,,,,,GUEST,FREE,,0,18/06/2026,FREDDO,,
SIC01226,1226,PERSONA,81LEAD|ContattiMirco|EmailMirco,Vittoria,,,,,,IT,,,,,,,,,vittoria.currao@abacospa.it,,,,,,,,,Italia,,,,,,,,,,,,,,,,,,,,GUEST,FREE,,0,18/06/2026,FREDDO,,
SIC01227,1227,PERSONA,81LEAD|ContattiMirco|EmailMirco|Labotecnic1|Labotecnic2,Vkcscuolakite,,,,,,IT,,,,,,,,,vkcscuolakite@libero.it,,,,,,,,,Italia,,,,,,,,,,,,,,,,,,,,GUEST,FREE,,0,18/06/2026,FREDDO,,
SIC01228,1228,PERSONA,81LEAD|ContattiMirco|EmailMirco|Labotecnic1|Labotecnic2,Vsaccucci,,,,,,IT,,,,,,,,,vsaccucci@libero.it,,,,,,,,,Italia,,,,,,,,,,,,,,,,,,,,GUEST,FREE,,0,18/06/2026,FREDDO,,
SIC01229,1229,PERSONA,81LEAD|ContattiMirco|EmailMirco,Webinar,,,,,,IT,,,,,,,,,webinar@aifesformazione.it,,340065004200,340065004200,,,,,,Italia,,,,,,,,,,,,,,,,,,,,GUEST,FREE,,0,18/06/2026,FREDDO,,
SIC01230,1230,PERSONA,81LEAD|ContattiMirco|EmailMirco|Labotecnic1|Labotecnic2,White-c,,,,,,IT,,,,,,,,,white-c@libero.it,,,,,,,,,Italia,,,,,,,,,,,,,,,,,,,,GUEST,FREE,,0,18/06/2026,FREDDO,,
SIC01231,1231,PERSONA,81LEAD|ContattiMirco|EmailMirco|Labotecnic1|Labotecnic2,Xaver8,,,,,,IT,,,,,,,,,xaver8@libero.it,,,,,,,,,Italia,,,,,,,,,,,,,,,,,,,,GUEST,FREE,,0,18/06/2026,FREDDO,,
SIC01232,1232,PERSONA,81LEAD|ContattiMirco|EmailMirco|Labotecnic1|Labotecnic2,Xblumi,,,,,,IT,,,,,,,,,xblumi@hotmail.it,,,,,,,,,Italia,,,,,,,,,,,,,,,,,,,,GUEST,FREE,,0,18/06/2026,FREDDO,,
SIC01233,1233,PERSONA,81LEAD|ContattiMirco|EmailMirco,Your22242,,,,,,IT,,,,,,,,,your22242@gmail.com,,,,,,,,,Italia,,,,,,,,,,,,,,,,,,,,GUEST,FREE,,0,18/06/2026,FREDDO,,
SIC01234,1234,PERSONA,81LEAD|ContattiMirco|EmailMirco,Yselvaggio84,,,,,,IT,,,,,,,,,yselvaggio84@gmail.com,,,,,,,,,Italia,,,,,,,,,,,,,,,,,,,,GUEST,FREE,,0,18/06/2026,FREDDO,,
SIC01235,1235,PERSONA,81LEAD|ContattiMirco|EmailMirco,Za,,,,,,IT,,,,,,,,,za.comzaiaemanuele@libero.it,,,,,,,,,Italia,,,,,,,,,,,,,,,,,,,,GUEST,FREE,,0,18/06/2026,FREDDO,,
SIC01236,1236,PERSONA,81LEAD|ContattiMirco|EmailMirco|Labotecnic1|Labotecnic2,Zagostafforg,,,,,,IT,,,,,,,,,zagostafforg@libero.it,,,,,,,,,Italia,,,,,,,,,,,,,,,,,,,,GUEST,FREE,,0,18/06/2026,FREDDO,,
SIC01237,1237,PERSONA,81LEAD|ContattiMirco|EmailMirco,Zaiaemanuele,,,,,,IT,,,,,,,,,zaiaemanuele@libero.it,,,,,,,,,Italia,,,,,,,,,,,,,,,,,,,,GUEST,FREE,,0,18/06/2026,FREDDO,,
SIC01238,1238,PERSONA,81LEAD|ContattiMirco|EmailMirco|Labotecnic1|Labotecnic2,Zanella76,,,,,,IT,,,,,,,,,zanella76@gmail.com,,,,,,,,,Italia,,,,,,,,,,,,,,,,,,,,GUEST,FREE,,0,18/06/2026,FREDDO,,
SIC01239,1239,PERSONA,81LEAD|ContattiMirco|EmailMirco|Labotecnic1|Labotecnic2,Zaninelloantonio,,,,,,IT,,,,,,,,,zaninelloantonio@gmail.com,,3932919929630,3932919929630,,,,,,Italia,,,,,,,,,,,,,,,,,,,,GUEST,FREE,,0,18/06/2026,FREDDO,,
SIC01240,1240,PERSONA,81LEAD|EmailMirco,ZapTech,,,,,,IT,,,,,,,,,info@zaptech.it,,3933384441450,3933384441450,,,,,,Italia,,,,,,,,,,,,,,,,,,,,GUEST,FREE,,0,18/06/2026,FREDDO,,
SIC01241,1241,PERSONA,81LEAD|ContattiMirco|EmailMirco,Zendesk-box,,,,,,IT,,,,,,,,,zendesk-box@sendinblue.com,,,,,,,,,Italia,,,,,,,,,,,,,,,,,,,,GUEST,FREE,,0,18/06/2026,FREDDO,,
SIC01242,1242,PERSONA,81LEAD|ContattiMirco|EmailMirco,Zhanetalacaj,,,,,,IT,,,,,,,,,zhanetalacaj@gmail.com,,,,,,,,,Italia,,,,,,,,,,,,,,,,,,,,GUEST,FREE,,0,18/06/2026,FREDDO,,
SIC01243,1243,PERSONA,81LEAD|ContattiMirco|EmailMirco|Labotecnic1|Labotecnic2,Zieromauro,,,,,,IT,,,,,,,,,zieromauro@hotmail.it,,3934885944470,3934885944470,,,,,,Italia,,,,,,,,,,,,,,,,,,,,GUEST,FREE,,0,18/06/2026,FREDDO,,
SIC01244,1244,PERSONA,81LEAD|EmailMirco,Zingafer,,,,,,IT,,,,,,,,,info@zingafer.it,,3909575133750,3909575133750,,,,,,Italia,,,,,,,,,,,,,,,,,,,,GUEST,FREE,,0,18/06/2026,FREDDO,,
SIC01245,1245,PERSONA,81LEAD|ContattiMirco|EmailMirco|Labotecnic1|Labotecnic2,Zumella,,,,,,IT,,,,,,,,,zumella@libero.it,,,,,,,,,Italia,,,,,,,,,,,,,,,,,,,,GUEST,FREE,,0,18/06/2026,FREDDO,,
SIC01246,1246,PERSONA,81LEAD|ContattiMirco|EmailMirco,Info,- Best Expo,,,,,IT,,,,,,,,,info@hotelexpoverona.it,,,,,,,,,Italia,,,,,,,,,,,,,,,,,,,,GUEST,FREE,,0,18/06/2026,FREDDO,,
SIC01247,1247,PERSONA,81LEAD|EmailMirco,Nipab,- Showroom,,,,,IT,,,,,,,,,info@nipab.it,,3902903900340,3902903900340,,,,,,Italia,,,,,,,,,,,,,,,,,,,,GUEST,FREE,,0,18/06/2026,FREDDO,,
SIC01248,1248,PERSONA,81LEAD|ContattiMirco|Labotecnic1|Labotecnic2,Radiobruno,1,,,,,IT,,,,,,,,,radiobruno.1@tin.it,,,,,,,,,Italia,,,,,,,,,,,,,,,,,,,,GUEST,FREE,,0,18/06/2026,FREDDO,,
SIC01249,1249,PERSONA,81LEAD|ContattiMirco|Labotecnic1|Labotecnic2,Lacasadivi,10,,,,,IT,,,,,,,,,lacasadivi.10@libero.it,,,,,,,,,Italia,,,,,,,,,,,,,,,,,,,,GUEST,FREE,,0,18/06/2026,FREDDO,,
SIC01250,1250,PERSONA,81LEAD|ContattiMirco|EmailMirco|Labotecnic1|Labotecnic2,Ghiro,14,,,,,IT,,,,,,,,,ghiro.14@libero.it,,,,,,,,,Italia,,,,,,,,,,,,,,,,,,,,GUEST,FREE,,0,18/06/2026,FREDDO,,
SIC01251,1251,PERSONA,81LEAD|EmailMirco,FGM,1957,,,,,IT,,,,,,,,,info@fgm1957.com,,39058317980430,39058317980430,,,,,,Italia,,,,,,,,,,,,,,,,,,,,GUEST,FREE,,0,18/06/2026,FREDDO,,
SIC01252,1252,PERSONA,81LEAD|ContattiMirco|EmailMirco,Way,2 usd4,,,,,IT,,,,,,,,,way.2.usd4@gmail.com,,,,,,,,,Italia,,,,,,,,,,,,,,,,,,,,GUEST,FREE,,0,18/06/2026,FREDDO,,
SIC01253,1253,PERSONA,81LEAD|ContattiMirco|EmailMirco|Labotecnic1|Labotecnic2,Zeta,2000,,,,,IT,,,,,,,,,info@zeta2000.it,,,,,,,,,Italia,,,,,,,,,,,,,,,,,,,,GUEST,FREE,,0,18/06/2026,FREDDO,,
SIC01254,1254,PERSONA,81LEAD|ContattiMirco|EmailMirco|Labotecnic1|Labotecnic2,Malo,2010,,,,,IT,,,,,,,,,malo.2010@libero.it,,,,,,,,,Italia,,,,,,,,,,,,,,,,,,,,GUEST,FREE,,0,18/06/2026,FREDDO,,
SIC01255,1255,PERSONA,81LEAD|ContattiMirco|EmailMirco,Coluc,287,,,,,IT,,,,,,,,,coluc.287@gmail.com,,,,,,,,,Italia,,,,,,,,,,,,,,,,,,,,GUEST,FREE,,0,18/06/2026,FREDDO,,
SIC01256,1256,PERSONA,81LEAD|EmailMirco,Edil,2N,,,,,IT,,,,,,,,,info@edil2n.it,,390358105040,390358105040,,,,,,Italia,,,,,,,,,,,,,,,,,,,,GUEST,FREE,,0,18/06/2026,FREDDO,,
SIC01257,1257,PERSONA,81LEAD|ContattiMirco|EmailMirco|Labotecnic1|Labotecnic2,F,2donatella,,,,,IT,,,,,,,,,f.2donatella@libero.it,,,,,,,,,Italia,,,,,,,,,,,,,,,,,,,,GUEST,FREE,,0,18/06/2026,FREDDO,,
SIC01258,1258,PERSONA,81LEAD|ContattiMirco|EmailMirco,Chimenim,32,,,,,IT,,,,,,,,,chimenim.32@gmail.com,,,,,,,,,Italia,,,,,,,,,,,,,,,,,,,,GUEST,FREE,,0,18/06/2026,FREDDO,,
SIC01259,1259,PERSONA,81LEAD|ContattiMirco|EmailMirco|Labotecnic1|Labotecnic2,Gaeema,4,,,,,IT,,,,,,,,,gaeema@tin.it,,,,,,,,,Italia,,,,,,,,,,,,,,,,,,,,GUEST,FREE,,0,18/06/2026,FREDDO,,
SIC01260,1260,PERSONA,81LEAD|ContattiMirco|EmailMirco,Gabrio,45,,,,,IT,,,,,,,,,info@ristorantemolo45.it,,3932936194770,3932936194770,,,,,,Italia,,,,,,,,,,,,,,,,,,,,GUEST,FREE,,0,18/06/2026,FREDDO,,
SIC01261,1261,PERSONA,81LEAD|ContattiMirco|EmailMirco|Labotecnic1|Labotecnic2,Sophia,63,,,,,IT,,,,,,,,,sophia.63@libero.it,,,,,,,,,Italia,,,,,,,,,,,,,,,,,,,,GUEST,FREE,,0,18/06/2026,FREDDO,,
SIC01262,1262,PERSONA,81LEAD|ContattiMirco|EmailMirco|Labotecnic1|Labotecnic2,Francy,68,,,,,IT,,,,,,,,,francy.68@live.it,,,,,,,,,Italia,,,,,,,,,,,,,,,,,,,,GUEST,FREE,,0,18/06/2026,FREDDO,,
SIC01263,1263,PERSONA,81LEAD|ContattiMirco|Labotecnic1|Labotecnic2,Yvonne,70sejas ysa61,,,,,IT,,,,,,,,,yvonne.70sejas.ysa61@gmail.com,,,,,,,,,Italia,,,,,,,,,,,,,,,,,,,,GUEST,FREE,,0,18/06/2026,FREDDO,,
SIC01264,1264,PERSONA,81LEAD|ContattiMirco|EmailMirco|Labotecnic1|Labotecnic2,Akiram,74,,,,,IT,,,,,,,,,akiram.74@virgilio.it,,,,,,,,,Italia,,,,,,,,,,,,,,,,,,,,GUEST,FREE,,0,18/06/2026,FREDDO,,
SIC01265,1265,PERSONA,81LEAD|ContattiMirco|EmailMirco|Labotecnic1|Labotecnic2,Mandingo,79,,,,,IT,,,,,,,,,mandingo.79@live.it,,,,,,,,,Italia,,,,,,,,,,,,,,,,,,,,GUEST,FREE,,0,18/06/2026,FREDDO,,
SIC01266,1266,PERSONA,81LEAD|ContattiMirco|EmailMirco|Labotecnic1|Labotecnic2,Tonia,79,,,,,IT,,,,,,,,,tonia.79@libero.it,,,,,,,,,Italia,,,,,,,,,,,,,,,,,,,,GUEST,FREE,,0,18/06/2026,FREDDO,,
SIC01267,1267,PERSONA,81LEAD|ContattiMirco|EmailMirco|Labotecnic1|Labotecnic2,Lothar,80,,,,,IT,,,,,,,,,lothar.80@alice.it,,,,,,,,,Italia,,,,,,,,,,,,,,,,,,,,GUEST,FREE,,0,18/06/2026,FREDDO,,
SIC01268,1268,PERSONA,81LEAD|ContattiMirco|EmailMirco|Labotecnic1|Labotecnic2,Matteo,85,,,,,IT,,,,,,,,,assuntamatteo.85@gmail.com,,,,,,,,,Italia,,,,,,,,,,,,,,,,,,,,GUEST,FREE,,0,18/06/2026,FREDDO,,
SIC01269,1269,PERSONA,81LEAD|EmailMirco,Lamuc,89,,,,,IT,,,,,,,,,info@lamuc.it,,3906397501420,3906397501420,,,,,,Italia,,,,,,,,,,,,,,,,,,,,GUEST,FREE,,0,18/06/2026,FREDDO,,
SIC01270,1270,PERSONA,81LEAD|ContattiMirco|EmailMirco|Labotecnic1|Labotecnic2,Giovannibissacco,91,,,,,IT,,,,,,,,,giovannibissacco.91@gmail.com,,,,,,,,,Italia,,,,,,,,,,,,,,,,,,,,GUEST,FREE,,0,18/06/2026,FREDDO,,
SIC01271,1271,PERSONA,81LEAD|ContattiMirco|EmailMirco|Labotecnic1|Labotecnic2,Impedovo,A,,,,,IT,,,,,,,,,impedovo.a@gmail.com,,,,,,,,,Italia,,,,,,,,,,,,,,,,,,,,GUEST,FREE,,0,18/06/2026,FREDDO,,
SIC01272,1272,PERSONA,81LEAD|ContattiMirco|EmailMirco|Labotecnic1|Labotecnic2,Losapio,A,,,,,IT,,,,,,,,,losapio.a@gmail.com,,,,,,,,,Italia,,,,,,,,,,,,,,,,,,,,GUEST,FREE,,0,18/06/2026,FREDDO,,
SIC01273,1273,PERSONA,81LEAD|ContattiMirco|EmailMirco|Labotecnic1|Labotecnic2,Pongetti,A,,,,,IT,,,,,,,,,pongetti.a@tiscali.it,,,,,,,,,Italia,,,,,,,,,,,,,,,,,,,,GUEST,FREE,,0,18/06/2026,FREDDO,,
SIC01274,1274,PERSONA,81LEAD|ContattiMirco|EmailMirco|Labotecnic1|Labotecnic2,Tosinimaria,A,,,,,IT,,,,,,,,,tosinimaria.a@libero.it,,,,,,,,,Italia,,,,,,,,,,,,,,,,,,,,GUEST,FREE,,0,18/06/2026,FREDDO,,
SIC01275,1275,PERSONA,81LEAD|ContattiMirco|EmailMirco,CUSTOMER,ADMINISTRATOR,,,,,IT,,,,,,,,,milcsadm@dhl.com,,340787442600,340787442600,,,,,,Italia,,,,,,,,,,,,,,,,,,,,GUEST,FREE,,0,18/06/2026,FREDDO,,
SIC01276,1276,PERSONA,81LEAD|EmailMirco,GENESYS,ARCHITETTI,,,,,IT,,,,,,,,,info@genesystudio.it,,3933434025380,3933434025380,,,,,,Italia,,,,,,,,,,,,,,,,,,,,GUEST,FREE,,0,18/06/2026,FREDDO,,
SIC01277,1277,PERSONA,81LEAD|ContattiMirco|EmailMirco|Labotecnic1|Labotecnic2,Paola,Accordini72,,,,,IT,,,,,,,,,paola.accordini72@gmail.com,,,,,,,,,Italia,,,,,,,,,,,,,,,,,,,,GUEST,FREE,,0,18/06/2026,FREDDO,,
SIC01278,1278,PERSONA,81LEAD|ContattiMirco|EmailMirco,Polesine,Acque,,,,,IT,,,,,,,,,info@polesineacque.it,,,,,,,,,Italia,,,,,,,,,,,,,,,,,,,,GUEST,FREE,,0,18/06/2026,FREDDO,,
SIC01279,1279,PERSONA,81LEAD|ContattiMirco|EmailMirco|Labotecnic1|Labotecnic2,Elisabetta,Adamo,,,,,IT,,,,,,,,,elisabetta.adamo@eldatasas.com,,3934080726000,3934080726000,,,,,,Italia,,,,,,,,,,,,,,,,,,,,GUEST,FREE,,0,18/06/2026,FREDDO,,
SIC01280,1280,PERSONA,81LEAD|ContattiMirco|EmailMirco|Labotecnic1|Labotecnic2,Mantovan,Adelmo,,,,,IT,,,,,,,,,mantovan.adelmo@gmail.com,,,,,,,,,Italia,,,,,,,,,,,,,,,,,,,,GUEST,FREE,,0,18/06/2026,FREDDO,,
SIC01281,1281,PERSONA,81LEAD|ContattiMirco|EmailMirco,Honademolaadewuyi,Adewuyi,,,,,IT,,,,,,,,,honademolaadewuyi@gmail.com,,,,,,,,,Italia,,,,,,,,,,,,,,,,,,,,GUEST,FREE,,0,18/06/2026,FREDDO,,
SIC01282,1282,PERSONA,81LEAD|ContattiMirco|EmailMirco,Federicco,Adria shopping,,,,,IT,,,,,,,,,federicco@live.it,,39347973731200,39347973731200,,,,,,Italia,,,,,,,,,,,,,,,,,,,,GUEST,FREE,,0,18/06/2026,FREDDO,,
SIC01283,1283,PERSONA,81LEAD|ContattiMirco|EmailMirco|Labotecnic1|Labotecnic2,Padrin,Adriano,,,,,IT,,,,,,,,,padrin.adriano@gmail.com,,,,,,,,,Italia,,,,,,,,,,,,,,,,,,,,GUEST,FREE,,0,18/06/2026,FREDDO,,
SIC01284,1284,PERSONA,81LEAD|ContattiMirco|Labotecnic1|Labotecnic2,Pedrin,Adriano,,,,,IT,,,,,,,,,pedrin.adriano@gmail.com,,3933578181900,3933578181900,,,,,,Italia,,,,,,,,,,,,,,,,,,,,GUEST,FREE,,0,18/06/2026,FREDDO,,
SIC01285,1285,PERSONA,81LEAD|ContattiMirco|EmailMirco,Matteo,Aeffe,,,,,IT,,,,,,,,,matteo.aeffe@gmail.com,,3934789493120,3934789493120,,,,,,Italia,,,,,,,,,,,,,,,,,,,,GUEST,FREE,,0,18/06/2026,FREDDO,,
SIC01286,1286,PERSONA,81LEAD|ContattiMirco|EmailMirco|Labotecnic1|Labotecnic2,Melina,Agnello,,,,,IT,,,,,,,,,melina.agnello@libero.it,,,,,,,,,Italia,,,,,,,,,,,,,,,,,,,,GUEST,FREE,,0,18/06/2026,FREDDO,,
SIC01287,1287,PERSONA,81LEAD|EmailMirco,De,Agostini Renato,,,,,IT,,,,,,,,,info@deagostinirenatosnc.com,,390343424340,390343424340,,,,,,Italia,,,,,,,,,,,,,,,,,,,,GUEST,FREE,,0,18/06/2026,FREDDO,,
SIC01288,1288,PERSONA,81LEAD|ContattiMirco|EmailMirco|Labotecnic1|Labotecnic2,Ing,Aguiarigiuliano,,,,,IT,,,,,,,,,ing.aguiarigiuliano@libero.it,,,,,,,,,Italia,,,,,,,,,,,,,,,,,,,,GUEST,FREE,,0,18/06/2026,FREDDO,,
SIC01289,1289,PERSONA,81LEAD|ContattiMirco|EmailMirco|Labotecnic1|Labotecnic2,Attrezzature,AiFOS,,,,,IT,,,,,,,,,attrezzature@aifos.it,,348916307300,348916307300,,,,,,Italia,,,,,,,,,,,,,,,,,,,,GUEST,FREE,,0,18/06/2026,FREDDO,,
SIC01290,1290,PERSONA,81LEAD|ContattiMirco|EmailMirco|Labotecnic1|Labotecnic2,Tolomei,Al,,,,,IT,,,,,,,,,tolomei.al@gmail.com,,,,,,,,,Italia,,,,,,,,,,,,,,,,,,,,GUEST,FREE,,0,18/06/2026,FREDDO,,
SIC01291,1291,PERSONA,81LEAD|ContattiMirco|EmailMirco,Diego,Alba,,,,,IT,,,,,,,,,sceriffo80@virgilio.it,,3938816813320,3938816813320,,,,,,Italia,,,,,,,,,,,,,,,,,,,,GUEST,FREE,,0,18/06/2026,FREDDO,,
SIC01292,1292,PERSONA,81LEAD|ContattiMirco,Daniele,Albertin,,,,,IT,,,,,,,,,daniele.albertin@yahoo.it,,2045556400,2045556400,,,,,,Italia,,,,,,,,,,,,,,,,,,,,GUEST,FREE,,0,18/06/2026,FREDDO,,
SIC01293,1293,PERSONA,81LEAD|ContattiMirco|Labotecnic1|Labotecnic2,Carlo,Albertini,,,,,IT,,,,,,,,,carlo.albertini@cert.odcvenezia.it,,,,,,,,,Italia,,,,,,,,,,,,,,,,,,,,GUEST,FREE,,0,18/06/2026,FREDDO,,
SIC01294,1294,PERSONA,81LEAD|Labotecnic1|Labotecnic2,Geom,Albertocastagna,,,,,IT,,,,,,,,,geom.albertocastagna@gmail.com,,,,,,,,,Italia,,,,,,,,,,,,,,,,,,,,GUEST,FREE,,0,18/06/2026,FREDDO,,
SIC01295,1295,PERSONA,81LEAD|ContattiMirco|EmailMirco,Taisozaji,Albrigoni,,,,,IT,,,,,,,,,taisozaji@libero.it,,,,,,,,,Italia,,,,,,,,,,,,,,,,,,,,GUEST,FREE,,0,18/06/2026,FREDDO,,
SIC01296,1296,PERSONA,81LEAD|ContattiMirco|EmailMirco|Labotecnic1|Labotecnic2,Geom,Aldosegato,,,,,IT,,,,,,,,,geom.aldosegato@stargatenet.it,,,,,,,,,Italia,,,,,,,,,,,,,,,,,,,,GUEST,FREE,,0,18/06/2026,FREDDO,,
SIC01297,1297,PERSONA,81LEAD|ContattiMirco|EmailMirco|Labotecnic1|Labotecnic2,Rossi,Alessandra,,,,,IT,,,,,,,,,rossi.alessandra@live.it,,,,,,,,,Italia,,,,,,,,,,,,,,,,,,,,GUEST,FREE,,0,18/06/2026,FREDDO,,
SIC01298,1298,PERSONA,81LEAD|ContattiMirco|EmailMirco|Labotecnic1|Labotecnic2,Milani,Alessia Café,,,,,IT,,,,,,,,,milanialessia2@gmail.com,,3934039613490,3934039613490,,,,,,Italia,,,,,,,,,,,,,,,,,,,,GUEST,FREE,,0,18/06/2026,FREDDO,,
SIC01299,1299,PERSONA,81LEAD|ContattiMirco|EmailMirco|Labotecnic1|Labotecnic2,Ianniello,Alessio,,,,,IT,,,,,,,,,ianniello.alessio@gmail.com,,3934023046390,3934023046390,,,,,,Italia,,,,,,,,,,,,,,,,,,,,GUEST,FREE,,0,18/06/2026,FREDDO,,
SIC01300,1300,PERSONA,81LEAD|ContattiMirco|Labotecnic1|Labotecnic2,Carlaa231113,Alexandra abrantes coelho,,,,,IT,,,,,,,,,carlaa231113@gmail.com,,,,,,,,,Italia,,,,,,,,,,,,,,,,,,,,GUEST,FREE,,0,18/06/2026,FREDDO,,
SIC01301,1301,PERSONA,81LEAD|ContattiMirco|EmailMirco|Labotecnic1|Labotecnic2,Annamaria,Altieri,,,,,IT,,,,,,,,,annamaria.altieri@gmail.com,,,,,,,,,Italia,,,,,,,,,,,,,,,,,,,,GUEST,FREE,,0,18/06/2026,FREDDO,,
SIC01302,1302,PERSONA,81LEAD|EmailMirco,Zust,Ambrosetti,,,,,IT,,,,,,,,,yu.aihua@zust.it,,3902525410,3902525410,,,,,,Italia,,,,,,,,,,,,,,,,,,,,GUEST,FREE,,0,18/06/2026,FREDDO,,
SIC01303,1303,PERSONA,81LEAD|ContattiMirco|EmailMirco,Ufficio,Amministrativo,,,,,IT,,,,,,,,,ufficio.amministrativo@tecnolimap.com,,,,,,,,,Italia,,,,,,,,,,,,,,,,,,,,GUEST,FREE,,0,18/06/2026,FREDDO,,
SIC01304,1304,PERSONA,81LEAD|ContattiMirco|EmailMirco,Maila,Amministrazione,,,,,IT,,,,,,,,,maila.amministrazione@studiocarloalbertini.it,,,,,,,,,Italia,,,,,,,,,,,,,,,,,,,,GUEST,FREE,,0,18/06/2026,FREDDO,,
SIC01305,1305,PERSONA,81LEAD|ContattiMirco|EmailMirco|Labotecnic1|Labotecnic2,Paola,Amodiolog,,,,,IT,,,,,,,,,paola.amodiolog@gmail.com,,39349469206500,39349469206500,,,,,,Italia,,,,,,,,,,,,,,,,,,,,GUEST,FREE,,0,18/06/2026,FREDDO,,
SIC01306,1306,PERSONA,81LEAD|ContattiMirco|EmailMirco,Diegpetto,Andrea,,,,,IT,,,,,,,,,diegpetto@gmail.com,,3933574100440,3933574100440,,,,,,Italia,,,,,,,,,,,,,,,,,,,,GUEST,FREE,,0,18/06/2026,FREDDO,,
SIC01307,1307,PERSONA,81LEAD|ContattiMirco|EmailMirco|Labotecnic1|Labotecnic2,Frezza,Andrea,,,,,IT,,,,,,,,,frezza.andrea@libero.it,,3933314920070,3933314920070,,,,,,Italia,,,,,,,,,,,,,,,,,,,,GUEST,FREE,,0,18/06/2026,FREDDO,,
SIC01308,1308,PERSONA,81LEAD|ContattiMirco|EmailMirco|Labotecnic1|Labotecnic2,Fabrizio,Andreotti,,,,,IT,,,,,,,,,fabrizio.andreotti@gmail.com,,3934807025710,3934807025710,,,,,,Italia,,,,,,,,,,,,,,,,,,,,GUEST,FREE,,0,18/06/2026,FREDDO,,
SIC01309,1309,PERSONA,81LEAD|ContattiMirco|EmailMirco|Labotecnic1|Labotecnic2,Paolo,Andry,,,,,IT,,,,,,,,,paolo.andry@gmail.com,,39338284767900,39338284767900,,,,,,Italia,,,,,,,,,,,,,,,,,,,,GUEST,FREE,,0,18/06/2026,FREDDO,,
SIC01310,1310,PERSONA,81LEAD|ContattiMirco|EmailMirco|Labotecnic1|Labotecnic2,Cil,Angela,,,,,IT,,,,,,,,,cil.angela@hotmail.it,,,,,,,,,Italia,,,,,,,,,,,,,,,,,,,,GUEST,FREE,,0,18/06/2026,FREDDO,,
SIC01311,1311,PERSONA,81LEAD|ContattiMirco|Labotecnic1|Labotecnic2,R,Angelelli,,,,,IT,,,,,,,,,r.angelelli@calcestruzzi.it,,,,,,,,,Italia,,,,,,,,,,,,,,,,,,,,GUEST,FREE,,0,18/06/2026,FREDDO,,
SIC01312,1312,PERSONA,81LEAD|ContattiMirco|EmailMirco|Labotecnic1|Labotecnic2,Brenzan,Angelo,,,,,IT,,,,,,,,,info@villadadige.it,,3939321991260,3939321991260,,,,,,Italia,,,,,,,,,,,,,,,,,,,,GUEST,FREE,,0,18/06/2026,FREDDO,,
SIC01313,1313,PERSONA,81LEAD|ContattiMirco|EmailMirco,Facchin,Anna,,,,,IT,,,,,,,,,facchin.anna@sangaetano.org,,380496913100,380496913100,,,,,,Italia,,,,,,,,,,,,,,,,,,,,GUEST,FREE,,0,18/06/2026,FREDDO,,
SIC01314,1314,PERSONA,81LEAD|ContattiMirco|EmailMirco|Labotecnic1|Labotecnic2,Mamoserena,Anna,,,,,IT,,,,,,,,,mamoserena@gmail.com,,,,,,,,,Italia,,,,,,,,,,,,,,,,,,,,GUEST,FREE,,0,18/06/2026,FREDDO,,
SIC01315,1315,PERSONA,81LEAD|ContattiMirco|EmailMirco,Mascia,Annam,,,,,IT,,,,,,,,,mascia.annam@gmail.com,,39329280338000,39329280338000,,,,,,Italia,,,,,,,,,,,,,,,,,,,,GUEST,FREE,,0,18/06/2026,FREDDO,,
SIC01316,1316,PERSONA,81LEAD|ContattiMirco|EmailMirco|Labotecnic1|Labotecnic2,Pasini,Annamaria63,,,,,IT,,,,,,,,,pasini.annamaria63@gmail.com,,,,,,,,,Italia,,,,,,,,,,,,,,,,,,,,GUEST,FREE,,0,18/06/2026,FREDDO,,
SIC01317,1317,PERSONA,81LEAD,Stefano,Antico,,,,,IT,,,,,,,,,stefano.antico@vigilfuoco.it,,3934917178510,3934917178510,,,,,,Italia,,,,,,,,,,,,,,,,,,,,GUEST,FREE,,0,18/06/2026,FREDDO,,
SIC01318,1318,PERSONA,81LEAD|ContattiMirco|EmailMirco|Labotecnic1|Labotecnic2,Fabiana,Antico1976,,,,,IT,,,,,,,,,fabiana.antico1976@gmail.com,,3934057699580,3934057699580,,,,,,Italia,,,,,,,,,,,,,,,,,,,,GUEST,FREE,,0,18/06/2026,FREDDO,,
SIC01319,1319,PERSONA,81LEAD|ContattiMirco|EmailMirco|Labotecnic1|Labotecnic2,Nino,Anto,,,,,IT,,,,,,,,,nino.anto@live.it,,3939333680700,3939333680700,,,,,,Italia,,,,,,,,,,,,,,,,,,,,GUEST,FREE,,0,18/06/2026,FREDDO,,
SIC01320,1320,PERSONA,81LEAD|ContattiMirco|EmailMirco|Labotecnic1|Labotecnic2,Anna,Antonelli1959,,,,,IT,,,,,,,,,anna.antonelli1959@gmail.com,,,,,,,,,Italia,,,,,,,,,,,,,,,,,,,,GUEST,FREE,,0,18/06/2026,FREDDO,,
SIC01321,1321,PERSONA,81LEAD|ContattiMirco,Nautica,Antonello,,,,,IT,,,,,,,,,info@antonellosport.com,,3904237203550,3904237203550,,,,,,Italia,,,,,,,,,,,,,,,,,,,,GUEST,FREE,,0,18/06/2026,FREDDO,,
SIC01322,1322,PERSONA,81LEAD|ContattiMirco|EmailMirco,Nautica,Antonello,,,,,IT,,,,,,,,,info@nauticaantonello.com,,3904237203550,3904237203550,,,,,,Italia,,,,,,,,,,,,,,,,,,,,GUEST,FREE,,0,18/06/2026,FREDDO,,
SIC01323,1323,PERSONA,81LEAD|ContattiMirco|EmailMirco,Partner,Antonio 2,,,,,IT,,,,,,,,,partner@eshirt.it,,3934873619790,3934873619790,,,,,,Italia,,,,,,,,,,,,,,,,,,,,GUEST,FREE,,0,18/06/2026,FREDDO,,
SIC01324,1324,PERSONA,81LEAD|ContattiMirco|EmailMirco|Labotecnic1|Labotecnic2,Zennaro,Antonio Mazzon,,,,,IT,,,,,,,,,beatricemazzon06@gmail.com,,3934009217990,3934009217990,,,,,,Italia,,,,,,,,,,,,,,,,,,,,GUEST,FREE,,0,18/06/2026,FREDDO,,
SIC01325,1325,PERSONA,81LEAD|ContattiMirco|EmailMirco|Labotecnic1|Labotecnic2,Elena,Antonioli,,,,,IT,,,,,,,,,elena.antonioli@libero.it,,39328845148600,39328845148600,,,,,,Italia,,,,,,,,,,,,,,,,,,,,GUEST,FREE,,0,18/06/2026,FREDDO,,
SIC01326,1326,PERSONA,81LEAD|EmailMirco,Tecno,Appalti,,,,,IT,,,,,,,,,tecnoappaltiroma@gmail.com,,3906858560310,3906858560310,,,,,,Italia,,,,,,,,,,,,,,,,,,,,GUEST,FREE,,0,18/06/2026,FREDDO,,
SIC01327,1327,PERSONA,81LEAD|ContattiMirco|EmailMirco|Labotecnic1|Labotecnic2,Salvatoresprio,Arch,,,,,IT,,,,,,,,,salvatoresprio.arch@gmail.com,,,,,,,,,Italia,,,,,,,,,,,,,,,,,,,,GUEST,FREE,,0,18/06/2026,FREDDO,,
SIC01328,1328,PERSONA,81LEAD|ContattiMirco|EmailMirco|Labotecnic1|Labotecnic2,Paolo,Arch Ballarin,,,,,IT,,,,,,,,,paolo_archballarin@hotmail.com,,3933563692110,3933563692110,,,,,,Italia,,,,,,,,,,,,,,,,,,,,GUEST,FREE,,0,18/06/2026,FREDDO,,
SIC01329,1329,PERSONA,81LEAD|ContattiMirco|EmailMirco|Labotecnic1|Labotecnic2,Mattia,Arco,,,,,IT,,,,,,,,,mattia.arco@libero.it,,3933553168470,3933553168470,,,,,,Italia,,,,,,,,,,,,,,,,,,,,GUEST,FREE,,0,18/06/2026,FREDDO,,
SIC01330,1330,PERSONA,81LEAD|ContattiMirco|EmailMirco,Chiaramarangoni,Arianna,,,,,IT,,,,,,,,,chiaramarangoni@alice.it,,3934816490260,3934816490260,,,,,,Italia,,,,,,,,,,,,,,,,,,,,GUEST,FREE,,0,18/06/2026,FREDDO,,
SIC01331,1331,PERSONA,81LEAD|ContattiMirco|EmailMirco|Labotecnic1|Labotecnic2,Beatrice,Arillotta,,,,,IT,,,,,,,,,architetto.arillotta@gmail.com,,3933514334470,3933514334470,,,,,,Italia,,,,,,,,,,,,,,,,,,,,GUEST,FREE,,0,18/06/2026,FREDDO,,
SIC01332,1332,PERSONA,81LEAD|ContattiMirco|EmailMirco|Labotecnic1|Labotecnic2,Notaio,Arnone,,,,,IT,,,,,,,,,l.arnone@libero.it,,3904266341550,3904266341550,,,,,,Italia,,,,,,,,,,,,,,,,,,,,GUEST,FREE,,0,18/06/2026,FREDDO,,
SIC01333,1333,PERSONA,81LEAD|ContattiMirco,Francesco,Arnone POS,,,,,IT,,,,,,,,,francesco@solo.sh,,3934808665020,3934808665020,,,,,,Italia,,,,,,,,,,,,,,,,,,,,GUEST,FREE,,0,18/06/2026,FREDDO,,
SIC01334,1334,PERSONA,81LEAD|ContattiMirco|EmailMirco,Francesco,Arnone POS,,,,,IT,,,,,,,,,operationmanager@solo.sh,,3934808665020,3934808665020,,,,,,Italia,,,,,,,,,,,,,,,,,,,,GUEST,FREE,,0,18/06/2026,FREDDO,,
SIC01335,1335,PERSONA,81LEAD|EmailMirco,Benedetti,Arredamenti,,,,,IT,,,,,,,,,showroom@benedettiarredamenti.eu,,390657466100,390657466100,,,,,,Italia,,,,,,,,,,,,,,,,,,,,GUEST,FREE,,0,18/06/2026,FREDDO,,
SIC01336,1336,PERSONA,81LEAD|ContattiMirco|EmailMirco|Labotecnic1|Labotecnic2,Sonia,Artusi,,,,,IT,,,,,,,,,sonia.artusi@alice.it,,3934981121310,3934981121310,,,,,,Italia,,,,,,,,,,,,,,,,,,,,GUEST,FREE,,0,18/06/2026,FREDDO,,
SIC01337,1337,PERSONA,81LEAD|ContattiMirco|EmailMirco|Labotecnic1|Labotecnic2,Umberto,Asquini,,,,,IT,,,,,,,,,umberto.asquini@live.it,,,,,,,,,Italia,,,,,,,,,,,,,,,,,,,,GUEST,FREE,,0,18/06/2026,FREDDO,,
SIC01338,1338,PERSONA,81LEAD|ContattiMirco|EmailMirco,Corsi.,Assistenza,,,,,IT,,,,,,,,,support@corsi.it,,3933483745490,3933483745490,,,,,,Italia,,,,,,,,,,,,,,,,,,,,GUEST,FREE,,0,18/06/2026,FREDDO,,
SIC01339,1339,PERSONA,81LEAD|EmailMirco,Vaillant,Assistenza Roma,,,,,IT,,,,,,,,,climagroupnewsrl@gmail.com,,3933319809470,3933319809470,,,,,,Italia,,,,,,,,,,,,,,,,,,,,GUEST,FREE,,0,18/06/2026,FREDDO,,
SIC01340,1340,PERSONA,81LEAD|ContattiMirco|EmailMirco|Labotecnic1|Labotecnic2,Lara,Astolfi,,,,,IT,,,,,,,,,lara.astolfi@libero.it,,,,,,,,,Italia,,,,,,,,,,,,,,,,,,,,GUEST,FREE,,0,18/06/2026,FREDDO,,
SIC01341,1341,PERSONA,81LEAD|ContattiMirco|EmailMirco|Labotecnic1|Labotecnic2,Fabrizio,Astori,,,,,IT,,,,,,,,,fabrizio.astori@gmail.com,,,,,,,,,Italia,,,,,,,,,,,,,,,,,,,,GUEST,FREE,,0,18/06/2026,FREDDO,,
SIC01342,1342,PERSONA,81LEAD|ContattiMirco|EmailMirco|Labotecnic1|Labotecnic2,Giuliana,AttivaMente,,,,,IT,,,,,,,,,giuliana@attivamenteonlus.onmicrosoft.com,,340142962800,340142962800,,,,,,Italia,,,,,,,,,,,,,,,,,,,,GUEST,FREE,,0,18/06/2026,FREDDO,,
SIC01343,1343,PERSONA,81LEAD|ContattiMirco|EmailMirco|Labotecnic1|Labotecnic2,Giuliana,AttivaMente,,,,,IT,,,,,,,,,giuliana.gradara@attivamenteonlus.it,,3932833390150,3932833390150,,,,,,Italia,,,,,,,,,,,,,,,,,,,,GUEST,FREE,,0,18/06/2026,FREDDO,,
SIC01344,1344,PERSONA,81LEAD|ContattiMirco|EmailMirco|Labotecnic1|Labotecnic2,Alessio,Aumar,,,,,IT,,,,,,,,,alessio75v@gmail.com,,3932881740410,3932881740410,,,,,,Italia,,,,,,,,,,,,,,,,,,,,GUEST,FREE,,0,18/06/2026,FREDDO,,
SIC01345,1345,PERSONA,81LEAD|ContattiMirco|EmailMirco|Labotecnic1|Labotecnic2,Anna,Aurelio1989,,,,,IT,,,,,,,,,anna.aurelio1989@gmail.com,,,,,,,,,Italia,,,,,,,,,,,,,,,,,,,,GUEST,FREE,,0,18/06/2026,FREDDO,,
SIC01346,1346,PERSONA,81LEAD|ContattiMirco|EmailMirco,PV,Auto,,,,,IT,,,,,,,,,pvpratiche@pv-centroservizi.it,,3904953857290,3904953857290,,,,,,Italia,,,,,,,,,,,,,,,,,,,,GUEST,FREE,,0,18/06/2026,FREDDO,,
SIC01347,1347,PERSONA,81LEAD|ContattiMirco|EmailMirco,Matis010475,Automotive varagnolo,,,,,IT,,,,,,,,,matis010475@gmail.com,,39347582321300,39347582321300,,,,,,Italia,,,,,,,,,,,,,,,,,,,,GUEST,FREE,,0,18/06/2026,FREDDO,,
SIC01348,1348,PERSONA,81LEAD|ContattiMirco|EmailMirco|Labotecnic1|Labotecnic2,Pietro,Avanzi,,,,,IT,,,,,,,,,pietro.avanzi@gmail.com,,3934936297080,3934936297080,,,,,,Italia,,,,,,,,,,,,,,,,,,,,GUEST,FREE,,0,18/06/2026,FREDDO,,
SIC01349,1349,PERSONA,81LEAD|ContattiMirco|EmailMirco|Labotecnic1|Labotecnic2,Augusto,Avanzo,,,,,IT,,,,,,,,,augusto.avanzo@gmail.com,,3934730879420,3934730879420,,,,,,Italia,,,,,,,,,,,,,,,,,,,,GUEST,FREE,,0,18/06/2026,FREDDO,,
SIC01350,1350,PERSONA,81LEAD|ContattiMirco|Labotecnic1|Labotecnic2,Antonello,Avona,,,,,IT,,,,,,,,,antonello.avona@gmail.com,,3933570632100,3933570632100,,,,,,Italia,,,,,,,,,,,,,,,,,,,,GUEST,FREE,,0,18/06/2026,FREDDO,,
SIC01351,1351,PERSONA,81LEAD|ContattiMirco|EmailMirco,Cezaravram28,Avram,,,,,IT,,,,,,,,,cezaravram28@gmail.com,,,,,,,,,Italia,,,,,,,,,,,,,,,,,,,,GUEST,FREE,,0,18/06/2026,FREDDO,,
SIC01352,1352,PERSONA,81LEAD|ContattiMirco|Labotecnic1|Labotecnic2,Simone,Avv. boscolo,,,,,IT,,,,,,,,,boscolo.simone@gmail.com,,3934785668130,3934785668130,,,,,,Italia,,,,,,,,,,,,,,,,,,,,GUEST,FREE,,0,18/06/2026,FREDDO,,
SIC01353,1353,PERSONA,81LEAD|ContattiMirco|Labotecnic1|Labotecnic2,Raffaella,Azenaib,,,,,IT,,,,,,,,,raffaella@bulloalberto.191.it,,3933396253510,3933396253510,,,,,,Italia,,,,,,,,,,,,,,,,,,,,GUEST,FREE,,0,18/06/2026,FREDDO,,
SIC01354,1354,PERSONA,81LEAD|ContattiMirco|EmailMirco|Labotecnic1|Labotecnic2,Chiara,Azzolini84,,,,,IT,,,,,,,,,chiara.azzolini84@gmail.com,,3934786939510,3934786939510,,,,,,Italia,,,,,,,,,,,,,,,,,,,,GUEST,FREE,,0,18/06/2026,FREDDO,,
SIC01355,1355,PERSONA,81LEAD|ContattiMirco|EmailMirco|Labotecnic1|Labotecnic2,Nicola,B,,,,,IT,,,,,,,,,nicola.b@tisoalfredo.it,,3934944459970,3934944459970,,,,,,Italia,,,,,,,,,,,,,,,,,,,,GUEST,FREE,,0,18/06/2026,FREDDO,,
SIC01356,1356,PERSONA,81LEAD|EmailMirco,Edil,B.M. Baraiolo,,,,,IT,,,,,,,,,info@edilbmbaraiolo.it,,3903426522760,3903426522760,,,,,,Italia,,,,,,,,,,,,,,,,,,,,GUEST,FREE,,0,18/06/2026,FREDDO,,
SIC01357,1357,PERSONA,81LEAD|ContattiMirco|EmailMirco,Paolo,BAR CENTRALE MORO,,,,,IT,,,,,,,,,tstony@tiscali.it,,3933856792120,3933856792120,,,,,,Italia,,,,,,,,,,,,,,,,,,,,GUEST,FREE,,0,18/06/2026,FREDDO,,
SIC01358,1358,PERSONA,81LEAD|ContattiMirco|EmailMirco,Ing,BERTI,,,,,IT,,,,,,,,,fabio.berti@poliedron.com,,3933844394160,3933844394160,,,,,,Italia,,,,,,,,,,,,,,,,,,,,GUEST,FREE,,0,18/06/2026,FREDDO,,
SIC01359,1359,PERSONA,81LEAD|ContattiMirco|EmailMirco|Labotecnic1|Labotecnic2,Donatella,Ba,,,,,IT,,,,,,,,,donatella.ba@gmail.com,,,,,,,,,Italia,,,,,,,,,,,,,,,,,,,,GUEST,FREE,,0,18/06/2026,FREDDO,,
SIC01360,1360,PERSONA,81LEAD|ContattiMirco|EmailMirco,Mbadescu82,Badescu goat,,,,,IT,,,,,,,,,mbadescu82@gmail.com,,39389935071500,39389935071500,,,,,,Italia,,,,,,,,,,,,,,,,,,,,GUEST,FREE,,0,18/06/2026,FREDDO,,
SIC01361,1361,PERSONA,81LEAD|ContattiMirco|EmailMirco|Labotecnic1|Labotecnic2,G,Bagatin,,,,,IT,,,,,,,,,g.bagatin@gmail.com,,,,,,,,,Italia,,,,,,,,,,,,,,,,,,,,GUEST,FREE,,0,18/06/2026,FREDDO,,
SIC01362,1362,PERSONA,81LEAD|ContattiMirco|EmailMirco|Labotecnic1|Labotecnic2,Joao,Bahia,,,,,IT,,,,,,,,,joao.bahia@tiscali.it,,,,,,,,,Italia,,,,,,,,,,,,,,,,,,,,GUEST,FREE,,0,18/06/2026,FREDDO,,
SIC01363,1363,PERSONA,81LEAD|ContattiMirco|EmailMirco|Labotecnic1|Labotecnic2,Ingbaiano,Baiano,,,,,IT,,,,,,,,,ingbaiano@libero.it,,,,,,,,,Italia,,,,,,,,,,,,,,,,,,,,GUEST,FREE,,0,18/06/2026,FREDDO,,
SIC01364,1364,PERSONA,81LEAD|ContattiMirco|EmailMirco|Labotecnic1|Labotecnic2,Francesca,Ballan,,,,,IT,,,,,,,,,francesca.ballan@forlegnonovem.it,,3939286327400,3939286327400,,,,,,Italia,,,,,,,,,,,,,,,,,,,,GUEST,FREE,,0,18/06/2026,FREDDO,,
SIC01365,1365,PERSONA,81LEAD|ContattiMirco|EmailMirco|Labotecnic1|Labotecnic2,Amoreamaro,Bar,,,,,IT,,,,,,,,,amoreamaro.bar@gmail.com,,,,,,,,,Italia,,,,,,,,,,,,,,,,,,,,GUEST,FREE,,0,18/06/2026,FREDDO,,
SIC01366,1366,PERSONA,81LEAD|ContattiMirco|EmailMirco,Beblattonerie,Bar grillara,,,,,IT,,,,,,,,,beblattonerie@gmail.com,,3934051672680,3934051672680,,,,,,Italia,,,,,,,,,,,,,,,,,,,,GUEST,FREE,,0,18/06/2026,FREDDO,,
SIC01367,1367,PERSONA,81LEAD|ContattiMirco|EmailMirco|Labotecnic1|Labotecnic2,Yuslenia,Barban,,,,,IT,,,,,,,,,yuslenia.barban@libero.it,,,,,,,,,Italia,,,,,,,,,,,,,,,,,,,,GUEST,FREE,,0,18/06/2026,FREDDO,,
SIC01368,1368,PERSONA,81LEAD|ContattiMirco|EmailMirco,Samuele,Barbato,,,,,IT,,,,,,,,,samuele.barbato@bmautomazioni.com,,39347138231500,39347138231500,,,,,,Italia,,,,,,,,,,,,,,,,,,,,GUEST,FREE,,0,18/06/2026,FREDDO,,
SIC01369,1369,PERSONA,81LEAD|ContattiMirco|EmailMirco|Labotecnic1|Labotecnic2,Emanuela,Barbiero,,,,,IT,,,,,,,,,emanuela.barbiero@artigianatopadovano.it,,3932064847380,3932064847380,,,,,,Italia,,,,,,,,,,,,,,,,,,,,GUEST,FREE,,0,18/06/2026,FREDDO,,
SIC01370,1370,PERSONA,81LEAD|ContattiMirco|EmailMirco,Linkin560,Barbuto,,,,,IT,,,,,,,,,linkin560@yahoo.it,,,,,,,,,Italia,,,,,,,,,,,,,,,,,,,,GUEST,FREE,,0,18/06/2026,FREDDO,,
SIC01371,1371,PERSONA,81LEAD|ContattiMirco|EmailMirco|Labotecnic1|Labotecnic2,Raffaele,Barcheri Colour,,,,,IT,,,,,,,,,raffaele.barcheri@libero.it,,3932881741120,3932881741120,,,,,,Italia,,,,,,,,,,,,,,,,,,,,GUEST,FREE,,0,18/06/2026,FREDDO,,
SIC01372,1372,PERSONA,81LEAD|ContattiMirco|EmailMirco|Labotecnic1|Labotecnic2,Davide,Bardella,,,,,IT,,,,,,,,,semmy15569@gmail.com,,3934764109610,3934764109610,,,,,,Italia,,,,,,,,,,,,,,,,,,,,GUEST,FREE,,0,18/06/2026,FREDDO,,
SIC01373,1373,PERSONA,81LEAD|ContattiMirco|EmailMirco|Labotecnic1|Labotecnic2,D,Barlafante,,,,,IT,,,,,,,,,d.barlafante@codditive.com,,,,,,,,,Italia,,,,,,,,,,,,,,,,,,,,GUEST,FREE,,0,18/06/2026,FREDDO,,
SIC01374,1374,PERSONA,81LEAD|ContattiMirco|EmailMirco|Labotecnic1|Labotecnic2,Rachele,Barletta19,,,,,IT,,,,,,,,,rachele.barletta19@libero.it,,,,,,,,,Italia,,,,,,,,,,,,,,,,,,,,GUEST,FREE,,0,18/06/2026,FREDDO,,
SIC01375,1375,PERSONA,81LEAD|ContattiMirco|EmailMirco|Labotecnic1|Labotecnic2,Gio,Baroni65,,,,,IT,,,,,,,,,gio.baroni65@gmail.com,,,,,,,,,Italia,,,,,,,,,,,,,,,,,,,,GUEST,FREE,,0,18/06/2026,FREDDO,,
SIC01376,1376,PERSONA,81LEAD|ContattiMirco|EmailMirco|Labotecnic1|Labotecnic2,Elisa,Barrila,,,,,IT,,,,,,,,,elisa.barrila@tumiatiimpianti.it,,,,,,,,,Italia,,,,,,,,,,,,,,,,,,,,GUEST,FREE,,0,18/06/2026,FREDDO,,
SIC01377,1377,PERSONA,81LEAD|ContattiMirco|EmailMirco|Labotecnic1|Labotecnic2,Carmen,Barsan,,,,,IT,,,,,,,,,carmen.barsan@hotmail.com,,,,,,,,,Italia,,,,,,,,,,,,,,,,,,,,GUEST,FREE,,0,18/06/2026,FREDDO,,
SIC01378,1378,PERSONA,81LEAD|ContattiMirco|EmailMirco|Labotecnic1|Labotecnic2,Jimmi,Bas,,,,,IT,,,,,,,,,jimmi.bas@gmail.com,,,,,,,,,Italia,,,,,,,,,,,,,,,,,,,,GUEST,FREE,,0,18/06/2026,FREDDO,,
SIC01379,1379,PERSONA,81LEAD|ContattiMirco|EmailMirco|Labotecnic1|Labotecnic2,Ing,Bazzani,,,,,IT,,,,,,,,,ing.bazzani@gmail.com,,,,,,,,,Italia,,,,,,,,,,,,,,,,,,,,GUEST,FREE,,0,18/06/2026,FREDDO,,
SIC01380,1380,PERSONA,81LEAD|ContattiMirco|EmailMirco|Labotecnic1|Labotecnic2,Adami,Beatrice,,,,,IT,,,,,,,,,adamib@studiocavallari.info,,,,,,,,,Italia,,,,,,,,,,,,,,,,,,,,GUEST,FREE,,0,18/06/2026,FREDDO,,
SIC01381,1381,PERSONA,81LEAD|ContattiMirco,Alessia,Beduschi,,,,,IT,,,,,,,,,alessia@serecom.it,,3932807079460,3932807079460,,,,,,Italia,,,,,,,,,,,,,,,,,,,,GUEST,FREE,,0,18/06/2026,FREDDO,,
SIC01382,1382,PERSONA,81LEAD|ContattiMirco|EmailMirco,Alessia,Beduschi,,,,,IT,,,,,,,,,alessia.beduschi@simtree.it,,3932846489470,3932846489470,,,,,,Italia,,,,,,,,,,,,,,,,,,,,GUEST,FREE,,0,18/06/2026,FREDDO,,
SIC01383,1383,PERSONA,81LEAD|ContattiMirco|EmailMirco|Labotecnic1|Labotecnic2,Geom,Beggiato,,,,,IT,,,,,,,,,geom.beggiato@live.it,,,,,,,,,Italia,,,,,,,,,,,,,,,,,,,,GUEST,FREE,,0,18/06/2026,FREDDO,,
SIC01384,1384,PERSONA,81LEAD|ContattiMirco|EmailMirco|Labotecnic1|Labotecnic2,Lorenza,Bego,,,,,IT,,,,,,,,,lorenza.bego@libero.it,,3932046433570,3932046433570,,,,,,Italia,,,,,,,,,,,,,,,,,,,,GUEST,FREE,,0,18/06/2026,FREDDO,,
SIC01385,1385,PERSONA,81LEAD|ContattiMirco,Bresciani,Bellan,,,,,IT,,,,,,,,,susy@impresabrescianisrl.it,,,,,,,,,Italia,,,,,,,,,,,,,,,,,,,,GUEST,FREE,,0,18/06/2026,FREDDO,,
SIC01386,1386,PERSONA,81LEAD|ContattiMirco,Isabella,Bellan,,,,,IT,,,,,,,,,isabellabella.ib@gmail.com,,3934934252400,3934934252400,,,,,,Italia,,,,,,,,,,,,,,,,,,,,GUEST,FREE,,0,18/06/2026,FREDDO,,
SIC01387,1387,PERSONA,81LEAD|ContattiMirco|Labotecnic1|Labotecnic2,Sara,Bellan,,,,,IT,,,,,,,,,sarabellan81@gmail.com,,3934085205490,3934085205490,,,,,,Italia,,,,,,,,,,,,,,,,,,,,GUEST,FREE,,0,18/06/2026,FREDDO,,
SIC01388,1388,PERSONA,81LEAD|ContattiMirco,Sara,Bellan,,,,,IT,,,,,,,,,idea@labotecnic.com,,3934085205490,3934085205490,,,,,,Italia,,,,,,,,,,,,,,,,,,,,GUEST,FREE,,0,18/06/2026,FREDDO,,
SIC01389,1389,PERSONA,81LEAD|ContattiMirco|EmailMirco|Labotecnic1|Labotecnic2,Ferroni,Bellato,,,,,IT,,,,,,,,,ferroni.bellato@libero.it,,39353044439800,39353044439800,,,,,,Italia,,,,,,,,,,,,,,,,,,,,GUEST,FREE,,0,18/06/2026,FREDDO,,
SIC01390,1390,PERSONA,81LEAD|ContattiMirco|EmailMirco|Labotecnic1|Labotecnic2,Elena,Bellesia,,,,,IT,,,,,,,,,elena.bellesia@coldiretti.it,,,,,,,,,Italia,,,,,,,,,,,,,,,,,,,,GUEST,FREE,,0,18/06/2026,FREDDO,,
SIC01391,1391,PERSONA,81LEAD|ContattiMirco|Labotecnic1|Labotecnic2,L,Belli,,,,,IT,,,,,,,,,l.belli@calcestruzzi.it,,,,,,,,,Italia,,,,,,,,,,,,,,,,,,,,GUEST,FREE,,0,18/06/2026,FREDDO,,
SIC01392,1392,PERSONA,81LEAD|ContattiMirco|EmailMirco|Labotecnic1|Labotecnic2,Marianna,Bellini,,,,,IT,,,,,,,,,marianna.bellini@fazland.com,,3935182903770,3935182903770,,,,,,Italia,,,,,,,,,,,,,,,,,,,,GUEST,FREE,,0,18/06/2026,FREDDO,,
SIC01393,1393,PERSONA,81LEAD|ContattiMirco|EmailMirco|Labotecnic1|Labotecnic2,Salvo,Belllo,,,,,IT,,,,,,,,,salvo.belllo@hotmail.it,,,,,,,,,Italia,,,,,,,,,,,,,,,,,,,,GUEST,FREE,,0,18/06/2026,FREDDO,,
SIC01394,1394,PERSONA,81LEAD|ContattiMirco|EmailMirco|Labotecnic1|Labotecnic2,Renzo,Bellonzi,,,,,IT,,,,,,,,,renzo.bellonzi@libero.it,,3933886948720,3933886948720,,,,,,Italia,,,,,,,,,,,,,,,,,,,,GUEST,FREE,,0,18/06/2026,FREDDO,,
SIC01395,1395,PERSONA,81LEAD|ContattiMirco|EmailMirco|Labotecnic1|Labotecnic2,M,Belotti,,,,,IT,,,,,,,,,m.belotti@studioassociatobbc.it,,,,,,,,,Italia,,,,,,,,,,,,,,,,,,,,GUEST,FREE,,0,18/06/2026,FREDDO,,
SIC01396,1396,PERSONA,81LEAD|ContattiMirco|EmailMirco|Labotecnic1|Labotecnic2,Silvia,Beltrame,,,,,IT,,,,,,,,,silvia.beltrame@itstecnologie.it,,3933578181900,3933578181900,,,,,,Italia,,,,,,,,,,,,,,,,,,,,GUEST,FREE,,0,18/06/2026,FREDDO,,
SIC01397,1397,PERSONA,81LEAD|ContattiMirco|EmailMirco|Labotecnic1|Labotecnic2,Piatello,Beltramini acv,,,,,IT,,,,,,,,,piatello@alice.it,,3934867056410,3934867056410,,,,,,Italia,,,,,,,,,,,,,,,,,,,,GUEST,FREE,,0,18/06/2026,FREDDO,,
SIC01398,1398,PERSONA,81LEAD|ContattiMirco|EmailMirco|Labotecnic1|Labotecnic2,Irene,Bend,,,,,IT,,,,,,,,,irene.bend@live.it,,3934755253480,3934755253480,,,,,,Italia,,,,,,,,,,,,,,,,,,,,GUEST,FREE,,0,18/06/2026,FREDDO,,
SIC01399,1399,PERSONA,81LEAD|ContattiMirco|EmailMirco|Labotecnic1|Labotecnic2,Maurovf58,Benedetti,,,,,IT,,,,,,,,,maurovf58@gmail.com,,3932847652500,3932847652500,,,,,,Italia,,,,,,,,,,,,,,,,,,,,GUEST,FREE,,0,18/06/2026,FREDDO,,
SIC01400,1400,PERSONA,81LEAD|ContattiMirco|EmailMirco|Labotecnic1|Labotecnic2,Moira,Benvegnu,,,,,IT,,,,,,,,,moira.benvegnu@gmail.com,,,,,,,,,Italia,,,,,,,,,,,,,,,,,,,,GUEST,FREE,,0,18/06/2026,FREDDO,,
SIC01401,1401,PERSONA,81LEAD|ContattiMirco,Zvi,Benyamini,,,,,IT,,,,,,,,,zvi@wholebraintrading.com,,,,,,,,,Italia,,,,,,,,,,,,,,,,,,,,GUEST,FREE,,0,18/06/2026,FREDDO,,
SIC01402,1402,PERSONA,81LEAD|EmailMirco,Edilnord,Bergamasca,,,,,IT,,,,,,,,,edilnordbergamasca@yahoo.it,,3933472647210,3933472647210,,,,,,Italia,,,,,,,,,,,,,,,,,,,,GUEST,FREE,,0,18/06/2026,FREDDO,,
SIC01403,1403,PERSONA,81LEAD|ContattiMirco|EmailMirco|Labotecnic1|Labotecnic2,Carlo,Bergamaschi,,,,,IT,,,,,,,,,carlo.bergamaschi@vodafone.it,,39329450314200,39329450314200,,,,,,Italia,,,,,,,,,,,,,,,,,,,,GUEST,FREE,,0,18/06/2026,FREDDO,,
SIC01404,1404,PERSONA,81LEAD|ContattiMirco|EmailMirco|Labotecnic1|Labotecnic2,Paolomusic,Bergamin ftv,,,,,IT,,,,,,,,,paolomusic@alice.it,,3934558250130,3934558250130,,,,,,Italia,,,,,,,,,,,,,,,,,,,,GUEST,FREE,,0,18/06/2026,FREDDO,,
SIC01405,1405,PERSONA,81LEAD|ContattiMirco|EmailMirco|Labotecnic1|Labotecnic2,Sonia,Bergantin,,,,,IT,,,,,,,,,sonia.bergantin@gmail.com,,3939336754360,3939336754360,,,,,,Italia,,,,,,,,,,,,,,,,,,,,GUEST,FREE,,0,18/06/2026,FREDDO,,
SIC01406,1406,PERSONA,81LEAD|ContattiMirco|EmailMirco|Labotecnic1|Labotecnic2,Gianni,Bertelle,,,,,IT,,,,,,,,,gianni.bertelle@gmail.com,,3932833526970,3932833526970,,,,,,Italia,,,,,,,,,,,,,,,,,,,,GUEST,FREE,,0,18/06/2026,FREDDO,,
SIC01407,1407,PERSONA,81LEAD|ContattiMirco|EmailMirco|Labotecnic1|Labotecnic2,Chicca,Bertolini,,,,,IT,,,,,,,,,chicca.bertolini@libero.it,,,,,,,,,Italia,,,,,,,,,,,,,,,,,,,,GUEST,FREE,,0,18/06/2026,FREDDO,,
SIC01408,1408,PERSONA,81LEAD|ContattiMirco|EmailMirco|Labotecnic1|Labotecnic2,F,Bertuola,,,,,IT,,,,,,,,,f.bertuola@rfi.it,,,,,,,,,Italia,,,,,,,,,,,,,,,,,,,,GUEST,FREE,,0,18/06/2026,FREDDO,,
SIC01409,1409,PERSONA,81LEAD|ContattiMirco|EmailMirco|Labotecnic1|Labotecnic2,Sandro,Bevilacqua,,,,,IT,,,,,,,,,sandro.bevilacqua@confcom.it,,39328466098400,39328466098400,,,,,,Italia,,,,,,,,,,,,,,,,,,,,GUEST,FREE,,0,18/06/2026,FREDDO,,
SIC01410,1410,PERSONA,81LEAD|EmailMirco,Edil,Bezzi,,,,,IT,,,,,,,,,umberto.bezzi78@gmail.com,,3904637511180,3904637511180,,,,,,Italia,,,,,,,,,,,,,,,,,,,,GUEST,FREE,,0,18/06/2026,FREDDO,,
SIC01411,1411,PERSONA,ContattiMirco|EmailMirco,Sottomarinasup,Bezzi,,,,,IT,,,,,,,,,sottomarinasup@geniuslociasd.com,,3932953616040,3932953616040,,,,,,Italia,,,,,,,,,,,,,,,,,,,,GUEST,FREE,,0,18/06/2026,FREDDO,,
SIC01412,1412,PERSONA,81LEAD|ContattiMirco|EmailMirco|Labotecnic1|Labotecnic2,Newlinepro,Bg,,,,,IT,,,,,,,,,newlinepro.bg@gmail.com,,,,,,,,,Italia,,,,,,,,,,,,,,,,,,,,GUEST,FREE,,0,18/06/2026,FREDDO,,
SIC01413,1413,PERSONA,81LEAD|ContattiMirco|EmailMirco,D'ostuni,BiPiEmme,,,,,IT,,,,,,,,,g.dostuni@bipiemme.it,,335675385900,335675385900,,,,,,Italia,,,,,,,,,,,,,,,,,,,,GUEST,FREE,,0,18/06/2026,FREDDO,,
SIC01414,1414,PERSONA,81LEAD|ContattiMirco|EmailMirco|Labotecnic1|Labotecnic2,Marina,Bianconcini,,,,,IT,,,,,,,,,marina.bianconcini@easymatic.it,,,,,,,,,Italia,,,,,,,,,,,,,,,,,,,,GUEST,FREE,,0,18/06/2026,FREDDO,,
SIC01415,1415,PERSONA,81LEAD|ContattiMirco|Labotecnic1|Labotecnic2,Binettigiulio61,Binetti,,,,,IT,,,,,,,,,binettigiulio61@gmail.com,,3934838450170,3934838450170,,,,,,Italia,,,,,,,,,,,,,,,,,,,,GUEST,FREE,,0,18/06/2026,FREDDO,,
SIC01416,1416,PERSONA,81LEAD|ContattiMirco|EmailMirco,Laila,Bisio,,,,,IT,,,,,,,,,laila.bisio@milanoexe.it,,,,,,,,,Italia,,,,,,,,,,,,,,,,,,,,GUEST,FREE,,0,18/06/2026,FREDDO,,
SIC01417,1417,PERSONA,81LEAD|ContattiMirco|EmailMirco|Labotecnic1|Labotecnic2,Monica,Bissacco,,,,,IT,,,,,,,,,monica.bissacco@studiomenin.it,,,,,,,,,Italia,,,,,,,,,,,,,,,,,,,,GUEST,FREE,,0,18/06/2026,FREDDO,,
SIC01418,1418,PERSONA,81LEAD|ContattiMirco|EmailMirco,Wallet,Blumatica,,,,,IT,,,,,,,,,wallet@rendimentoetico.it,,3932891345220,3932891345220,,,,,,Italia,,,,,,,,,,,,,,,,,,,,GUEST,FREE,,0,18/06/2026,FREDDO,,
SIC01419,1419,PERSONA,81LEAD|ContattiMirco|EmailMirco|Labotecnic1|Labotecnic2,Stefano,Boccato,,,,,IT,,,,,,,,,stefanoboccato96@gmail.com,,3934558954000,3934558954000,,,,,,Italia,,,,,,,,,,,,,,,,,,,,GUEST,FREE,,0,18/06/2026,FREDDO,,
SIC01420,1420,PERSONA,81LEAD|ContattiMirco|EmailMirco,Salone,Bolle Blu,,,,,IT,,,,,,,,,salone.bolleblu@virgilio.it,,3933575762340,3933575762340,,,,,,Italia,,,,,,,,,,,,,,,,,,,,GUEST,FREE,,0,18/06/2026,FREDDO,,
SIC01421,1421,PERSONA,81LEAD|ContattiMirco|EmailMirco,Best,Bologna,,,,,IT,,,,,,,,,info@towerhotelbologna.com,,,,,,,,,Italia,,,,,,,,,,,,,,,,,,,,GUEST,FREE,,0,18/06/2026,FREDDO,,
SIC01422,1422,PERSONA,81LEAD|ContattiMirco|EmailMirco,Front,Bologna,,,,,IT,,,,,,,,,fom@towerhotelbologna.com,,347802003600,347802003600,,,,,,Italia,,,,,,,,,,,,,,,,,,,,GUEST,FREE,,0,18/06/2026,FREDDO,,
SIC01423,1423,PERSONA,81LEAD|ContattiMirco|EmailMirco|Labotecnic1|Labotecnic2,Marina,Bonati64,,,,,IT,,,,,,,,,marina.bonati64@gmail.com,,3934643601580,3934643601580,,,,,,Italia,,,,,,,,,,,,,,,,,,,,GUEST,FREE,,0,18/06/2026,FREDDO,,
SIC01424,1424,PERSONA,81LEAD|ContattiMirco|EmailMirco|Labotecnic1|Labotecnic2,Leonardo,Bonato,,,,,IT,,,,,,,,,leonardo.bonato@tin.it,,39349199040700,39349199040700,,,,,,Italia,,,,,,,,,,,,,,,,,,,,GUEST,FREE,,0,18/06/2026,FREDDO,,
SIC01425,1425,PERSONA,81LEAD|ContattiMirco|EmailMirco|Labotecnic1|Labotecnic2,Bonculescusorincostantin,Bonculescu,,,,,IT,,,,,,,,,bonculescusorincostantin@gmail.com,,,,,,,,,Italia,,,,,,,,,,,,,,,,,,,,GUEST,FREE,,0,18/06/2026,FREDDO,,
SIC01426,1426,PERSONA,81LEAD|ContattiMirco|EmailMirco|Labotecnic1|Labotecnic2,Cristiana,Bonfanti,,,,,IT,,,,,,,,,cristiana.bonfanti@gmail.com,,,,,,,,,Italia,,,,,,,,,,,,,,,,,,,,GUEST,FREE,,0,18/06/2026,FREDDO,,
SIC01427,1427,PERSONA,81LEAD|ContattiMirco|EmailMirco,De,Boni Elisabetta,,,,,IT,,,,,,,,,debonielisa@libero.it,,3933553126610,3933553126610,,,,,,Italia,,,,,,,,,,,,,,,,,,,,GUEST,FREE,,0,18/06/2026,FREDDO,,
SIC01428,1428,PERSONA,81LEAD|ContattiMirco|EmailMirco,Silviabonifazi9,Bonifazi,,,,,IT,,,,,,,,,silviabonifazi9@gmail.com,,,,,,,,,Italia,,,,,,,,,,,,,,,,,,,,GUEST,FREE,,0,18/06/2026,FREDDO,,
SIC01429,1429,PERSONA,81LEAD|ContattiMirco|EmailMirco|Labotecnic1|Labotecnic2,Massi,Bonistalli,,,,,IT,,,,,,,,,massi.bonistalli@alice.it,,,,,,,,,Italia,,,,,,,,,,,,,,,,,,,,GUEST,FREE,,0,18/06/2026,FREDDO,,
SIC01430,1430,PERSONA,81LEAD|ContattiMirco|EmailMirco|Labotecnic1|Labotecnic2,Chiara,Bonora,,,,,IT,,,,,,,,,bonorachiara@yahoo.it,,3937731816520,3937731816520,,,,,,Italia,,,,,,,,,,,,,,,,,,,,GUEST,FREE,,0,18/06/2026,FREDDO,,
SIC01431,1431,PERSONA,81LEAD|ContattiMirco|EmailMirco,Protezione,Bonus,,,,,IT,,,,,,,,,protezione.bonus@genertel.it,,,,,,,,,Italia,,,,,,,,,,,,,,,,,,,,GUEST,FREE,,0,18/06/2026,FREDDO,,
SIC01432,1432,PERSONA,81LEAD|ContattiMirco|EmailMirco|Labotecnic1|Labotecnic2,Enrico,Bonvento,,,,,IT,,,,,,,,,enrico.bonvento@iqtconsulting.it,,3933553126610,3933553126610,,,,,,Italia,,,,,,,,,,,,,,,,,,,,GUEST,FREE,,0,18/06/2026,FREDDO,,
SIC01433,1433,PERSONA,81LEAD|ContattiMirco|EmailMirco|Labotecnic1|Labotecnic2,P,Bordoni,,,,,IT,,,,,,,,,p.bordoni@pepatrasporti.it,,,,,,,,,Italia,,,,,,,,,,,,,,,,,,,,GUEST,FREE,,0,18/06/2026,FREDDO,,
SIC01434,1434,PERSONA,81LEAD|ContattiMirco|EmailMirco,Enrico,Bortolami,,,,,IT,,,,,,,,,ebortolami@tize.it,,3934779100170,3934779100170,,,,,,Italia,,,,,,,,,,,,,,,,,,,,GUEST,FREE,,0,18/06/2026,FREDDO,,
SIC01435,1435,PERSONA,81LEAD|ContattiMirco|EmailMirco|Labotecnic1|Labotecnic2,Enrico,Bortolami,,,,,IT,,,,,,,,,info@michelangelost.com,,3934779100170,3934779100170,,,,,,Italia,,,,,,,,,,,,,,,,,,,,GUEST,FREE,,0,18/06/2026,FREDDO,,
SIC01436,1436,PERSONA,81LEAD|ContattiMirco|EmailMirco,Nicolo,Bortolato,,,,,IT,,,,,,,,,nicolo.bortolato@gmail.com,,39340765732800,39340765732800,,,,,,Italia,,,,,,,,,,,,,,,,,,,,GUEST,FREE,,0,18/06/2026,FREDDO,,
SIC01437,1437,PERSONA,81LEAD|EmailMirco,Enrico,Bortolo,,,,,IT,,,,,,,,,p.e.decorazioni@gmail.com,,,,,,,,,Italia,,,,,,,,,,,,,,,,,,,,GUEST,FREE,,0,18/06/2026,FREDDO,,
SIC01438,1438,PERSONA,ContattiMirco|EmailMirco|Labotecnic1|Labotecnic2,Alessandro,Bortoloni,,,,,IT,,,,,,,,,94ale.b@gmail.com,,3933350304360,3933350304360,,,,,,Italia,,,,,,,,,,,,,,,,,,,,GUEST,FREE,,0,18/06/2026,FREDDO,,
SIC01439,1439,PERSONA,ContattiMirco|EmailMirco,Eleonora,Bortolussi,,,,,IT,,,,,,,,,eleonora.bortolussi@mps.it,,,,,,,,,Italia,,,,,,,,,,,,,,,,,,,,GUEST,FREE,,0,18/06/2026,FREDDO,,
SIC01440,1440,PERSONA,81LEAD|ContattiMirco|EmailMirco,Cristian,Boscolo,,,,,IT,,,,,,,,,sicoo.sicurezza@gmail.com,,,,,,,,,Italia,,,,,,,,,,,,,,,,,,,,GUEST,FREE,,0,18/06/2026,FREDDO,,
SIC01441,1441,PERSONA,81LEAD|ContattiMirco|Labotecnic1|Labotecnic2,Denis,Boscolo,,,,,IT,,,,,,,,,denis.boscolo@hotmail.it,,,,,,,,,Italia,,,,,,,,,,,,,,,,,,,,GUEST,FREE,,0,18/06/2026,FREDDO,,
SIC01442,1442,PERSONA,81LEAD|ContattiMirco|EmailMirco|Labotecnic1|Labotecnic2,Sandra,Boscolo,,,,,IT,,,,,,,,,sandra.boscolo@studiorosteghin.it,,,,,,,,,Italia,,,,,,,,,,,,,,,,,,,,GUEST,FREE,,0,18/06/2026,FREDDO,,
SIC01443,1443,PERSONA,81LEAD|ContattiMirco,Simone,Boscolo,,,,,IT,,,,,,,,,simone.boscolo@gmail.com,,3932016338580,3932016338580,,,,,,Italia,,,,,,,,,,,,,,,,,,,,GUEST,FREE,,0,18/06/2026,FREDDO,,
SIC01444,1444,PERSONA,81LEAD|ContattiMirco|EmailMirco,Massimo,Boscolo Vengest,,,,,IT,,,,,,,,,massimo.boscolo@gruppovengest.it,,39334791005500,39334791005500,,,,,,Italia,,,,,,,,,,,,,,,,,,,,GUEST,FREE,,0,18/06/2026,FREDDO,,
SIC01445,1445,PERSONA,81LEAD|ContattiMirco|EmailMirco|Labotecnic1|Labotecnic2,C,Bossi,,,,,IT,,,,,,,,,c.bossi@italcementi.it,,,,,,,,,Italia,,,,,,,,,,,,,,,,,,,,GUEST,FREE,,0,18/06/2026,FREDDO,,
SIC01446,1446,PERSONA,81LEAD|ContattiMirco|EmailMirco|Labotecnic1|Labotecnic2,Carlo,Bottos,,,,,IT,,,,,,,,,carlo.bottos@icloud.com,,39339314621200,39339314621200,,,,,,Italia,,,,,,,,,,,,,,,,,,,,GUEST,FREE,,0,18/06/2026,FREDDO,,
SIC01447,1447,PERSONA,81LEAD|EmailMirco,Luigi,Bove,,,,,IT,,,,,,,,,luigi_bove@hotmail.it,,,,,,,,,Italia,,,,,,,,,,,,,,,,,,,,GUEST,FREE,,0,18/06/2026,FREDDO,,
SIC01448,1448,PERSONA,81LEAD|ContattiMirco|EmailMirco|Labotecnic1|Labotecnic2,L,Bozzatomenin,,,,,IT,,,,,,,,,l.bozzatomenin@studiomenin.it,,,,,,,,,Italia,,,,,,,,,,,,,,,,,,,,GUEST,FREE,,0,18/06/2026,FREDDO,,
SIC01449,1449,PERSONA,81LEAD|ContattiMirco|EmailMirco|Labotecnic1|Labotecnic2,Mario,Bragagnolo,,,,,IT,,,,,,,,,mario.bragagnolo@bmautomazioni.com,,3934878098770,3934878098770,,,,,,Italia,,,,,,,,,,,,,,,,,,,,GUEST,FREE,,0,18/06/2026,FREDDO,,
SIC01450,1450,PERSONA,81LEAD|ContattiMirco|EmailMirco|Labotecnic1|Labotecnic2,Andrea,Bragagnolo Automatismi,,,,,IT,,,,,,,,,andrea.bragagnolo@bmautomazioni.com,,3933830688850,3933830688850,,,,,,Italia,,,,,,,,,,,,,,,,,,,,GUEST,FREE,,0,18/06/2026,FREDDO,,
SIC01451,1451,PERSONA,81LEAD|ContattiMirco|EmailMirco|Labotecnic1|Labotecnic2,Gianni,Bragante,,,,,IT,,,,,,,,,gianni.bragante@email.it,,3934764950830,3934764950830,,,,,,Italia,,,,,,,,,,,,,,,,,,,,GUEST,FREE,,0,18/06/2026,FREDDO,,
SIC01452,1452,PERSONA,81LEAD|ContattiMirco|EmailMirco|Labotecnic1|Labotecnic2,C,Braghin,,,,,IT,,,,,,,,,c.braghin@hotmail.it,,,,,,,,,Italia,,,,,,,,,,,,,,,,,,,,GUEST,FREE,,0,18/06/2026,FREDDO,,
SIC01453,1453,PERSONA,81LEAD|ContattiMirco|EmailMirco|Labotecnic1|Labotecnic2,G,Braj,,,,,IT,,,,,,,,,g.braj@rfi.it,,,,,,,,,Italia,,,,,,,,,,,,,,,,,,,,GUEST,FREE,,0,18/06/2026,FREDDO,,
SIC01454,1454,PERSONA,81LEAD|ContattiMirco|EmailMirco,Restauracja,Bramarai,,,,,IT,,,,,,,,,restauracja@szara.pl,,39347738536400,39347738536400,,,,,,Italia,,,,,,,,,,,,,,,,,,,,GUEST,FREE,,0,18/06/2026,FREDDO,,
SIC01455,1455,PERSONA,81LEAD|ContattiMirco|EmailMirco,Francesco,Brami,,,,,IT,,,,,,,,,francesco.brami@changecapital.it,,3933190063080,3933190063080,,,,,,Italia,,,,,,,,,,,,,,,,,,,,GUEST,FREE,,0,18/06/2026,FREDDO,,
SIC01456,1456,PERSONA,81LEAD|ContattiMirco|EmailMirco|Labotecnic1|Labotecnic2,Giuseppe,Brancaleon,,,,,IT,,,,,,,,,verdescaligera@gmail.com,,3932922595490,3932922595490,,,,,,Italia,,,,,,,,,,,,,,,,,,,,GUEST,FREE,,0,18/06/2026,FREDDO,,
SIC01457,1457,PERSONA,81LEAD|ContattiMirco|EmailMirco,Daniele,Brazzoni,,,,,IT,,,,,,,,,daniele.brazzoni@telecomitalia.it,,3933514410780,3933514410780,,,,,,Italia,,,,,,,,,,,,,,,,,,,,GUEST,FREE,,0,18/06/2026,FREDDO,,
SIC01458,1458,PERSONA,81LEAD|ContattiMirco|EmailMirco,Official,Break,,,,,IT,,,,,,,,,official@cam.tv,,3933577900520,3933577900520,,,,,,Italia,,,,,,,,,,,,,,,,,,,,GUEST,FREE,,0,18/06/2026,FREDDO,,
SIC01459,1459,PERSONA,81LEAD|ContattiMirco|EmailMirco|Labotecnic1|Labotecnic2,Wainer,Bruni,,,,,IT,,,,,,,,,wainer.bruni@alice.it,,,,,,,,,Italia,,,,,,,,,,,,,,,,,,,,GUEST,FREE,,0,18/06/2026,FREDDO,,
SIC01460,1460,PERSONA,81LEAD|ContattiMirco|EmailMirco|Labotecnic1|Labotecnic2,Giuliana,Bttn,,,,,IT,,,,,,,,,giuliana.bttn@gmail.com,,3932966051390,3932966051390,,,,,,Italia,,,,,,,,,,,,,,,,,,,,GUEST,FREE,,0,18/06/2026,FREDDO,,
SIC01461,1461,PERSONA,81LEAD|ContattiMirco|EmailMirco|Labotecnic1|Labotecnic2,Erica,Bugari,,,,,IT,,,,,,,,,erica.bugari@imq.it,,,,,,,,,Italia,,,,,,,,,,,,,,,,,,,,GUEST,FREE,,0,18/06/2026,FREDDO,,
SIC01462,1462,PERSONA,81LEAD|ContattiMirco|EmailMirco|Labotecnic1|Labotecnic2,Mariag,Buono,,,,,IT,,,,,,,,,mariag.buono@gmail.com,,,,,,,,,Italia,,,,,,,,,,,,,,,,,,,,GUEST,FREE,,0,18/06/2026,FREDDO,,
SIC01463,1463,PERSONA,81LEAD|ContattiMirco|EmailMirco|Labotecnic1|Labotecnic2,Rosanna,Buono61,,,,,IT,,,,,,,,,rosanna.buono61@gmail.com,,,,,,,,,Italia,,,,,,,,,,,,,,,,,,,,GUEST,FREE,,0,18/06/2026,FREDDO,,
SIC01464,1464,PERSONA,81LEAD|ContattiMirco|EmailMirco|Labotecnic1|Labotecnic2,Geom,Buora,,,,,IT,,,,,,,,,geom.buora@libero.it,,,,,,,,,Italia,,,,,,,,,,,,,,,,,,,,GUEST,FREE,,0,18/06/2026,FREDDO,,
SIC01465,1465,PERSONA,81LEAD|EmailMirco,Elettromeccanica,Burini Bergamo,,,,,IT,,,,,,,,,elmecburini@hotmail.it,,390355438930,390355438930,,,,,,Italia,,,,,,,,,,,,,,,,,,,,GUEST,FREE,,0,18/06/2026,FREDDO,,
SIC01466,1466,PERSONA,81LEAD|ContattiMirco|EmailMirco|Labotecnic1|Labotecnic2,IMI,Busatto,,,,,IT,,,,,,,,,imisrl2015@libero.it,,3932853586950,3932853586950,,,,,,Italia,,,,,,,,,,,,,,,,,,,,GUEST,FREE,,0,18/06/2026,FREDDO,,
SIC01467,1467,PERSONA,81LEAD|ContattiMirco|EmailMirco|Labotecnic1|Labotecnic2,Latte,Busche,,,,,IT,,,,,,,,,info@lattebusche.it,,,,,,,,,Italia,,,,,,,,,,,,,,,,,,,,GUEST,FREE,,0,18/06/2026,FREDDO,,
SIC01468,1468,PERSONA,81LEAD|ContattiMirco|EmailMirco,Cristianotrotta,Business,,,,,IT,,,,,,,,,cristianotrotta.business@gmail.com,,,,,,,,,Italia,,,,,,,,,,,,,,,,,,,,GUEST,FREE,,0,18/06/2026,FREDDO,,
SIC01469,1469,PERSONA,81LEAD|ContattiMirco|EmailMirco,Silvia,Busson com,,,,,IT,,,,,,,,,silvia@elettrocostruzioni.com,,3934794747160,3934794747160,,,,,,Italia,,,,,,,,,,,,,,,,,,,,GUEST,FREE,,0,18/06/2026,FREDDO,,
SIC01470,1470,PERSONA,81LEAD|ContattiMirco|EmailMirco|Labotecnic1|Labotecnic2,Morena,Buzzoni,,,,,IT,,,,,,,,,morena.buzzoni@virgilio.it,,3932008542190,3932008542190,,,,,,Italia,,,,,,,,,,,,,,,,,,,,GUEST,FREE,,0,18/06/2026,FREDDO,,
SIC01471,1471,PERSONA,81LEAD|ContattiMirco|Labotecnic1|Labotecnic2,Rossella,C,,,,,IT,,,,,,,,,77rossella.c@gmail.com,,3933873222860,3933873222860,,,,,,Italia,,,,,,,,,,,,,,,,,,,,GUEST,FREE,,0,18/06/2026,FREDDO,,
SIC01472,1472,PERSONA,81LEAD|ContattiMirco|EmailMirco|Labotecnic1|Labotecnic2,Simoncello,C,,,,,IT,,,,,,,,,simoncello.c@alice.it,,3934723138640,3934723138640,,,,,,Italia,,,,,,,,,,,,,,,,,,,,GUEST,FREE,,0,18/06/2026,FREDDO,,
SIC01473,1473,PERSONA,81LEAD|EmailMirco,Tre,C,,,,,IT,,,,,,,,,impresaediletrec@libero.it,,3934852675810,3934852675810,,,,,,Italia,,,,,,,,,,,,,,,,,,,,GUEST,FREE,,0,18/06/2026,FREDDO,,
SIC01474,1474,PERSONA,81LEAD|ContattiMirco|EmailMirco|Labotecnic1|Labotecnic2,Arch,C cost,,,,,IT,,,,,,,,,arch.c.cost@gmail.com,,,,,,,,,Italia,,,,,,,,,,,,,,,,,,,,GUEST,FREE,,0,18/06/2026,FREDDO,,
SIC01475,1475,PERSONA,81LEAD|ContattiMirco|EmailMirco|Labotecnic1|Labotecnic2,Zamboni,C78,,,,,IT,,,,,,,,,zamboni.c78@gmail.com,,,,,,,,,Italia,,,,,,,,,,,,,,,,,,,,GUEST,FREE,,0,18/06/2026,FREDDO,,
SIC01476,1476,PERSONA,81LEAD|EmailMirco,ARREDAMENTI,CAMPAGNER,,,,,IT,,,,,,,,,info@arredamenticampagner.it,,3904217050690,3904217050690,,,,,,Italia,,,,,,,,,,,,,,,,,,,,GUEST,FREE,,0,18/06/2026,FREDDO,,
SIC01477,1477,PERSONA,81LEAD|ContattiMirco|EmailMirco|Labotecnic1|Labotecnic2,Ambra,CDNE,,,,,IT,,,,,,,,,a.romagnolo@cdne.it,,3934624582410,3934624582410,,,,,,Italia,,,,,,,,,,,,,,,,,,,,GUEST,FREE,,0,18/06/2026,FREDDO,,
SIC01478,1478,PERSONA,81LEAD|ContattiMirco|EmailMirco|Labotecnic1|Labotecnic2,Luca,CERVED,,,,,IT,,,,,,,,,luca.nencioni@cerved.com,,3905872984540,3905872984540,,,,,,Italia,,,,,,,,,,,,,,,,,,,,GUEST,FREE,,0,18/06/2026,FREDDO,,
SIC01479,1479,PERSONA,81LEAD|ContattiMirco|EmailMirco,ALEX,CHIARION,,,,,IT,,,,,,,,,alex.chiarion@gmail.com,,3933513087320,3933513087320,,,,,,Italia,,,,,,,,,,,,,,,,,,,,GUEST,FREE,,0,18/06/2026,FREDDO,,
SIC01480,1480,PERSONA,81LEAD|ContattiMirco|EmailMirco|Labotecnic1|Labotecnic2,Simonezanellati,CICS,,,,,IT,,,,,,,,,simonezanellati@gmail.com,,3934023275680,3934023275680,,,,,,Italia,,,,,,,,,,,,,,,,,,,,GUEST,FREE,,0,18/06/2026,FREDDO,,
SIC01481,1481,PERSONA,81LEAD|EmailMirco,Caminetti,CIK,,,,,IT,,,,,,,,,info@cik.it,,390355412570,390355412570,,,,,,Italia,,,,,,,,,,,,,,,,,,,,GUEST,FREE,,0,18/06/2026,FREDDO,,
SIC01482,1482,PERSONA,81LEAD|ContattiMirco|EmailMirco|Labotecnic1|Labotecnic2,Sergioricci,Cabaret,,,,,IT,,,,,,,,,sergioricci.cabaret@alice.it,,,,,,,,,Italia,,,,,,,,,,,,,,,,,,,,GUEST,FREE,,0,18/06/2026,FREDDO,,
SIC01483,1483,PERSONA,81LEAD|ContattiMirco|EmailMirco,Mf,Cabezas97,,,,,IT,,,,,,,,,mf.cabezas97@gmail.com,,,,,,,,,Italia,,,,,,,,,,,,,,,,,,,,GUEST,FREE,,0,18/06/2026,FREDDO,,
SIC01484,1484,PERSONA,81LEAD|EmailMirco,Edil,Cabras,,,,,IT,,,,,,,,,dittacabras@yahoo.it,,390782758590,390782758590,,,,,,Italia,,,,,,,,,,,,,,,,,,,,GUEST,FREE,,0,18/06/2026,FREDDO,,
SIC01485,1485,PERSONA,81LEAD|ContattiMirco|EmailMirco|Labotecnic1|Labotecnic2,Debora,Cafè Rum Cazzador,,,,,IT,,,,,,,,,enrico.cazzador@fincantieri.it,,3934755215860,3934755215860,,,,,,Italia,,,,,,,,,,,,,,,,,,,,GUEST,FREE,,0,18/06/2026,FREDDO,,
SIC01486,1486,PERSONA,81LEAD|ContattiMirco|EmailMirco|Labotecnic1|Labotecnic2,USD,Calcio,,,,,IT,,,,,,,,,frassinellecalcio@gmail.com,,3936875383590,3936875383590,,,,,,Italia,,,,,,,,,,,,,,,,,,,,GUEST,FREE,,0,18/06/2026,FREDDO,,
SIC01487,1487,PERSONA,81LEAD|ContattiMirco|Labotecnic1|Labotecnic2,Carlotta,Camisotti,,,,,IT,,,,,,,,,carlotta.camisotti@gmail.com,,,,,,,,,Italia,,,,,,,,,,,,,,,,,,,,GUEST,FREE,,0,18/06/2026,FREDDO,,
SIC01488,1488,PERSONA,81LEAD|ContattiMirco|Labotecnic1|Labotecnic2,Geom,Camisottilino,,,,,IT,,,,,,,,,geom.camisottilino@tiscali.it,,,,,,,,,Italia,,,,,,,,,,,,,,,,,,,,GUEST,FREE,,0,18/06/2026,FREDDO,,
SIC01489,1489,PERSONA,81LEAD|ContattiMirco|EmailMirco|Labotecnic1|Labotecnic2,Scampeotto,Campeotto,,,,,IT,,,,,,,,,scampeotto@libero.it,,39347791001700,39347791001700,,,,,,Italia,,,,,,,,,,,,,,,,,,,,GUEST,FREE,,0,18/06/2026,FREDDO,,
SIC01490,1490,PERSONA,81LEAD|ContattiMirco|EmailMirco|Labotecnic1|Labotecnic2,Paola,Camuffo,,,,,IT,,,,,,,,,paola.camuffo@gmail.com,,3934990487220,3934990487220,,,,,,Italia,,,,,,,,,,,,,,,,,,,,GUEST,FREE,,0,18/06/2026,FREDDO,,
SIC01491,1491,PERSONA,81LEAD|ContattiMirco|EmailMirco|Labotecnic1|Labotecnic2,Gigino93,Candela,,,,,IT,,,,,,,,,gigino93@gmail.com,,,,,,,,,Italia,,,,,,,,,,,,,,,,,,,,GUEST,FREE,,0,18/06/2026,FREDDO,,
SIC01492,1492,PERSONA,81LEAD|ContattiMirco|EmailMirco|Labotecnic1|Labotecnic2,Geom,Candellieri,,,,,IT,,,,,,,,,geom.candellieri@virgilio.it,,,,,,,,,Italia,,,,,,,,,,,,,,,,,,,,GUEST,FREE,,0,18/06/2026,FREDDO,,
SIC01493,1493,PERSONA,81LEAD|ContattiMirco|EmailMirco|Labotecnic1|Labotecnic2,Gianni,Cantelli,,,,,IT,,,,,,,,,gianni.cantelli@alice.it,,3934824030800,3934824030800,,,,,,Italia,,,,,,,,,,,,,,,,,,,,GUEST,FREE,,0,18/06/2026,FREDDO,,
SIC01494,1494,PERSONA,81LEAD|ContattiMirco|EmailMirco|Labotecnic1|Labotecnic2,Diego,Canton,,,,,IT,,,,,,,,,diego.canton@gsbconsulenze.it,,3934048593540,3934048593540,,,,,,Italia,,,,,,,,,,,,,,,,,,,,GUEST,FREE,,0,18/06/2026,FREDDO,,
SIC01495,1495,PERSONA,81LEAD|ContattiMirco|Labotecnic1|Labotecnic2,Diego,Canton cts,,,,,IT,,,,,,,,,diego.canton.cts@gmail.com,,3932820152390,3932820152390,,,,,,Italia,,,,,,,,,,,,,,,,,,,,GUEST,FREE,,0,18/06/2026,FREDDO,,
SIC01496,1496,PERSONA,81LEAD|ContattiMirco|EmailMirco|Labotecnic1|Labotecnic2,Residence,Capinera Scarpa,,,,,IT,,,,,,,,,info@residencecapinera.com,,3933920387980,3933920387980,,,,,,Italia,,,,,,,,,,,,,,,,,,,,GUEST,FREE,,0,18/06/2026,FREDDO,,
SIC01497,1497,PERSONA,81LEAD|ContattiMirco|EmailMirco|Labotecnic1|Labotecnic2,Eleonora,Capitanio,,,,,IT,,,,,,,,,eleonora.capitanio@hotmail.it,,39348566762800,39348566762800,,,,,,Italia,,,,,,,,,,,,,,,,,,,,GUEST,FREE,,0,18/06/2026,FREDDO,,
SIC01498,1498,PERSONA,81LEAD|ContattiMirco|EmailMirco|Labotecnic1|Labotecnic2,Marzia,Cappello,,,,,IT,,,,,,,,,marzia.cappello@gmail.com,,39340632203800,39340632203800,,,,,,Italia,,,,,,,,,,,,,,,,,,,,GUEST,FREE,,0,18/06/2026,FREDDO,,
SIC01499,1499,PERSONA,81LEAD|ContattiMirco|EmailMirco|Labotecnic1|Labotecnic2,R,Capricci,,,,,IT,,,,,,,,,r.capricci@alice.it,,,,,,,,,Italia,,,,,,,,,,,,,,,,,,,,GUEST,FREE,,0,18/06/2026,FREDDO,,
SIC01500,1500,PERSONA,81LEAD|ContattiMirco|EmailMirco,Stefano,Caproni,,,,,IT,,,,,,,,,stefano.caproni@libero.it,,,,,,,,,Italia,,,,,,,,,,,,,,,,,,,,GUEST,FREE,,0,18/06/2026,FREDDO,,
SIC01501,1501,PERSONA,81LEAD|ContattiMirco|EmailMirco|Labotecnic1|Labotecnic2,Micheleposta2,Caputo,,,,,IT,,,,,,,,,micheleposta2@gmail.com,,,,,,,,,Italia,,,,,,,,,,,,,,,,,,,,GUEST,FREE,,0,18/06/2026,FREDDO,,
SIC01502,1502,PERSONA,81LEAD|ContattiMirco|EmailMirco|Labotecnic1|Labotecnic2,G,Carassini,,,,,IT,,,,,,,,,g.carassini@gmail.com,,,,,,,,,Italia,,,,,,,,,,,,,,,,,,,,GUEST,FREE,,0,18/06/2026,FREDDO,,
SIC01503,1503,PERSONA,ContattiMirco|EmailMirco,Filippomarangoni,Carazzato ultimo,,,,,IT,,,,,,,,,filippomarangoni@patio.it,,39340134716200,39340134716200,,,,,,Italia,,,,,,,,,,,,,,,,,,,,GUEST,FREE,,0,18/06/2026,FREDDO,,
SIC01504,1504,PERSONA,81LEAD|ContattiMirco|EmailMirco,Cam.,Care,,,,,IT,,,,,,,,,support@cam.tv,,,,,,,,,Italia,,,,,,,,,,,,,,,,,,,,GUEST,FREE,,0,18/06/2026,FREDDO,,
SIC01505,1505,PERSONA,81LEAD|ContattiMirco|EmailMirco,Claudio,Carella,,,,,IT,,,,,,,,,claudio.carella@allianzbankfa.it,,3932870396190,3932870396190,,,,,,Italia,,,,,,,,,,,,,,,,,,,,GUEST,FREE,,0,18/06/2026,FREDDO,,
SIC01506,1506,PERSONA,81LEAD|ContattiMirco|EmailMirco,Edil,Carinella,,,,,IT,,,,,,,,,edilcarinella@gmail.com,,,,,,,,,Italia,,,,,,,,,,,,,,,,,,,,GUEST,FREE,,0,18/06/2026,FREDDO,,
SIC01507,1507,PERSONA,81LEAD|ContattiMirco|EmailMirco,Tucciaronepasquale,Cariparo,,,,,IT,,,,,,,,,tucciaronepasquale@gmail.com,,3933469355150,3933469355150,,,,,,Italia,,,,,,,,,,,,,,,,,,,,GUEST,FREE,,0,18/06/2026,FREDDO,,
SIC01508,1508,PERSONA,81LEAD|ContattiMirco|EmailMirco|Labotecnic1|Labotecnic2,Roberto,Carlesso,,,,,IT,,,,,,,,,robertocarlesso@hotmail.it,,3935001163460,3935001163460,,,,,,Italia,,,,,,,,,,,,,,,,,,,,GUEST,FREE,,0,18/06/2026,FREDDO,,
SIC01509,1509,PERSONA,81LEAD|ContattiMirco|EmailMirco|Labotecnic1|Labotecnic2,Monica,Carlin80,,,,,IT,,,,,,,,,monica.carlin80@gmail.com,,3932909632890,3932909632890,,,,,,Italia,,,,,,,,,,,,,,,,,,,,GUEST,FREE,,0,18/06/2026,FREDDO,,
SIC01510,1510,PERSONA,81LEAD|EmailMirco,Tabusso,Carlo Building Materials,,,,,IT,,,,,,,,,chieri.detommasi@bigmat.it,,39017218011620,39017218011620,,,,,,Italia,,,,,,,,,,,,,,,,,,,,GUEST,FREE,,0,18/06/2026,FREDDO,,
SIC01511,1511,PERSONA,81LEAD|ContattiMirco,Giovanni,Carloni,,,,,IT,,,,,,,,,giovanni.carloni@ebaf.ch,,3933885435870,3933885435870,,,,,,Italia,,,,,,,,,,,,,,,,,,,,GUEST,FREE,,0,18/06/2026,FREDDO,,
SIC01512,1512,PERSONA,81LEAD|ContattiMirco|EmailMirco|Labotecnic1|Labotecnic2,Estetica,Carlotta,,,,,IT,,,,,,,,,estetica.carlotta@gmail.com,,,,,,,,,Italia,,,,,,,,,,,,,,,,,,,,GUEST,FREE,,0,18/06/2026,FREDDO,,
SIC01513,1513,PERSONA,81LEAD|ContattiMirco|EmailMirco|Labotecnic1|Labotecnic2,Sarta,Carolina,,,,,IT,,,,,,,,,sarta.carolina@gmail.com,,,,,,,,,Italia,,,,,,,,,,,,,,,,,,,,GUEST,FREE,,0,18/06/2026,FREDDO,,
SIC01514,1514,PERSONA,81LEAD|ContattiMirco|EmailMirco|Labotecnic1|Labotecnic2,Paola,Caroti 54ot,,,,,IT,,,,,,,,,paola.caroti.54ot@alice.it,,39348389770200,39348389770200,,,,,,Italia,,,,,,,,,,,,,,,,,,,,GUEST,FREE,,0,18/06/2026,FREDDO,,
SIC01515,1515,PERSONA,81LEAD|ContattiMirco|EmailMirco|Labotecnic1|Labotecnic2,Mario,Carroccio80,,,,,IT,,,,,,,,,mario.carroccio80@gmail.com,,3934773216460,3934773216460,,,,,,Italia,,,,,,,,,,,,,,,,,,,,GUEST,FREE,,0,18/06/2026,FREDDO,,
SIC01516,1516,PERSONA,81LEAD|ContattiMirco|EmailMirco|Labotecnic1|Labotecnic2,Roberto,Carturan,,,,,IT,,,,,,,,,roberto.carturan@alice.it,,39329674479600,39329674479600,,,,,,Italia,,,,,,,,,,,,,,,,,,,,GUEST,FREE,,0,18/06/2026,FREDDO,,
SIC01517,1517,PERSONA,81LEAD|ContattiMirco|EmailMirco,Bioedil,Casa,,,,,IT,,,,,,,,,info@gpcostruzionisrl.com,,,,,,,,,Italia,,,,,,,,,,,,,,,,,,,,GUEST,FREE,,0,18/06/2026,FREDDO,,
SIC01518,1518,PERSONA,81LEAD|EmailMirco,Colorificio,Casaplast,,,,,IT,,,,,,,,,info@casaplast.it,,390356904040,390356904040,,,,,,Italia,,,,,,,,,,,,,,,,,,,,GUEST,FREE,,0,18/06/2026,FREDDO,,
SIC01519,1519,PERSONA,81LEAD|ContattiMirco|EmailMirco|Labotecnic1|Labotecnic2,Paolo,Casarin,,,,,IT,,,,,,,,,paolo.casarin@artigianatopadovano.it,,39331364404400,39331364404400,,,,,,Italia,,,,,,,,,,,,,,,,,,,,GUEST,FREE,,0,18/06/2026,FREDDO,,
SIC01520,1520,PERSONA,81LEAD|EmailMirco,BigMat,Casarreda,,,,,IT,,,,,,,,,info@casarreda.it,,390583771300,390583771300,,,,,,Italia,,,,,,,,,,,,,,,,,,,,GUEST,FREE,,0,18/06/2026,FREDDO,,
SIC01521,1521,PERSONA,81LEAD|ContattiMirco|Labotecnic1|Labotecnic2,Elena,Casella onean,,,,,IT,,,,,,,,,elena.chionni@libero.it,,3934836051640,3934836051640,,,,,,Italia,,,,,,,,,,,,,,,,,,,,GUEST,FREE,,0,18/06/2026,FREDDO,,
SIC01522,1522,PERSONA,81LEAD|ContattiMirco|EmailMirco,Mattia,Casellato,,,,,IT,,,,,,,,,mattia.casellato@ictagliodipo.com,,,,,,,,,Italia,,,,,,,,,,,,,,,,,,,,GUEST,FREE,,0,18/06/2026,FREDDO,,
SIC01523,1523,PERSONA,81LEAD|ContattiMirco|EmailMirco|Labotecnic1|Labotecnic2,Federico,Caselli,,,,,IT,,,,,,,,,federico.caselli@tryeco.com,,39320787476700,39320787476700,,,,,,Italia,,,,,,,,,,,,,,,,,,,,GUEST,FREE,,0,18/06/2026,FREDDO,,
SIC01524,1524,PERSONA,81LEAD|Labotecnic1|Labotecnic2,Sante,Casini,,,,,IT,,,,,,,,,sante.casini@marcegaglia.com,,,,,,,,,Italia,,,,,,,,,,,,,,,,,,,,GUEST,FREE,,0,18/06/2026,FREDDO,,
SIC01525,1525,PERSONA,81LEAD|ContattiMirco|EmailMirco|Labotecnic1|Labotecnic2,Silvia,Casson,,,,,IT,,,,,,,,,silvia.casson@attivamenteonlus.it,,3933563533360,3933563533360,,,,,,Italia,,,,,,,,,,,,,,,,,,,,GUEST,FREE,,0,18/06/2026,FREDDO,,
SIC01526,1526,PERSONA,81LEAD|EmailMirco,Gruppo,Castaldi,,,,,IT,,,,,,,,,privacy@gruppocastaldi.it,,3906929360990,3906929360990,,,,,,Italia,,,,,,,,,,,,,,,,,,,,GUEST,FREE,,0,18/06/2026,FREDDO,,
SIC01527,1527,PERSONA,81LEAD|ContattiMirco|EmailMirco|Labotecnic1|Labotecnic2,Ccsa,Castelfranco,,,,,IT,,,,,,,,,ccsa.castelfranco@alice.it,,,,,,,,,Italia,,,,,,,,,,,,,,,,,,,,GUEST,FREE,,0,18/06/2026,FREDDO,,
SIC01528,1528,PERSONA,81LEAD|ContattiMirco|EmailMirco,Jrxpaintingcontractors,Castillo sanabia,,,,,IT,,,,,,,,,jrxpaintingcontractors@gmail.com,,,,,,,,,Italia,,,,,,,,,,,,,,,,,,,,GUEST,FREE,,0,18/06/2026,FREDDO,,
SIC01529,1529,PERSONA,81LEAD|ContattiMirco|EmailMirco|Labotecnic1|Labotecnic2,A,Catalano,,,,,IT,,,,,,,,,a.catalano@cestarorossi.com,,3932835649590,3932835649590,,,,,,Italia,,,,,,,,,,,,,,,,,,,,GUEST,FREE,,0,18/06/2026,FREDDO,,
SIC01530,1530,PERSONA,81LEAD|ContattiMirco|EmailMirco|Labotecnic1|Labotecnic2,Michele,Catamero,,,,,IT,,,,,,,,,michele.catamero@gmail.com,,39333149200700,39333149200700,,,,,,Italia,,,,,,,,,,,,,,,,,,,,GUEST,FREE,,0,18/06/2026,FREDDO,,
SIC01531,1531,PERSONA,81LEAD|ContattiMirco|EmailMirco|Labotecnic1|Labotecnic2,Renso67,Cattlan,,,,,IT,,,,,,,,,renso67@gmail.com,,39328363686700,39328363686700,,,,,,Italia,,,,,,,,,,,,,,,,,,,,GUEST,FREE,,0,18/06/2026,FREDDO,,
SIC01532,1532,PERSONA,81LEAD|ContattiMirco|EmailMirco|Labotecnic1|Labotecnic2,Jonny,Cavallarin,,,,,IT,,,,,,,,,jonnycavallarin@hotmail.it,,3932773490440,3932773490440,,,,,,Italia,,,,,,,,,,,,,,,,,,,,GUEST,FREE,,0,18/06/2026,FREDDO,,
SIC01533,1533,PERSONA,81LEAD|ContattiMirco|EmailMirco|Labotecnic1|Labotecnic2,Susanna,Cavallarin,,,,,IT,,,,,,,,,susanna.cavallarin@attivamenteonlus.it,,3934942148770,3934942148770,,,,,,Italia,,,,,,,,,,,,,,,,,,,,GUEST,FREE,,0,18/06/2026,FREDDO,,
SIC01534,1534,PERSONA,81LEAD|ContattiMirco|EmailMirco,Elena,Cavallaro,,,,,IT,,,,,,,,,elena.cavallaro@tntitaly.it,,3933574598770,3933574598770,,,,,,Italia,,,,,,,,,,,,,,,,,,,,GUEST,FREE,,0,18/06/2026,FREDDO,,
SIC01535,1535,PERSONA,81LEAD|ContattiMirco|EmailMirco|Labotecnic1|Labotecnic2,Manuel,Cavallin,,,,,IT,,,,,,,,,manuel.cavallin@prodecopharma.com,,,,,,,,,Italia,,,,,,,,,,,,,,,,,,,,GUEST,FREE,,0,18/06/2026,FREDDO,,
SIC01536,1536,PERSONA,81LEAD|ContattiMirco|EmailMirco|Labotecnic1|Labotecnic2,Ferrari,Cavarzere,,,,,IT,,,,,,,,,ferrari.cavarzere@gmail.com,,3933570835720,3933570835720,,,,,,Italia,,,,,,,,,,,,,,,,,,,,GUEST,FREE,,0,18/06/2026,FREDDO,,
SIC01537,1537,PERSONA,81LEAD|ContattiMirco|EmailMirco|Labotecnic1|Labotecnic2,Ennio,Cazzaro,,,,,IT,,,,,,,,,ennio.cazzaro@gmail.com,,,,,,,,,Italia,,,,,,,,,,,,,,,,,,,,GUEST,FREE,,0,18/06/2026,FREDDO,,
SIC01538,1538,PERSONA,81LEAD|ContattiMirco|EmailMirco|Labotecnic1|Labotecnic2,Mauro,Cecchinato,,,,,IT,,,,,,,,,mauro.cecchinato@email.it,,39320031413900,39320031413900,,,,,,Italia,,,,,,,,,,,,,,,,,,,,GUEST,FREE,,0,18/06/2026,FREDDO,,
SIC01539,1539,PERSONA,81LEAD|ContattiMirco,Francescaceliberto,Celiberto,,,,,IT,,,,,,,,,francescaceliberto@gmail.com,,3937177451380,3937177451380,,,,,,Italia,,,,,,,,,,,,,,,,,,,,GUEST,FREE,,0,18/06/2026,FREDDO,,
SIC01540,1540,PERSONA,81LEAD|ContattiMirco|EmailMirco|Labotecnic1|Labotecnic2,Commercianti,Centro,,,,,IT,,,,,,,,,commercianti.centro@libero.it,,,,,,,,,Italia,,,,,,,,,,,,,,,,,,,,GUEST,FREE,,0,18/06/2026,FREDDO,,
SIC01541,1541,PERSONA,81LEAD|EmailMirco,ATIS,Ceramiche,,,,,IT,,,,,,,,,info@atisceramiche.it,,39081199100340,39081199100340,,,,,,Italia,,,,,,,,,,,,,,,,,,,,GUEST,FREE,,0,18/06/2026,FREDDO,,
SIC01542,1542,PERSONA,81LEAD|ContattiMirco|EmailMirco|Labotecnic1|Labotecnic2,C,Cerchiari,,,,,IT,,,,,,,,,c.cerchiari@tin.it,,,,,,,,,Italia,,,,,,,,,,,,,,,,,,,,GUEST,FREE,,0,18/06/2026,FREDDO,,
SIC01543,1543,PERSONA,81LEAD|ContattiMirco|EmailMirco,Cristiano,Ceresatto,,,,,IT,,,,,,,,,cristiano.ceresatto@gmail.com,,3934083102420,3934083102420,,,,,,Italia,,,,,,,,,,,,,,,,,,,,GUEST,FREE,,0,18/06/2026,FREDDO,,
SIC01544,1544,PERSONA,81LEAD|ContattiMirco|EmailMirco|Labotecnic1|Labotecnic2,R,Cesari,,,,,IT,,,,,,,,,r.cesari@sepsrl.com,,,,,,,,,Italia,,,,,,,,,,,,,,,,,,,,GUEST,FREE,,0,18/06/2026,FREDDO,,
SIC01545,1545,PERSONA,81LEAD|ContattiMirco|EmailMirco,Simone,Cestaro,,,,,IT,,,,,,,,,simone.cestaro@ingetek.it,,3932032575960,3932032575960,,,,,,Italia,,,,,,,,,,,,,,,,,,,,GUEST,FREE,,0,18/06/2026,FREDDO,,
SIC01546,1546,PERSONA,81LEAD|ContattiMirco|EmailMirco|Labotecnic1|Labotecnic2,Simone,Cestaro,,,,,IT,,,,,,,,,simone.cestaro@ondatek.it,,3933461471570,3933461471570,,,,,,Italia,,,,,,,,,,,,,,,,,,,,GUEST,FREE,,0,18/06/2026,FREDDO,,
SIC01547,1547,PERSONA,81LEAD|ContattiMirco|EmailMirco,Carlo,Cester,,,,,IT,,,,,,,,,carlo@ideadesignfactory.com,,3934517163220,3934517163220,,,,,,Italia,,,,,,,,,,,,,,,,,,,,GUEST,FREE,,0,18/06/2026,FREDDO,,
SIC01548,1548,PERSONA,81LEAD|ContattiMirco|EmailMirco,Tiziano,Cetarini,,,,,IT,,,,,,,,,tiziano.cetarini@gmail.com,,3934879449340,3934879449340,,,,,,Italia,,,,,,,,,,,,,,,,,,,,GUEST,FREE,,0,18/06/2026,FREDDO,,
SIC01549,1549,PERSONA,81LEAD|ContattiMirco|Labotecnic1|Labotecnic2,Gadir,Cg,,,,,IT,,,,,,,,,gadir.cg@gmail.com,,,,,,,,,Italia,,,,,,,,,,,,,,,,,,,,GUEST,FREE,,0,18/06/2026,FREDDO,,
SIC01550,1550,PERSONA,81LEAD|ContattiMirco|Labotecnic1|Labotecnic2,Cappellato,Chiara,,,,,IT,,,,,,,,,cappellato.chiara@libero.it,,3934831417450,3934831417450,,,,,,Italia,,,,,,,,,,,,,,,,,,,,GUEST,FREE,,0,18/06/2026,FREDDO,,
SIC01551,1551,PERSONA,81LEAD|ContattiMirco|EmailMirco|Labotecnic1|Labotecnic2,Fabio,Chignoli,,,,,IT,,,,,,,,,fabio.chignoli@cesi.it,,39339718255800,39339718255800,,,,,,Italia,,,,,,,,,,,,,,,,,,,,GUEST,FREE,,0,18/06/2026,FREDDO,,
SIC01552,1552,PERSONA,81LEAD|ContattiMirco|EmailMirco|Labotecnic1|Labotecnic2,Piero,Chinello,,,,,IT,,,,,,,,,piero.chinello@gmail.com,,3934941401930,3934941401930,,,,,,Italia,,,,,,,,,,,,,,,,,,,,GUEST,FREE,,0,18/06/2026,FREDDO,,
SIC01553,1553,PERSONA,81LEAD|ContattiMirco|EmailMirco,Mattia,Chiodoro,,,,,IT,,,,,,,,,mattia.boscolo@hotmail.it,,3934669195690,3934669195690,,,,,,Italia,,,,,,,,,,,,,,,,,,,,GUEST,FREE,,0,18/06/2026,FREDDO,,
SIC01554,1554,PERSONA,81LEAD|ContattiMirco|EmailMirco|Labotecnic1|Labotecnic2,Framar,Chioggia,,,,,IT,,,,,,,,,framar.chioggia@gmail.com,,,,,,,,,Italia,,,,,,,,,,,,,,,,,,,,GUEST,FREE,,0,18/06/2026,FREDDO,,
SIC01555,1555,PERSONA,81LEAD|ContattiMirco|EmailMirco|Labotecnic1|Labotecnic2,Raffaella,Chioggiotta,,,,,IT,,,,,,,,,raffa.unmondo@gmail.com,,3933873008180,3933873008180,,,,,,Italia,,,,,,,,,,,,,,,,,,,,GUEST,FREE,,0,18/06/2026,FREDDO,,
SIC01556,1556,PERSONA,81LEAD|ContattiMirco|EmailMirco,Franco,Chirco,,,,,IT,,,,,,,,,franco.chirco@imci-group.com,,,,,,,,,Italia,,,,,,,,,,,,,,,,,,,,GUEST,FREE,,0,18/06/2026,FREDDO,,
SIC01557,1557,PERSONA,81LEAD|ContattiMirco|EmailMirco|Labotecnic1|Labotecnic2,F,Cicatiello,,,,,IT,,,,,,,,,f.cicatiello@rfi.it,,,,,,,,,Italia,,,,,,,,,,,,,,,,,,,,GUEST,FREE,,0,18/06/2026,FREDDO,,
SIC01558,1558,PERSONA,81LEAD|ContattiMirco|EmailMirco,Fatpalma,Cicciona,,,,,IT,,,,,,,,,fatpalma@gmail.com,,3934964094280,3934964094280,,,,,,Italia,,,,,,,,,,,,,,,,,,,,GUEST,FREE,,0,18/06/2026,FREDDO,,
SIC01559,1559,PERSONA,81LEAD|ContattiMirco|EmailMirco|Labotecnic1|Labotecnic2,Marghy,Cinque,,,,,IT,,,,,,,,,marghy.cinque@tiscali.it,,3934795719410,3934795719410,,,,,,Italia,,,,,,,,,,,,,,,,,,,,GUEST,FREE,,0,18/06/2026,FREDDO,,
SIC01560,1560,PERSONA,ContattiMirco|EmailMirco|Labotecnic1|Labotecnic2,Batt89,Ciordo,,,,,IT,,,,,,,,,batt89@libero.it,,3934067849020,3934067849020,,,,,,Italia,,,,,,,,,,,,,,,,,,,,GUEST,FREE,,0,18/06/2026,FREDDO,,
SIC01561,1561,PERSONA,81LEAD|ContattiMirco|EmailMirco|Labotecnic1|Labotecnic2,Loredana,Ciotti,,,,,IT,,,,,,,,,loredana.ciotti@gmail.com,,,,,,,,,Italia,,,,,,,,,,,,,,,,,,,,GUEST,FREE,,0,18/06/2026,FREDDO,,
SIC01562,1562,PERSONA,81LEAD|ContattiMirco|EmailMirco|Labotecnic1|Labotecnic2,Manuel,Cipriotto,,,,,IT,,,,,,,,,manuel.cipriotto@gmail.com,,,,,,,,,Italia,,,,,,,,,,,,,,,,,,,,GUEST,FREE,,0,18/06/2026,FREDDO,,
SIC01563,1563,PERSONA,81LEAD|ContattiMirco|EmailMirco|Labotecnic1|Labotecnic2,Correggio,Circondaria,,,,,IT,,,,,,,,,correggio.circondaria@gigroup.com,,,,,,,,,Italia,,,,,,,,,,,,,,,,,,,,GUEST,FREE,,0,18/06/2026,FREDDO,,
SIC01564,1564,PERSONA,81LEAD|ContattiMirco|EmailMirco|Labotecnic1|Labotecnic2,Rocco,Cita,,,,,IT,,,,,,,,,rocco@lodise.net,,3934036186070,3934036186070,,,,,,Italia,,,,,,,,,,,,,,,,,,,,GUEST,FREE,,0,18/06/2026,FREDDO,,
SIC01565,1565,PERSONA,81LEAD|ContattiMirco|Labotecnic1|Labotecnic2,Fiorella,Civardi,,,,,IT,,,,,,,,,fiorella.civardi@studiocivardi.com,,,,,,,,,Italia,,,,,,,,,,,,,,,,,,,,GUEST,FREE,,0,18/06/2026,FREDDO,,
SIC01566,1566,PERSONA,81LEAD|ContattiMirco|EmailMirco|Labotecnic1|Labotecnic2,Iaco,Cla,,,,,IT,,,,,,,,,iaco.cla@libero.it,,,,,,,,,Italia,,,,,,,,,,,,,,,,,,,,GUEST,FREE,,0,18/06/2026,FREDDO,,
SIC01567,1567,PERSONA,81LEAD|ContattiMirco|EmailMirco|Labotecnic1|Labotecnic2,Lodo,Claudia,,,,,IT,,,,,,,,,lodo.claudia@gmail.com,,,,,,,,,Italia,,,,,,,,,,,,,,,,,,,,GUEST,FREE,,0,18/06/2026,FREDDO,,
SIC01568,1568,PERSONA,81LEAD|ContattiMirco|EmailMirco|Labotecnic1|Labotecnic2,La,Clessidra,,,,,IT,,,,,,,,,la.clessidra@live.it,,,,,,,,,Italia,,,,,,,,,,,,,,,,,,,,GUEST,FREE,,0,18/06/2026,FREDDO,,
SIC01569,1569,PERSONA,81LEAD|EmailMirco,Complementi,Climatici,,,,,IT,,,,,,,,,servizioclienti@complementiclimatici.it,,3934647036100,3934647036100,,,,,,Italia,,,,,,,,,,,,,,,,,,,,GUEST,FREE,,0,18/06/2026,FREDDO,,
SIC01570,1570,PERSONA,81LEAD|ContattiMirco|EmailMirco,Piano,Club 21,,,,,IT,,,,,,,,,piano.club.21@gmail.com,,,,,,,,,Italia,,,,,,,,,,,,,,,,,,,,GUEST,FREE,,0,18/06/2026,FREDDO,,
SIC01571,1571,PERSONA,81LEAD|ContattiMirco,Pianob,Club 21,,,,,IT,,,,,,,,,pianob.club.21@gmail.com,,,,,,,,,Italia,,,,,,,,,,,,,,,,,,,,GUEST,FREE,,0,18/06/2026,FREDDO,,
SIC01572,1572,PERSONA,81LEAD|ContattiMirco|EmailMirco|Labotecnic1|Labotecnic2,Ing,Cmilan,,,,,IT,,,,,,,,,ing.cmilan@libero.it,,,,,,,,,Italia,,,,,,,,,,,,,,,,,,,,GUEST,FREE,,0,18/06/2026,FREDDO,,
SIC01573,1573,PERSONA,81LEAD|ContattiMirco|EmailMirco,Notaio,Cocito,,,,,IT,,,,,,,,,gcocito@notariato.it,,390426222820,390426222820,,,,,,Italia,,,,,,,,,,,,,,,,,,,,GUEST,FREE,,0,18/06/2026,FREDDO,,
SIC01574,1574,PERSONA,81LEAD|ContattiMirco|EmailMirco,NIO,Cocktails,,,,,IT,,,,,,,,,shop@nio-cocktails.com,,3934576812620,3934576812620,,,,,,Italia,,,,,,,,,,,,,,,,,,,,GUEST,FREE,,0,18/06/2026,FREDDO,,
SIC01575,1575,PERSONA,81LEAD|ContattiMirco|EmailMirco|Labotecnic1|Labotecnic2,Dario,Codemo,,,,,IT,,,,,,,,,dario.codemo@gmail.com,,3938996974570,3938996974570,,,,,,Italia,,,,,,,,,,,,,,,,,,,,GUEST,FREE,,0,18/06/2026,FREDDO,,
SIC01576,1576,PERSONA,81LEAD|ContattiMirco|Labotecnic1|Labotecnic2,Mirko,Cogo,,,,,IT,,,,,,,,,mirko.cogo@virgilio.it,,3932924096840,3932924096840,,,,,,Italia,,,,,,,,,,,,,,,,,,,,GUEST,FREE,,0,18/06/2026,FREDDO,,
SIC01577,1577,PERSONA,81LEAD|ContattiMirco|EmailMirco|Labotecnic1|Labotecnic2,Serena,Coiffure,,,,,IT,,,,,,,,,serena.coiffure@gmail.com,,3934942361750,3934942361750,,,,,,Italia,,,,,,,,,,,,,,,,,,,,GUEST,FREE,,0,18/06/2026,FREDDO,,
SIC01578,1578,PERSONA,81LEAD|ContattiMirco|EmailMirco,Micaela,Colleoni82,,,,,IT,,,,,,,,,micaela.colleoni82@gmail.com,,39340971407800,39340971407800,,,,,,Italia,,,,,,,,,,,,,,,,,,,,GUEST,FREE,,0,18/06/2026,FREDDO,,
SIC01579,1579,PERSONA,81LEAD|ContattiMirco|EmailMirco|Labotecnic1|Labotecnic2,Geom,Colombo,,,,,IT,,,,,,,,,geom.colombo@alice.it,,,,,,,,,Italia,,,,,,,,,,,,,,,,,,,,GUEST,FREE,,0,18/06/2026,FREDDO,,
SIC01580,1580,PERSONA,81LEAD|ContattiMirco|EmailMirco|Labotecnic1|Labotecnic2,Paolo,Colombo,,,,,IT,,,,,,,,,paolo.colombo@la7.it,,3933512310600,3933512310600,,,,,,Italia,,,,,,,,,,,,,,,,,,,,GUEST,FREE,,0,18/06/2026,FREDDO,,
SIC01581,1581,PERSONA,81LEAD|ContattiMirco|EmailMirco|Labotecnic1|Labotecnic2,Daniele,Colombo243,,,,,IT,,,,,,,,,daniele.colombo243@gmail.com,,3934785354000,3934785354000,,,,,,Italia,,,,,,,,,,,,,,,,,,,,GUEST,FREE,,0,18/06/2026,FREDDO,,
SIC01582,1582,PERSONA,81LEAD|EmailMirco,Ver.,Color Parati,,,,,IT,,,,,,,,,vercolorsrl@gmail.com,,390678101500,390678101500,,,,,,Italia,,,,,,,,,,,,,,,,,,,,GUEST,FREE,,0,18/06/2026,FREDDO,,
SIC01583,1583,PERSONA,81LEAD|EmailMirco,Fassari,ColorHome,,,,,IT,,,,,,,,,info@fassari.com,,390954952380,390954952380,,,,,,Italia,,,,,,,,,,,,,,,,,,,,GUEST,FREE,,0,18/06/2026,FREDDO,,
SIC01584,1584,PERSONA,81LEAD|ContattiMirco|EmailMirco|Labotecnic1|Labotecnic2,Matteo,Com,,,,,IT,,,,,,,,,matteo.com@live.com,,3934721208430,3934721208430,,,,,,Italia,,,,,,,,,,,,,,,,,,,,GUEST,FREE,,0,18/06/2026,FREDDO,,
SIC01585,1585,PERSONA,ContattiMirco|EmailMirco|Labotecnic1|Labotecnic2,Claudio,Comaron,,,,,IT,,,,,,,,,claudio.comaron@unipd.it,,3932874457920,3932874457920,,,,,,Italia,,,,,,,,,,,,,,,,,,,,GUEST,FREE,,0,18/06/2026,FREDDO,,
SIC01586,1586,PERSONA,81LEAD|ContattiMirco|EmailMirco|Labotecnic1|Labotecnic2,Maira,Comin75,,,,,IT,,,,,,,,,maira.comin75@gmail.com,,,,,,,,,Italia,,,,,,,,,,,,,,,,,,,,GUEST,FREE,,0,18/06/2026,FREDDO,,
SIC01587,1587,PERSONA,81LEAD|ContattiMirco|EmailMirco|Labotecnic1|Labotecnic2,Dav,Con,,,,,IT,,,,,,,,,dav.con@libero.it,,3934981269380,3934981269380,,,,,,Italia,,,,,,,,,,,,,,,,,,,,GUEST,FREE,,0,18/06/2026,FREDDO,,
SIC01588,1588,PERSONA,81LEAD|ContattiMirco|EmailMirco,Ing,Concetti,,,,,IT,,,,,,,,,ing.concetti@gmail.com,,3934878384730,3934878384730,,,,,,Italia,,,,,,,,,,,,,,,,,,,,GUEST,FREE,,0,18/06/2026,FREDDO,,
SIC01589,1589,PERSONA,81LEAD|ContattiMirco|EmailMirco|Labotecnic1|Labotecnic2,Nives,Conf,,,,,IT,,,,,,,,,nives.conf@libero.it,,,,,,,,,Italia,,,,,,,,,,,,,,,,,,,,GUEST,FREE,,0,18/06/2026,FREDDO,,
SIC01590,1590,PERSONA,81LEAD|ContattiMirco|EmailMirco|Labotecnic1|Labotecnic2,Zerbini,Cons Adige Euganeo,,,,,IT,,,,,,,,,leonardo.zerbini@adigeuganeo.it,,3934828882720,3934828882720,,,,,,Italia,,,,,,,,,,,,,,,,,,,,GUEST,FREE,,0,18/06/2026,FREDDO,,
SIC01591,1591,PERSONA,81LEAD|ContattiMirco|EmailMirco|Labotecnic1|Labotecnic2,Daniel,Conselvan,,,,,IT,,,,,,,,,conselvandaniel@gmail.com,,3934685500010,3934685500010,,,,,,Italia,,,,,,,,,,,,,,,,,,,,GUEST,FREE,,0,18/06/2026,FREDDO,,
SIC01592,1592,PERSONA,81LEAD|ContattiMirco|EmailMirco|Labotecnic1|Labotecnic2,Calcestruzzi,Contabilità,,,,,IT,,,,,,,,,contabilita.fornitori@calcestruzzi.it,,347685283100,347685283100,,,,,,Italia,,,,,,,,,,,,,,,,,,,,GUEST,FREE,,0,18/06/2026,FREDDO,,
SIC01593,1593,PERSONA,81LEAD|ContattiMirco|EmailMirco,Edil,Contract,,,,,IT,,,,,,,,,edilcontract@yahoo.com,,,,,,,,,Italia,,,,,,,,,,,,,,,,,,,,GUEST,FREE,,0,18/06/2026,FREDDO,,
SIC01594,1594,PERSONA,81LEAD|ContattiMirco|Labotecnic1|Labotecnic2,Nadia,Coratti,,,,,IT,,,,,,,,,nadia.coratti@libero.it,,3934809960700,3934809960700,,,,,,Italia,,,,,,,,,,,,,,,,,,,,GUEST,FREE,,0,18/06/2026,FREDDO,,
SIC01595,1595,PERSONA,81LEAD|ContattiMirco|EmailMirco|Labotecnic1|Labotecnic2,Annacorbetta,Corbetta,,,,,IT,,,,,,,,,annacorbetta@virgilio.it,,3933552493940,3933552493940,,,,,,Italia,,,,,,,,,,,,,,,,,,,,GUEST,FREE,,0,18/06/2026,FREDDO,,
SIC01596,1596,PERSONA,81LEAD|EmailMirco,Edil,Corer,,,,,IT,,,,,,,,,info@corersrl.it,,3933969148960,3933969148960,,,,,,Italia,,,,,,,,,,,,,,,,,,,,GUEST,FREE,,0,18/06/2026,FREDDO,,
SIC01597,1597,PERSONA,81LEAD|ContattiMirco|EmailMirco,G,Costa,,,,,IT,,,,,,,,,g.costa@tecnobitmail.com,,328287986000,328287986000,,,,,,Italia,,,,,,,,,,,,,,,,,,,,GUEST,FREE,,0,18/06/2026,FREDDO,,
SIC01598,1598,PERSONA,81LEAD|ContattiMirco|EmailMirco|Labotecnic1|Labotecnic2,Silvia,Crepaldi,,,,,IT,,,,,,,,,silvia@centrodicalcolo.it,,3932078722340,3932078722340,,,,,,Italia,,,,,,,,,,,,,,,,,,,,GUEST,FREE,,0,18/06/2026,FREDDO,,
SIC01599,1599,PERSONA,81LEAD|ContattiMirco|EmailMirco|Labotecnic1|Labotecnic2,Stefano,Crescenzo,,,,,IT,,,,,,,,,stefano.crescenzo@gmail.com,,3934717350850,3934717350850,,,,,,Italia,,,,,,,,,,,,,,,,,,,,GUEST,FREE,,0,18/06/2026,FREDDO,,
SIC01600,1600,PERSONA,81LEAD|ContattiMirco|EmailMirco|Labotecnic1|Labotecnic2,Mantovan,Cristian,,,,,IT,,,,,,,,,chrismaitai1981@gmail.com,,3934083102420,3934083102420,,,,,,Italia,,,,,,,,,,,,,,,,,,,,GUEST,FREE,,0,18/06/2026,FREDDO,,
SIC01601,1601,PERSONA,81LEAD|ContattiMirco|EmailMirco|Labotecnic1|Labotecnic2,Dirosariocristina,Cristina,,,,,IT,,,,,,,,,dirosariocristina@gmail.com,,,,,,,,,Italia,,,,,,,,,,,,,,,,,,,,GUEST,FREE,,0,18/06/2026,FREDDO,,
SIC01602,1602,PERSONA,81LEAD|ContattiMirco|EmailMirco|Labotecnic1|Labotecnic2,Giacomelli,Cristina,,,,,IT,,,,,,,,,giacomelli.cristina@tiscali.it,,,,,,,,,Italia,,,,,,,,,,,,,,,,,,,,GUEST,FREE,,0,18/06/2026,FREDDO,,
SIC01603,1603,PERSONA,81LEAD|ContattiMirco|EmailMirco|Labotecnic1|Labotecnic2,Lazzarin,Cristina,,,,,IT,,,,,,,,,lazzarincri@libero.it,,,,,,,,,Italia,,,,,,,,,,,,,,,,,,,,GUEST,FREE,,0,18/06/2026,FREDDO,,
SIC01604,1604,PERSONA,81LEAD|ContattiMirco|EmailMirco|Labotecnic1|Labotecnic2,Commercio,Crivellari,,,,,IT,,,,,,,,,commercio.crivellari@virgilio.it,,,,,,,,,Italia,,,,,,,,,,,,,,,,,,,,GUEST,FREE,,0,18/06/2026,FREDDO,,
SIC01605,1605,PERSONA,81LEAD|ContattiMirco|EmailMirco|Labotecnic1|Labotecnic2,Mariachiara,Crivellari,,,,,IT,,,,,,,,,mariachiara.crivellari@gmail.com,,,,,,,,,Italia,,,,,,,,,,,,,,,,,,,,GUEST,FREE,,0,18/06/2026,FREDDO,,
SIC01606,1606,PERSONA,81LEAD|ContattiMirco|EmailMirco,Bof,Crivellaro,,,,,IT,,,,,,,,,bof@dolomyte.eu,,3932830966000,3932830966000,,,,,,Italia,,,,,,,,,,,,,,,,,,,,GUEST,FREE,,0,18/06/2026,FREDDO,,
SIC01607,1607,PERSONA,81LEAD|ContattiMirco|EmailMirco|Labotecnic1|Labotecnic2,Geopla,Cutuli,,,,,IT,,,,,,,,,geopla@libero.it,,3933570359510,3933570359510,,,,,,Italia,,,,,,,,,,,,,,,,,,,,GUEST,FREE,,0,18/06/2026,FREDDO,,
SIC01608,1608,PERSONA,81LEAD|ContattiMirco|EmailMirco|Labotecnic1|Labotecnic2,Chieregato,D,,,,,IT,,,,,,,,,chieregato.d@libero.it,,,,,,,,,Italia,,,,,,,,,,,,,,,,,,,,GUEST,FREE,,0,18/06/2026,FREDDO,,
SIC01609,1609,PERSONA,81LEAD|EmailMirco,Giovanni,D'Andrea,,,,,IT,,,,,,,,,dandreagiovanni1989@virgilio.it,,3934038735670,3934038735670,,,,,,Italia,,,,,,,,,,,,,,,,,,,,GUEST,FREE,,0,18/06/2026,FREDDO,,
SIC01610,1610,PERSONA,81LEAD|ContattiMirco|EmailMirco|Labotecnic1|Labotecnic2,Raffaelladambra,D'ambra,,,,,IT,,,,,,,,,raffaelladambra@live.it,,3933873008180,3933873008180,,,,,,Italia,,,,,,,,,,,,,,,,,,,,GUEST,FREE,,0,18/06/2026,FREDDO,,
SIC01611,1611,PERSONA,81LEAD|ContattiMirco|EmailMirco|Labotecnic1|Labotecnic2,Michelangelo,D'andrea,,,,,IT,,,,,,,,,arkimiki76@gmail.com,,,,,,,,,Italia,,,,,,,,,,,,,,,,,,,,GUEST,FREE,,0,18/06/2026,FREDDO,,
SIC01612,1612,PERSONA,81LEAD|ContattiMirco|EmailMirco,Annadauria,D'auria,,,,,IT,,,,,,,,,annadauria@libero.it,,,,,,,,,Italia,,,,,,,,,,,,,,,,,,,,GUEST,FREE,,0,18/06/2026,FREDDO,,
SIC01613,1613,PERSONA,81LEAD|ContattiMirco|EmailMirco,Giacomo.,DOMA Doná,,,,,IT,,,,,,,,,giacomo@agentidoma.it,,3939381181560,3939381181560,,,,,,Italia,,,,,,,,,,,,,,,,,,,,GUEST,FREE,,0,18/06/2026,FREDDO,,
SIC01614,1614,PERSONA,81LEAD|ContattiMirco|EmailMirco|Labotecnic1|Labotecnic2,Giorgio,Dagostini,,,,,IT,,,,,,,,,giorgio.dagostini@elitestate.it,,3934907817290,3934907817290,,,,,,Italia,,,,,,,,,,,,,,,,,,,,GUEST,FREE,,0,18/06/2026,FREDDO,,
SIC01615,1615,PERSONA,81LEAD|ContattiMirco|EmailMirco|Labotecnic1|Labotecnic2,Fabio,Dalconi,,,,,IT,,,,,,,,,fabio.dalconi@libero.it,,3933564637930,3933564637930,,,,,,Italia,,,,,,,,,,,,,,,,,,,,GUEST,FREE,,0,18/06/2026,FREDDO,,
SIC01616,1616,PERSONA,81LEAD|ContattiMirco|EmailMirco|Labotecnic1|Labotecnic2,Stefano,Dallanora,,,,,IT,,,,,,,,,stefano.dallanora@riwega.com,,3933393449940,3933393449940,,,,,,Italia,,,,,,,,,,,,,,,,,,,,GUEST,FREE,,0,18/06/2026,FREDDO,,
SIC01617,1617,PERSONA,81LEAD|ContattiMirco|EmailMirco|Labotecnic1|Labotecnic2,Emmanuele,Dalloco,,,,,IT,,,,,,,,,emmanuele.dalloco@gmail.com,,,,,,,,,Italia,,,,,,,,,,,,,,,,,,,,GUEST,FREE,,0,18/06/2026,FREDDO,,
SIC01618,1618,PERSONA,81LEAD|ContattiMirco|EmailMirco|Labotecnic1|Labotecnic2,Sabrina,Dalmaso,,,,,IT,,,,,,,,,sabrina.dalmaso@gmail.com,,393352767690,393352767690,,,,,,Italia,,,,,,,,,,,,,,,,,,,,GUEST,FREE,,0,18/06/2026,FREDDO,,
SIC01619,1619,PERSONA,81LEAD|ContattiMirco|EmailMirco,Francesco,Dalpiaz,,,,,IT,,,,,,,,,francesco.dalpiaz@gmail.com,,3934744832150,3934744832150,,,,,,Italia,,,,,,,,,,,,,,,,,,,,GUEST,FREE,,0,18/06/2026,FREDDO,,
SIC01620,1620,PERSONA,81LEAD|Labotecnic1|Labotecnic2,Lorena,Dalpoz,,,,,IT,,,,,,,,,lorena.dalpoz@regione.veneto.it,,,,,,,,,Italia,,,,,,,,,,,,,,,,,,,,GUEST,FREE,,0,18/06/2026,FREDDO,,
SIC01621,1621,PERSONA,81LEAD|ContattiMirco|EmailMirco|Labotecnic1|Labotecnic2,Luca,Dambrosio2,,,,,IT,,,,,,,,,luca.dambrosio2@libero.it,,,,,,,,,Italia,,,,,,,,,,,,,,,,,,,,GUEST,FREE,,0,18/06/2026,FREDDO,,
SIC01622,1622,PERSONA,81LEAD|ContattiMirco|EmailMirco|Labotecnic1|Labotecnic2,Laura,Danda60,,,,,IT,,,,,,,,,laura.danda60@gmail.com,,3937013307720,3937013307720,,,,,,Italia,,,,,,,,,,,,,,,,,,,,GUEST,FREE,,0,18/06/2026,FREDDO,,
SIC01623,1623,PERSONA,81LEAD|ContattiMirco|EmailMirco|Labotecnic1|Labotecnic2,Martinello,Dani,,,,,IT,,,,,,,,,martinello.dani@gmail.com,,,,,,,,,Italia,,,,,,,,,,,,,,,,,,,,GUEST,FREE,,0,18/06/2026,FREDDO,,
SIC01624,1624,PERSONA,81LEAD|ContattiMirco|EmailMirco|Labotecnic1|Labotecnic2,Martinello,Dani22,,,,,IT,,,,,,,,,martinello.dani22@gmail.com,,3939333200920,3939333200920,,,,,,Italia,,,,,,,,,,,,,,,,,,,,GUEST,FREE,,0,18/06/2026,FREDDO,,
SIC01625,1625,PERSONA,81LEAD|ContattiMirco|EmailMirco|Labotecnic1|Labotecnic2,Battistini,Dario,,,,,IT,,,,,,,,,battistini.dario@libero.it,,,,,,,,,Italia,,,,,,,,,,,,,,,,,,,,GUEST,FREE,,0,18/06/2026,FREDDO,,
SIC01626,1626,PERSONA,81LEAD|ContattiMirco|EmailMirco,Busatto,Dario,,,,,IT,,,,,,,,,dittabusatto@libero.it,,347393074700,347393074700,,,,,,Italia,,,,,,,,,,,,,,,,,,,,GUEST,FREE,,0,18/06/2026,FREDDO,,
SIC01627,1627,PERSONA,81LEAD|ContattiMirco|EmailMirco|Labotecnic1|Labotecnic2,Sugo,Dario,,,,,IT,,,,,,,,,sugo.dario@libero.it,,3939391987860,3939391987860,,,,,,Italia,,,,,,,,,,,,,,,,,,,,GUEST,FREE,,0,18/06/2026,FREDDO,,
SIC01628,1628,PERSONA,81LEAD|ContattiMirco,Cs,Davide,,,,,IT,,,,,,,,,cs.davide@hotmail.it,,3934080726000,3934080726000,,,,,,Italia,,,,,,,,,,,,,,,,,,,,GUEST,FREE,,0,18/06/2026,FREDDO,,
SIC01629,1629,PERSONA,81LEAD|ContattiMirco|Labotecnic1|Labotecnic2,Fioretto,Davide,,,,,IT,,,,,,,,,fioretto.davide@libero.it,,,,,,,,,Italia,,,,,,,,,,,,,,,,,,,,GUEST,FREE,,0,18/06/2026,FREDDO,,
SIC01630,1630,PERSONA,81LEAD|EmailMirco,BigMat,De Filippi Vincenzo,,,,,IT,,,,,,,,,defilippi@bigmat.it,,390923249820,390923249820,,,,,,Italia,,,,,,,,,,,,,,,,,,,,GUEST,FREE,,0,18/06/2026,FREDDO,,
SIC01631,1631,PERSONA,81LEAD|ContattiMirco|EmailMirco|Labotecnic1|Labotecnic2,Dedonnomdm,De donno,,,,,IT,,,,,,,,,dedonnomdm@gmail.com,,,,,,,,,Italia,,,,,,,,,,,,,,,,,,,,GUEST,FREE,,0,18/06/2026,FREDDO,,
SIC01632,1632,PERSONA,81LEAD|ContattiMirco|EmailMirco|Labotecnic1|Labotecnic2,Matteo,Debattisti,,,,,IT,,,,,,,,,matteo.debattisti@gmail.com,,39346524768000,39346524768000,,,,,,Italia,,,,,,,,,,,,,,,,,,,,GUEST,FREE,,0,18/06/2026,FREDDO,,
SIC01633,1633,PERSONA,81LEAD|EmailMirco,Del,Debbio,,,,,IT,,,,,,,,,m.spadoni@deldebbio.it,,390583958510,390583958510,,,,,,Italia,,,,,,,,,,,,,,,,,,,,GUEST,FREE,,0,18/06/2026,FREDDO,,
SIC01634,1634,PERSONA,81LEAD|ContattiMirco|EmailMirco,M,Debei,,,,,IT,,,,,,,,,m.debei@intermediassicura.it,,,,,,,,,Italia,,,,,,,,,,,,,,,,,,,,GUEST,FREE,,0,18/06/2026,FREDDO,,
SIC01635,1635,PERSONA,81LEAD|ContattiMirco|EmailMirco|Labotecnic1|Labotecnic2,Giorgio,Decastello,,,,,IT,,,,,,,,,giorgio.decastello@haritalia.com,,3934882140930,3934882140930,,,,,,Italia,,,,,,,,,,,,,,,,,,,,GUEST,FREE,,0,18/06/2026,FREDDO,,
SIC01636,1636,PERSONA,81LEAD|ContattiMirco|EmailMirco|Labotecnic1|Labotecnic2,Stefano,Decina,,,,,IT,,,,,,,,,info@fedelambiente.it,,,,,,,,,Italia,,,,,,,,,,,,,,,,,,,,GUEST,FREE,,0,18/06/2026,FREDDO,,
SIC01637,1637,PERSONA,81LEAD|EmailMirco,Le,Decorazioni - Prati,,,,,IT,,,,,,,,,monicaborghese@ledecorazioni.com,,3906606683950,3906606683950,,,,,,Italia,,,,,,,,,,,,,,,,,,,,GUEST,FREE,,0,18/06/2026,FREDDO,,
SIC01638,1638,PERSONA,81LEAD|ContattiMirco|EmailMirco|Labotecnic1|Labotecnic2,Michi,Deirossi,,,,,IT,,,,,,,,,michi.deirossi@tin.it,,,,,,,,,Italia,,,,,,,,,,,,,,,,,,,,GUEST,FREE,,0,18/06/2026,FREDDO,,
SIC01639,1639,PERSONA,81LEAD|EmailMirco,Edilcassa,Del Lazio,,,,,IT,,,,,,,,,info@edilcassadellazio.it,,390658807730,390658807730,,,,,,Italia,,,,,,,,,,,,,,,,,,,,GUEST,FREE,,0,18/06/2026,FREDDO,,
SIC01640,1640,PERSONA,81LEAD|ContattiMirco|EmailMirco,ACCA,Del Polito,,,,,IT,,,,,,,,,luigi.delpolito@acca.it,,,,,,,,,Italia,,,,,,,,,,,,,,,,,,,,GUEST,FREE,,0,18/06/2026,FREDDO,,
SIC01641,1641,PERSONA,81LEAD|ContattiMirco|EmailMirco,L'arte,Del mestiere,,,,,IT,,,,,,,,,info@impresafavara.it,,3934082378030,3934082378030,,,,,,Italia,,,,,,,,,,,,,,,,,,,,GUEST,FREE,,0,18/06/2026,FREDDO,,
SIC01642,1642,PERSONA,81LEAD|ContattiMirco|EmailMirco|Labotecnic1|Labotecnic2,Gioehein,Dell'erba,,,,,IT,,,,,,,,,gioehein@libero.it,,,,,,,,,Italia,,,,,,,,,,,,,,,,,,,,GUEST,FREE,,0,18/06/2026,FREDDO,,
SIC01643,1643,PERSONA,81LEAD|ContattiMirco|EmailMirco|Labotecnic1|Labotecnic2,Magda,Dellai,,,,,IT,,,,,,,,,magda.dellai@hymson.eu,,,,,,,,,Italia,,,,,,,,,,,,,,,,,,,,GUEST,FREE,,0,18/06/2026,FREDDO,,
SIC01644,1644,PERSONA,81LEAD|ContattiMirco|EmailMirco|Labotecnic1|Labotecnic2,Anna,Delprete1980,,,,,IT,,,,,,,,,anna.delprete1980@gmail.com,,,,,,,,,Italia,,,,,,,,,,,,,,,,,,,,GUEST,FREE,,0,18/06/2026,FREDDO,,
SIC01645,1645,PERSONA,81LEAD|ContattiMirco|Labotecnic1|Labotecnic2,Carta,Delta,,,,,IT,,,,,,,,,cartadelta@libero.it,,3934029744290,3934029744290,,,,,,Italia,,,,,,,,,,,,,,,,,,,,GUEST,FREE,,0,18/06/2026,FREDDO,,
SIC01646,1646,PERSONA,81LEAD|ContattiMirco|EmailMirco|Labotecnic1|Labotecnic2,Gerardina,Delvecchio,,,,,IT,,,,,,,,,gerardina.delvecchio@gmail.com,,,,,,,,,Italia,,,,,,,,,,,,,,,,,,,,GUEST,FREE,,0,18/06/2026,FREDDO,,
SIC01647,1647,PERSONA,81LEAD|ContattiMirco|EmailMirco|Labotecnic1|Labotecnic2,Mancin,Dem,,,,,IT,,,,,,,,,mancin.dem@gmail.com,,,,,,,,,Italia,,,,,,,,,,,,,,,,,,,,GUEST,FREE,,0,18/06/2026,FREDDO,,
SIC01648,1648,PERSONA,81LEAD|ContattiMirco|Labotecnic1|Labotecnic2,Marangon,Denis,,,,,IT,,,,,,,,,marangon.denis@alice.it,,,,,,,,,Italia,,,,,,,,,,,,,,,,,,,,GUEST,FREE,,0,18/06/2026,FREDDO,,
SIC01649,1649,PERSONA,81LEAD|ContattiMirco|Labotecnic1|Labotecnic2,Marangon,Denis,,,,,IT,,,,,,,,,marangon.denis@libero.it,,,,,,,,,Italia,,,,,,,,,,,,,,,,,,,,GUEST,FREE,,0,18/06/2026,FREDDO,,
SIC01650,1650,PERSONA,81LEAD|ContattiMirco|Labotecnic1|Labotecnic2,Andrea,Depaolipd,,,,,IT,,,,,,,,,andrea.depaolipd@libero.it,,3934860677700,3934860677700,,,,,,Italia,,,,,,,,,,,,,,,,,,,,GUEST,FREE,,0,18/06/2026,FREDDO,,
SIC01651,1651,PERSONA,81LEAD|ContattiMirco|EmailMirco|Labotecnic1|Labotecnic2,M,Depietri,,,,,IT,,,,,,,,,m.depietri@mos80.it,,,,,,,,,Italia,,,,,,,,,,,,,,,,,,,,GUEST,FREE,,0,18/06/2026,FREDDO,,
SIC01652,1652,PERSONA,81LEAD|ContattiMirco|EmailMirco|Labotecnic1|Labotecnic2,Maurizio,Derosa,,,,,IT,,,,,,,,,maurizio.derosa@outlook.it,,,,,,,,,Italia,,,,,,,,,,,,,,,,,,,,GUEST,FREE,,0,18/06/2026,FREDDO,,
SIC01653,1653,PERSONA,81LEAD|ContattiMirco|EmailMirco,Edil,Dervishi gentjan,,,,,IT,,,,,,,,,dervishigentjan@yahoo.it,,3932055031070,3932055031070,,,,,,Italia,,,,,,,,,,,,,,,,,,,,GUEST,FREE,,0,18/06/2026,FREDDO,,
SIC01654,1654,PERSONA,81LEAD|ContattiMirco|EmailMirco,Rita,Des57,,,,,IT,,,,,,,,,rita.des57@gmail.com,,3928801200,3928801200,,,,,,Italia,,,,,,,,,,,,,,,,,,,,GUEST,FREE,,0,18/06/2026,FREDDO,,
SIC01655,1655,PERSONA,81LEAD|ContattiMirco|EmailMirco|Labotecnic1|Labotecnic2,Geom,Destro,,,,,IT,,,,,,,,,geom.destro@alice.it,,,,,,,,,Italia,,,,,,,,,,,,,,,,,,,,GUEST,FREE,,0,18/06/2026,FREDDO,,
SIC01656,1656,PERSONA,81LEAD|ContattiMirco|EmailMirco|Labotecnic1|Labotecnic2,Geometra,Devivo,,,,,IT,,,,,,,,,geometra.devivo@gmail.com,,,,,,,,,Italia,,,,,,,,,,,,,,,,,,,,GUEST,FREE,,0,18/06/2026,FREDDO,,
SIC01657,1657,PERSONA,81LEAD|ContattiMirco|EmailMirco|Labotecnic1|Labotecnic2,Rouge,Diamond,,,,,IT,,,,,,,,,rouge.diamond@tiscali.it,,,,,,,,,Italia,,,,,,,,,,,,,,,,,,,,GUEST,FREE,,0,18/06/2026,FREDDO,,
SIC01658,1658,PERSONA,81LEAD|ContattiMirco|Labotecnic1|Labotecnic2,Roxana,Dias,,,,,IT,,,,,,,,,roxana.dias@hotmail.it,,,,,,,,,Italia,,,,,,,,,,,,,,,,,,,,GUEST,FREE,,0,18/06/2026,FREDDO,,
SIC01659,1659,PERSONA,81LEAD|ContattiMirco|Labotecnic1|Labotecnic2,Anna,Didonato,,,,,IT,,,,,,,,,anna.didonato@outlook.com,,,,,,,,,Italia,,,,,,,,,,,,,,,,,,,,GUEST,FREE,,0,18/06/2026,FREDDO,,
SIC01660,1660,PERSONA,81LEAD|ContattiMirco|EmailMirco|Labotecnic1|Labotecnic2,Arch,Digennaroalina,,,,,IT,,,,,,,,,arch.digennaroalina@gmail.com,,,,,,,,,Italia,,,,,,,,,,,,,,,,,,,,GUEST,FREE,,0,18/06/2026,FREDDO,,
SIC01661,1661,PERSONA,81LEAD|ContattiMirco|Labotecnic1|Labotecnic2,A,Dissette,,,,,IT,,,,,,,,,a.dissette@archiworld.it,,,,,,,,,Italia,,,,,,,,,,,,,,,,,,,,GUEST,FREE,,0,18/06/2026,FREDDO,,
SIC01662,1662,PERSONA,81LEAD|ContattiMirco|Labotecnic1|Labotecnic2,Taglieriadiva,Diva,,,,,IT,,,,,,,,,taglieriadiva@libero.it,,,,,,,,,Italia,,,,,,,,,,,,,,,,,,,,GUEST,FREE,,0,18/06/2026,FREDDO,,
SIC01663,1663,PERSONA,81LEAD|ContattiMirco|EmailMirco,Crhis,Dj,,,,,IT,,,,,,,,,modenese.c@gmail.com,,3934782795580,3934782795580,,,,,,Italia,,,,,,,,,,,,,,,,,,,,GUEST,FREE,,0,18/06/2026,FREDDO,,
SIC01664,1664,PERSONA,81LEAD|ContattiMirco|EmailMirco,Nicola,Domini,,,,,IT,,,,,,,,,level8@me.com,,3934722226900,3934722226900,,,,,,Italia,,,,,,,,,,,,,,,,,,,,GUEST,FREE,,0,18/06/2026,FREDDO,,
SIC01665,1665,PERSONA,81LEAD|ContattiMirco|EmailMirco|Labotecnic1|Labotecnic2,Domenico,Dona,,,,,IT,,,,,,,,,domenico.dona@libero.it,,3932078747670,3932078747670,,,,,,Italia,,,,,,,,,,,,,,,,,,,,GUEST,FREE,,0,18/06/2026,FREDDO,,
SIC01666,1666,PERSONA,81LEAD|ContattiMirco|Labotecnic1|Labotecnic2,Sandromagi,Dona,,,,,IT,,,,,,,,,sandromagnani@tiscali.it,,3934873476940,3934873476940,,,,,,Italia,,,,,,,,,,,,,,,,,,,,GUEST,FREE,,0,18/06/2026,FREDDO,,
SIC01667,1667,PERSONA,81LEAD|ContattiMirco|EmailMirco|Labotecnic1|Labotecnic2,Ing,Donatofiorillo,,,,,IT,,,,,,,,,ing.donatofiorillo@libero.it,,,,,,,,,Italia,,,,,,,,,,,,,,,,,,,,GUEST,FREE,,0,18/06/2026,FREDDO,,
SIC01668,1668,PERSONA,81LEAD|ContattiMirco|EmailMirco,Nicola,Donà,,,,,IT,,,,,,,,,nico.dona@gmail.com,,3933553767550,3933553767550,,,,,,Italia,,,,,,,,,,,,,,,,,,,,GUEST,FREE,,0,18/06/2026,FREDDO,,
SIC01669,1669,PERSONA,81LEAD|ContattiMirco|EmailMirco|Labotecnic1|Labotecnic2,Sabrina,Dore,,,,,IT,,,,,,,,,sabrina.dore@alice.it,,,,,,,,,Italia,,,,,,,,,,,,,,,,,,,,GUEST,FREE,,0,18/06/2026,FREDDO,,
SIC01670,1670,PERSONA,81LEAD|ContattiMirco|EmailMirco|Labotecnic1|Labotecnic2,Michele,Doris,,,,,IT,,,,,,,,,michele.doris@antonianaemergenza.it,,3934913524060,3934913524060,,,,,,Italia,,,,,,,,,,,,,,,,,,,,GUEST,FREE,,0,18/06/2026,FREDDO,,
SIC01671,1671,PERSONA,81LEAD|ContattiMirco|EmailMirco|Labotecnic1|Labotecnic2,Mosè,Dr Destefani,,,,,IT,,,,,,,,,m.destefani@bipiemme.it,,3904250706220,3904250706220,,,,,,Italia,,,,,,,,,,,,,,,,,,,,GUEST,FREE,,0,18/06/2026,FREDDO,,
SIC01672,1672,PERSONA,81LEAD|ContattiMirco|Labotecnic1|Labotecnic2,Maurizio,Drago,,,,,IT,,,,,,,,,maurizio.drago@artigianatopadovano.it,,39377188929000,39377188929000,,,,,,Italia,,,,,,,,,,,,,,,,,,,,GUEST,FREE,,0,18/06/2026,FREDDO,,
SIC01673,1673,PERSONA,81LEAD|ContattiMirco|EmailMirco|Labotecnic1|Labotecnic2,Paolo,Dronigi,,,,,IT,,,,,,,,,paolo.dronigi@austria4you.com,,3934880474820,3934880474820,,,,,,Italia,,,,,,,,,,,,,,,,,,,,GUEST,FREE,,0,18/06/2026,FREDDO,,
SIC01674,1674,PERSONA,81LEAD|ContattiMirco|EmailMirco|Labotecnic1|Labotecnic2,Giustina,Dsga,,,,,IT,,,,,,,,,giustina.dsga@gmail.com,,,,,,,,,Italia,,,,,,,,,,,,,,,,,,,,GUEST,FREE,,0,18/06/2026,FREDDO,,
SIC01675,1675,PERSONA,81LEAD|ContattiMirco|EmailMirco|Labotecnic1|Labotecnic2,Sara,Duchi,,,,,IT,,,,,,,,,sara.duchi@alice.it,,3933481567640,3933481567640,,,,,,Italia,,,,,,,,,,,,,,,,,,,,GUEST,FREE,,0,18/06/2026,FREDDO,,
SIC01676,1676,PERSONA,81LEAD|ContattiMirco|Labotecnic1|Labotecnic2,Monica,Duo82,,,,,IT,,,,,,,,,monica.duo82@icloud.com,,39389436004100,39389436004100,,,,,,Italia,,,,,,,,,,,,,,,,,,,,GUEST,FREE,,0,18/06/2026,FREDDO,,
SIC01677,1677,PERSONA,81LEAD|ContattiMirco|EmailMirco|Labotecnic1|Labotecnic2,Cris,Durando,,,,,IT,,,,,,,,,cris.durando@gmail.com,,,,,,,,,Italia,,,,,,,,,,,,,,,,,,,,GUEST,FREE,,0,18/06/2026,FREDDO,,
SIC01678,1678,PERSONA,81LEAD|ContattiMirco|EmailMirco|Labotecnic1|Labotecnic2,Comm,Edil,,,,,IT,,,,,,,,,comm.edil@libero.it,,328935451100,328935451100,,,,,,Italia,,,,,,,,,,,,,,,,,,,,GUEST,FREE,,0,18/06/2026,FREDDO,,
SIC01679,1679,PERSONA,81LEAD|EmailMirco,Falk,Edil,,,,,IT,,,,,,,,,falkedil@libero.it,,3908150254720,3908150254720,,,,,,Italia,,,,,,,,,,,,,,,,,,,,GUEST,FREE,,0,18/06/2026,FREDDO,,
SIC01680,1680,PERSONA,81LEAD|EmailMirco,Work,Edil,,,,,IT,,,,,,,,,workedilsrl2017@gmail.com,,3908154025780,3908154025780,,,,,,Italia,,,,,,,,,,,,,,,,,,,,GUEST,FREE,,0,18/06/2026,FREDDO,,
SIC01681,1681,PERSONA,81LEAD|ContattiMirco|EmailMirco,New,Edil cupi,,,,,IT,,,,,,,,,web@e21.it,,3932062386430,3932062386430,,,,,,Italia,,,,,,,,,,,,,,,,,,,,GUEST,FREE,,0,18/06/2026,FREDDO,,
SIC01682,1682,PERSONA,81LEAD|ContattiMirco|EmailMirco,Team,Edil green,,,,,IT,,,,,,,,,bigiariniema@gmail.com,,3905100147120,3905100147120,,,,,,Italia,,,,,,,,,,,,,,,,,,,,GUEST,FREE,,0,18/06/2026,FREDDO,,
SIC01683,1683,PERSONA,81LEAD|EmailMirco,BigMat,Edilcommercio,,,,,IT,,,,,,,,,info@bigmat.it,,390357110570,390357110570,,,,,,Italia,,,,,,,,,,,,,,,,,,,,GUEST,FREE,,0,18/06/2026,FREDDO,,
SIC01684,1684,PERSONA,81LEAD|ContattiMirco|EmailMirco,Team,Edilcoperture,,,,,IT,,,,,,,,,team@meetlima.com,,3934707360190,3934707360190,,,,,,Italia,,,,,,,,,,,,,,,,,,,,GUEST,FREE,,0,18/06/2026,FREDDO,,
SIC01685,1685,PERSONA,81LEAD|EmailMirco,Soluzioni,Edili Bergamo,,,,,IT,,,,,,,,,info@soluzioni-edili.it,,390352471760,390352471760,,,,,,Italia,,,,,,,,,,,,,,,,,,,,GUEST,FREE,,0,18/06/2026,FREDDO,,
SIC01686,1686,PERSONA,81LEAD|ContattiMirco|EmailMirco|Labotecnic1|Labotecnic2,Zorzan,Elena,,,,,IT,,,,,,,,,zorzan.elena@libero.it,,,,,,,,,Italia,,,,,,,,,,,,,,,,,,,,GUEST,FREE,,0,18/06/2026,FREDDO,,
SIC01687,1687,PERSONA,81LEAD|ContattiMirco|EmailMirco|Labotecnic1|Labotecnic2,Ing,Elenachiappa,,,,,IT,,,,,,,,,ing.elenachiappa@gmail.com,,,,,,,,,Italia,,,,,,,,,,,,,,,,,,,,GUEST,FREE,,0,18/06/2026,FREDDO,,
SIC01688,1688,PERSONA,81LEAD|ContattiMirco|EmailMirco|Labotecnic1|Labotecnic2,Girotto,Elisa,,,,,IT,,,,,,,,,girotto.elisa@libero.it,,,,,,,,,Italia,,,,,,,,,,,,,,,,,,,,GUEST,FREE,,0,18/06/2026,FREDDO,,
SIC01689,1689,PERSONA,81LEAD|ContattiMirco|EmailMirco|Labotecnic1|Labotecnic2,Roccato,Elisa,,,,,IT,,,,,,,,,roccato.elisa@email.it,,,,,,,,,Italia,,,,,,,,,,,,,,,,,,,,GUEST,FREE,,0,18/06/2026,FREDDO,,
SIC01690,1690,PERSONA,81LEAD|ContattiMirco|EmailMirco|Labotecnic1|Labotecnic2,Loredana,Elite,,,,,IT,,,,,,,,,loredana@molinofavero.com,,39347448321500,39347448321500,,,,,,Italia,,,,,,,,,,,,,,,,,,,,GUEST,FREE,,0,18/06/2026,FREDDO,,
SIC01691,1691,PERSONA,81LEAD|ContattiMirco|EmailMirco,Redemption,Elttric,,,,,IT,,,,,,,,,redemption@studentcoin.org,,39335839063500,39335839063500,,,,,,Italia,,,,,,,,,,,,,,,,,,,,GUEST,FREE,,0,18/06/2026,FREDDO,,
SIC01692,1692,PERSONA,81LEAD|ContattiMirco|EmailMirco|Labotecnic1|Labotecnic2,Perito,Em,,,,,IT,,,,,,,,,perito.em@libero.it,,,,,,,,,Italia,,,,,,,,,,,,,,,,,,,,GUEST,FREE,,0,18/06/2026,FREDDO,,
SIC01693,1693,PERSONA,81LEAD|ContattiMirco|EmailMirco,Giorgio.ferraro,Enel,,,,,IT,,,,,,,,,giorgio.ferraro@enel.com,,3932924096840,3932924096840,,,,,,Italia,,,,,,,,,,,,,,,,,,,,GUEST,FREE,,0,18/06/2026,FREDDO,,
SIC01694,1694,PERSONA,81LEAD|ContattiMirco|EmailMirco,A.,Energieeffizienzlösungen,,,,,IT,,,,,,,,,caraviello@eness.ch,,,,,,,,,Italia,,,,,,,,,,,,,,,,,,,,GUEST,FREE,,0,18/06/2026,FREDDO,,
SIC01695,1695,PERSONA,81LEAD|ContattiMirco|Labotecnic1|Labotecnic2,Concettalauda,Energy,,,,,IT,,,,,,,,,concettalauda@gmail.com,,3932883662550,3932883662550,,,,,,Italia,,,,,,,,,,,,,,,,,,,,GUEST,FREE,,0,18/06/2026,FREDDO,,
SIC01696,1696,PERSONA,81LEAD|ContattiMirco|EmailMirco|Labotecnic1|Labotecnic2,Backup_sicurissimo,Engine v1_2026-02-24_03-38 estr,,,,,IT,,,,,,,,,axenievalentina@yahoo.com,,,,,,,,,Italia,,,,,,,,,,,,,,,,,,,,GUEST,FREE,,0,18/06/2026,FREDDO,,
SIC01697,1697,PERSONA,81LEAD|ContattiMirco|Labotecnic1|Labotecnic2,Backup_sicurissimo,Engine v1_2026-02-24_03-38 estr,,,,,IT,,,,,,,,,azizf0443@gmail.com,,,,,,,,,Italia,,,,,,,,,,,,,,,,,,,,GUEST,FREE,,0,18/06/2026,FREDDO,,
SIC01698,1698,PERSONA,81LEAD|ContattiMirco|Labotecnic1|Labotecnic2,Backup_sicurissimo,Engine v1_2026-02-24_03-38 estr,,,,,IT,,,,,,,,,studio@pozzati.net,,,,,,,,,Italia,,,,,,,,,,,,,,,,,,,,GUEST,FREE,,0,18/06/2026,FREDDO,,
SIC01699,1699,PERSONA,81LEAD|ContattiMirco|EmailMirco,Backup_sicurissimo,Engine v1_2026-02-24_03-38 estr,,,,,IT,,,,,,,,,support@carid.com,,,,,,,,,Italia,,,,,,,,,,,,,,,,,,,,GUEST,FREE,,0,18/06/2026,FREDDO,,
SIC01700,1700,PERSONA,81LEAD|ContattiMirco|EmailMirco,Backup_sicurissimo,Engine v1_2026-02-24_03-38 estr,,,,,IT,,,,,,,,,support@onean.com,,,,,,,,,Italia,,,,,,,,,,,,,,,,,,,,GUEST,FREE,,0,18/06/2026,FREDDO,,
SIC01701,1701,PERSONA,81LEAD|ContattiMirco|Labotecnic1|Labotecnic2,Backup_sicurissimo,Engine v1_2026-02-24_03-38 estr,,,,,IT,,,,,,,,,ariannavianello@yahoo.it,,,,,,,,,Italia,,,,,,,,,,,,,,,,,,,,GUEST,FREE,,0,18/06/2026,FREDDO,,
SIC01702,1702,PERSONA,81LEAD|ContattiMirco|EmailMirco,Backup_sicurissimo,Engine v1_2026-02-24_03-38 estr,,,,,IT,,,,,,,,,august0buccomin0@gmail.com,,,,,,,,,Italia,,,,,,,,,,,,,,,,,,,,GUEST,FREE,,0,18/06/2026,FREDDO,,
SIC01703,1703,PERSONA,81LEAD|ContattiMirco|Labotecnic1|Labotecnic2,Backup_sicurissimo,Engine v1_2026-02-24_03-38 estr,,,,,IT,,,,,,,,,andreamigliorini76@gmail.com,,,,,,,,,Italia,,,,,,,,,,,,,,,,,,,,GUEST,FREE,,0,18/06/2026,FREDDO,,
SIC01704,1704,PERSONA,81LEAD|ContattiMirco|Labotecnic1|Labotecnic2,Backup_sicurissimo,Engine v1_2026-02-24_03-38 estr,,,,,IT,,,,,,,,,antonio@studioferranteaporti.it,,,,,,,,,Italia,,,,,,,,,,,,,,,,,,,,GUEST,FREE,,0,18/06/2026,FREDDO,,
SIC01705,1705,PERSONA,81LEAD|ContattiMirco|Labotecnic1|Labotecnic2,Backup_sicurissimo,Engine v1_2026-02-24_03-38 estr,,,,,IT,,,,,,,,,assunta.giannattasio@gmail.com,,,,,,,,,Italia,,,,,,,,,,,,,,,,,,,,GUEST,FREE,,0,18/06/2026,FREDDO,,
SIC01706,1706,PERSONA,81LEAD|ContattiMirco|Labotecnic1|Labotecnic2,Backup_sicurissimo,Engine v1_2026-02-24_03-38 estr,,,,,IT,,,,,,,,,atanasiumarius68@gmail.com,,,,,,,,,Italia,,,,,,,,,,,,,,,,,,,,GUEST,FREE,,0,18/06/2026,FREDDO,,
SIC01707,1707,PERSONA,81LEAD|ContattiMirco|Labotecnic1|Labotecnic2,Backup_sicurissimo,Engine v1_2026-02-24_03-38 estr,,,,,IT,,,,,,,,,adessololeggo@gmail.com,,,,,,,,,Italia,,,,,,,,,,,,,,,,,,,,GUEST,FREE,,0,18/06/2026,FREDDO,,
SIC01708,1708,PERSONA,81LEAD|ContattiMirco|EmailMirco,Backup_sicurissimo,Engine v1_2026-02-24_03-38 estr,,,,,IT,,,,,,,,,attilioderenzis1984@gmail.com,,,,,,,,,Italia,,,,,,,,,,,,,,,,,,,,GUEST,FREE,,0,18/06/2026,FREDDO,,
SIC01709,1709,PERSONA,81LEAD|ContattiMirco|Labotecnic1|Labotecnic2,Backup_sicurissimo,Engine v1_2026-02-24_03-38 estr,,,,,IT,,,,,,,,,annalisamormile@hotmail.it,,,,,,,,,Italia,,,,,,,,,,,,,,,,,,,,GUEST,FREE,,0,18/06/2026,FREDDO,,
SIC01710,1710,PERSONA,81LEAD|ContattiMirco|EmailMirco|Labotecnic1|Labotecnic2,Backup_sicurissimo,Engine v1_2026-02-24_03-38 estr,,,,,IT,,,,,,,,,alessandro.basso@padovafiere.it,,39338336697200,39338336697200,,,,,,Italia,,,,,,,,,,,,,,,,,,,,GUEST,FREE,,0,18/06/2026,FREDDO,,
SIC01711,1711,PERSONA,81LEAD|ContattiMirco|EmailMirco,Backup_sicurissimo,Engine v1_2026-02-24_03-38 estr,,,,,IT,,,,,,,,,admin@nicoladomini.com,,347279925800,347279925800,,,,,,Italia,,,,,,,,,,,,,,,,,,,,GUEST,FREE,,0,18/06/2026,FREDDO,,
SIC01712,1712,PERSONA,81LEAD|ContattiMirco|Labotecnic1|Labotecnic2,Backup_sicurissimo,Engine v1_2026-02-24_03-38 estr,,,,,IT,,,,,,,,,andrea@birikina.it,,3933921783020,3933921783020,,,,,,Italia,,,,,,,,,,,,,,,,,,,,GUEST,FREE,,0,18/06/2026,FREDDO,,
SIC01713,1713,PERSONA,81LEAD|ContattiMirco|Labotecnic1|Labotecnic2,Backup_sicurissimo,Engine v1_2026-02-24_03-38 estr,,,,,IT,,,,,,,,,agostino.chiaretto@wind.it,,39328391919700,39328391919700,,,,,,Italia,,,,,,,,,,,,,,,,,,,,GUEST,FREE,,0,18/06/2026,FREDDO,,
SIC01714,1714,PERSONA,81LEAD|ContattiMirco|EmailMirco,Backup_sicurissimo,Engine v1_2026-02-24_03-38 estr,,,,,IT,,,,,,,,,airdropmcc@protonmail.com,,335748823000,335748823000,,,,,,Italia,,,,,,,,,,,,,,,,,,,,GUEST,FREE,,0,18/06/2026,FREDDO,,
SIC01715,1715,PERSONA,81LEAD|ContattiMirco|Labotecnic1|Labotecnic2,Backup_sicurissimo,Engine v1_2026-02-24_03-38 estr,,,,,IT,,,,,,,,,alcamo.handicraft@gmail.com,,3934776337100,3934776337100,,,,,,Italia,,,,,,,,,,,,,,,,,,,,GUEST,FREE,,0,18/06/2026,FREDDO,,
SIC01716,1716,PERSONA,81LEAD|ContattiMirco|Labotecnic1|Labotecnic2,Backup_sicurissimo,Engine v1_2026-02-24_03-38 estr,,,,,IT,,,,,,,,,alessandra.menegon@vpsolar.com,,3933342688660,3933342688660,,,,,,Italia,,,,,,,,,,,,,,,,,,,,GUEST,FREE,,0,18/06/2026,FREDDO,,
SIC01717,1717,PERSONA,81LEAD|ContattiMirco|Labotecnic1|Labotecnic2,Backup_sicurissimo,Engine v1_2026-02-24_03-38 estr,,,,,IT,,,,,,,,,alessandra@rigato.net,,3932903118020,3932903118020,,,,,,Italia,,,,,,,,,,,,,,,,,,,,GUEST,FREE,,0,18/06/2026,FREDDO,,
SIC01718,1718,PERSONA,81LEAD|ContattiMirco|EmailMirco,Backup_sicurissimo,Engine v1_2026-02-24_03-38 estr,,,,,IT,,,,,,,,,alessandro.asingegneria@gmail.com,,348821409300,348821409300,,,,,,Italia,,,,,,,,,,,,,,,,,,,,GUEST,FREE,,0,18/06/2026,FREDDO,,
SIC01719,1719,PERSONA,81LEAD|ContattiMirco|EmailMirco,Backup_sicurissimo,Engine v1_2026-02-24_03-38 estr,,,,,IT,,,,,,,,,affiliazioni@anfos.it,,347101957200,347101957200,,,,,,Italia,,,,,,,,,,,,,,,,,,,,GUEST,FREE,,0,18/06/2026,FREDDO,,
SIC01720,1720,PERSONA,81LEAD|ContattiMirco|EmailMirco,Backup_sicurissimo,Engine v1_2026-02-24_03-38 estr,,,,,IT,,,,,,,,,annugupta9847@gmail.com,,3932199819400,3932199819400,,,,,,Italia,,,,,,,,,,,,,,,,,,,,GUEST,FREE,,0,18/06/2026,FREDDO,,
SIC01721,1721,PERSONA,81LEAD|ContattiMirco|Labotecnic1|Labotecnic2,Backup_sicurissimo,Engine v1_2026-02-24_03-38 estr,,,,,IT,,,,,,,,,angelo.ballarin@alice.it,,3933584139250,3933584139250,,,,,,Italia,,,,,,,,,,,,,,,,,,,,GUEST,FREE,,0,18/06/2026,FREDDO,,
SIC01722,1722,PERSONA,81LEAD|ContattiMirco|Labotecnic1|Labotecnic2,Backup_sicurissimo,Engine v1_2026-02-24_03-38 estr,,,,,IT,,,,,,,,,angela.ravera@gmail.com,,3934714698600,3934714698600,,,,,,Italia,,,,,,,,,,,,,,,,,,,,GUEST,FREE,,0,18/06/2026,FREDDO,,
SIC01723,1723,PERSONA,81LEAD|ContattiMirco|Labotecnic1|Labotecnic2,Backup_sicurissimo,Engine v1_2026-02-24_03-38 estr,,,,,IT,,,,,,,,,angela.faccioli@alice.it,,39349329008500,39349329008500,,,,,,Italia,,,,,,,,,,,,,,,,,,,,GUEST,FREE,,0,18/06/2026,FREDDO,,
SIC01724,1724,PERSONA,81LEAD|ContattiMirco|Labotecnic1|Labotecnic2,Backup_sicurissimo,Engine v1_2026-02-24_03-38 estr,,,,,IT,,,,,,,,,andrpasini@libero.it,,3934838440570,3934838440570,,,,,,Italia,,,,,,,,,,,,,,,,,,,,GUEST,FREE,,0,18/06/2026,FREDDO,,
SIC01725,1725,PERSONA,81LEAD|ContattiMirco|EmailMirco,Backup_sicurissimo,Engine v1_2026-02-24_03-38 estr,,,,,IT,,,,,,,,,arretrati@genertel.it,,3933357457060,3933357457060,,,,,,Italia,,,,,,,,,,,,,,,,,,,,GUEST,FREE,,0,18/06/2026,FREDDO,,
SIC01726,1726,PERSONA,81LEAD|ContattiMirco|EmailMirco,Backup_sicurissimo,Engine v1_2026-02-24_03-38 estr,,,,,IT,,,,,,,,,assistenza@voxmail.it,,3933858538540,3933858538540,,,,,,Italia,,,,,,,,,,,,,,,,,,,,GUEST,FREE,,0,18/06/2026,FREDDO,,
SIC01727,1727,PERSONA,81LEAD|ContattiMirco|EmailMirco,Backup_sicurissimo,Engine v1_2026-02-24_03-38 estr,,,,,IT,,,,,,,,,agnesleshrac@gmail.com,,3933469009480,3933469009480,,,,,,Italia,,,,,,,,,,,,,,,,,,,,GUEST,FREE,,0,18/06/2026,FREDDO,,
SIC01728,1728,PERSONA,81LEAD|ContattiMirco|Labotecnic1|Labotecnic2,Backup_sicurissimo,Engine v1_2026-02-24_03-38 estr,,,,,IT,,,,,,,,,amore.diluna66@gmail.com,,,,,,,,,Italia,,,,,,,,,,,,,,,,,,,,GUEST,FREE,,0,18/06/2026,FREDDO,,
SIC01729,1729,PERSONA,81LEAD|ContattiMirco|Labotecnic1|Labotecnic2,Backup_sicurissimo,Engine v1_2026-02-24_03-38 estr,,,,,IT,,,,,,,,,achidan@libero.it,,3932966322810,3932966322810,,,,,,Italia,,,,,,,,,,,,,,,,,,,,GUEST,FREE,,0,18/06/2026,FREDDO,,
SIC01730,1730,PERSONA,81LEAD|ContattiMirco|EmailMirco,Backup_sicurissimo,Engine v1_2026-02-24_03-38 estr,,,,,IT,,,,,,,,,argentinaangelo86@gmail.com,,3938010121220,3938010121220,,,,,,Italia,,,,,,,,,,,,,,,,,,,,GUEST,FREE,,0,18/06/2026,FREDDO,,
SIC01731,1731,PERSONA,81LEAD|ContattiMirco,Backup_sicurissimo,Engine v1_2026-02-24_03-38 estr,,,,,IT,,,,,,,,,andrea.scheggi@virgilio.it,,3934957638810,3934957638810,,,,,,Italia,,,,,,,,,,,,,,,,,,,,GUEST,FREE,,0,18/06/2026,FREDDO,,
SIC01732,1732,PERSONA,81LEAD|ContattiMirco|Labotecnic1|Labotecnic2,Backup_sicurissimo,Engine v1_2026-02-24_03-38 estr,,,,,IT,,,,,,,,,andrea.vernizzi@crveneto.it,,39339641542700,39339641542700,,,,,,Italia,,,,,,,,,,,,,,,,,,,,GUEST,FREE,,0,18/06/2026,FREDDO,,
SIC01733,1733,PERSONA,81LEAD|ContattiMirco|EmailMirco|Labotecnic1|Labotecnic2,Backup_sicurissimo,Engine v1_2026-02-24_03-38 estr,,,,,IT,,,,,,,,,antoniocastellano64@alice.it,,3934792943770,3934792943770,,,,,,Italia,,,,,,,,,,,,,,,,,,,,GUEST,FREE,,0,18/06/2026,FREDDO,,
SIC01734,1734,PERSONA,81LEAD|ContattiMirco|EmailMirco,Backup_sicurissimo,Engine v1_2026-02-24_03-38 estr,,,,,IT,,,,,,,,,archfedericoantonio@gmail.com,,3933569785650,3933569785650,,,,,,Italia,,,,,,,,,,,,,,,,,,,,GUEST,FREE,,0,18/06/2026,FREDDO,,
SIC01735,1735,PERSONA,81LEAD|ContattiMirco|Labotecnic1|Labotecnic2,Backup_sicurissimo,Engine v1_2026-02-24_03-38 estr,,,,,IT,,,,,,,,,asceotaanna61@gmail.com,,3934598041520,3934598041520,,,,,,Italia,,,,,,,,,,,,,,,,,,,,GUEST,FREE,,0,18/06/2026,FREDDO,,
SIC01736,1736,PERSONA,81LEAD|ContattiMirco|EmailMirco,Backup_sicurissimo,Engine v1_2026-02-24_03-38 estr,,,,,IT,,,,,,,,,argentifabrizio@libero.it,,39339631421800,39339631421800,,,,,,Italia,,,,,,,,,,,,,,,,,,,,GUEST,FREE,,0,18/06/2026,FREDDO,,
SIC01737,1737,PERSONA,81LEAD|ContattiMirco|Labotecnic1|Labotecnic2,Backup_sicurissimo,Engine v1_2026-02-24_03-38 estr,,,,,IT,,,,,,,,,armando.duo@tin.it,,3934831417450,3934831417450,,,,,,Italia,,,,,,,,,,,,,,,,,,,,GUEST,FREE,,0,18/06/2026,FREDDO,,
SIC01738,1738,PERSONA,81LEAD|ContattiMirco|Labotecnic1|Labotecnic2,Backup_sicurissimo,Engine v1_2026-02-24_03-38 estr,,,,,IT,,,,,,,,,antonella.loi@me.com,,3934785877930,3934785877930,,,,,,Italia,,,,,,,,,,,,,,,,,,,,GUEST,FREE,,0,18/06/2026,FREDDO,,
SIC01739,1739,PERSONA,81LEAD|ContattiMirco|Labotecnic1|Labotecnic2,Backup_sicurissimo,Engine v1_2026-02-24_03-38 estr,,,,,IT,,,,,,,,,agnese@agnesetricot.it,,3932001982600,3932001982600,,,,,,Italia,,,,,,,,,,,,,,,,,,,,GUEST,FREE,,0,18/06/2026,FREDDO,,
SIC01740,1740,PERSONA,81LEAD|ContattiMirco|Labotecnic1|Labotecnic2,Backup_sicurissimo,Engine v1_2026-02-24_03-38 estr,,,,,IT,,,,,,,,,andreabrognara@libero.it,,3933574882300,3933574882300,,,,,,Italia,,,,,,,,,,,,,,,,,,,,GUEST,FREE,,0,18/06/2026,FREDDO,,
SIC01741,1741,PERSONA,81LEAD|ContattiMirco|Labotecnic1|Labotecnic2,Backup_sicurissimo,Engine v1_2026-02-24_03-38 estr,,,,,IT,,,,,,,,,antonella.iglesias@gmail.com,,3933560894430,3933560894430,,,,,,Italia,,,,,,,,,,,,,,,,,,,,GUEST,FREE,,0,18/06/2026,FREDDO,,
SIC01742,1742,PERSONA,81LEAD|ContattiMirco|Labotecnic1|Labotecnic2,Backup_sicurissimo,Engine v1_2026-02-24_03-38 estr,,,,,IT,,,,,,,,,annapaola.angius@virgilio.it,,3934862696260,3934862696260,,,,,,Italia,,,,,,,,,,,,,,,,,,,,GUEST,FREE,,0,18/06/2026,FREDDO,,
SIC01743,1743,PERSONA,81LEAD|ContattiMirco|Labotecnic1|Labotecnic2,Backup_sicurissimo,Engine v1_2026-02-24_03-38 estr,,,,,IT,,,,,,,,,auricapartene@gmail.com,,,,,,,,,Italia,,,,,,,,,,,,,,,,,,,,GUEST,FREE,,0,18/06/2026,FREDDO,,
SIC01744,1744,PERSONA,81LEAD|ContattiMirco|Labotecnic1|Labotecnic2,Backup_sicurissimo,Engine v1_2026-02-24_03-38 estr,,,,,IT,,,,,,,,,avianello@asmrovigo.it,,,,,,,,,Italia,,,,,,,,,,,,,,,,,,,,GUEST,FREE,,0,18/06/2026,FREDDO,,
SIC01745,1745,PERSONA,81LEAD|ContattiMirco|Labotecnic1|Labotecnic2,Backup_sicurissimo,Engine v1_2026-02-24_03-38 estr,,,,,IT,,,,,,,,,aiellorosaria71@gmail.com,,,,,,,,,Italia,,,,,,,,,,,,,,,,,,,,GUEST,FREE,,0,18/06/2026,FREDDO,,
SIC01746,1746,PERSONA,81LEAD|ContattiMirco|Labotecnic1|Labotecnic2,Backup_sicurissimo,Engine v1_2026-02-24_03-38 estr,,,,,IT,,,,,,,,,andreaptmail@alice.it,,,,,,,,,Italia,,,,,,,,,,,,,,,,,,,,GUEST,FREE,,0,18/06/2026,FREDDO,,
SIC01747,1747,PERSONA,81LEAD|ContattiMirco|Labotecnic1|Labotecnic2,Backup_sicurissimo,Engine v1_2026-02-24_03-38 estr,,,,,IT,,,,,,,,,ade@studiolaurenti.com,,,,,,,,,Italia,,,,,,,,,,,,,,,,,,,,GUEST,FREE,,0,18/06/2026,FREDDO,,
SIC01748,1748,PERSONA,81LEAD|ContattiMirco|Labotecnic1|Labotecnic2,Backup_sicurissimo,Engine v1_2026-02-24_03-38 estr,,,,,IT,,,,,,,,,ada.sanarica@alice.it,,,,,,,,,Italia,,,,,,,,,,,,,,,,,,,,GUEST,FREE,,0,18/06/2026,FREDDO,,
SIC01749,1749,PERSONA,81LEAD|ContattiMirco|EmailMirco,Backup_sicurissimo,Engine v1_2026-02-24_03-38 estr,,,,,IT,,,,,,,,,activestudio.formazione@gmail.com,,,,,,,,,Italia,,,,,,,,,,,,,,,,,,,,GUEST,FREE,,0,18/06/2026,FREDDO,,
SIC01750,1750,PERSONA,81LEAD|ContattiMirco|Labotecnic1|Labotecnic2,Backup_sicurissimo,Engine v1_2026-02-24_03-38 estr,,,,,IT,,,,,,,,,administration@isfmworldwide.com,,,,,,,,,Italia,,,,,,,,,,,,,,,,,,,,GUEST,FREE,,0,18/06/2026,FREDDO,,
SIC01751,1751,PERSONA,81LEAD|ContattiMirco|Labotecnic1|Labotecnic2,Backup_sicurissimo,Engine v1_2026-02-24_03-38 estr,,,,,IT,,,,,,,,,antonino.triscari@cassaragionieri.it,,,,,,,,,Italia,,,,,,,,,,,,,,,,,,,,GUEST,FREE,,0,18/06/2026,FREDDO,,
SIC01752,1752,PERSONA,81LEAD|ContattiMirco|Labotecnic1|Labotecnic2,Backup_sicurissimo,Engine v1_2026-02-24_03-38 estr,,,,,IT,,,,,,,,,arch.cervini1@gmail.com,,,,,,,,,Italia,,,,,,,,,,,,,,,,,,,,GUEST,FREE,,0,18/06/2026,FREDDO,,
SIC01753,1753,PERSONA,81LEAD|ContattiMirco|Labotecnic1|Labotecnic2,Backup_sicurissimo,Engine v1_2026-02-24_03-38 estr,,,,,IT,,,,,,,,,angelo@prosvirom.com,,39349560929900,39349560929900,,,,,,Italia,,,,,,,,,,,,,,,,,,,,GUEST,FREE,,0,18/06/2026,FREDDO,,
SIC01754,1754,PERSONA,81LEAD|ContattiMirco|EmailMirco|Labotecnic1|Labotecnic2,Backup_sicurissimo,Engine v1_2026-02-24_03-38 estr,,,,,IT,,,,,,,,,anna.sturaro@enaip.veneto.it,,328048587900,328048587900,,,,,,Italia,,,,,,,,,,,,,,,,,,,,GUEST,FREE,,0,18/06/2026,FREDDO,,
SIC01755,1755,PERSONA,81LEAD|ContattiMirco|Labotecnic1|Labotecnic2,Backup_sicurissimo,Engine v1_2026-02-24_03-38 estr,,,,,IT,,,,,,,,,annalisa.seren@gmail.com,,39347894229000,39347894229000,,,,,,Italia,,,,,,,,,,,,,,,,,,,,GUEST,FREE,,0,18/06/2026,FREDDO,,
SIC01756,1756,PERSONA,81LEAD|ContattiMirco|Labotecnic1|Labotecnic2,Backup_sicurissimo,Engine v1_2026-02-24_03-38 estr,,,,,IT,,,,,,,,,annalisavinci1@gmail.com,,3934892462070,3934892462070,,,,,,Italia,,,,,,,,,,,,,,,,,,,,GUEST,FREE,,0,18/06/2026,FREDDO,,
SIC01757,1757,PERSONA,81LEAD|ContattiMirco|Labotecnic1|Labotecnic2,Backup_sicurissimo,Engine v1_2026-02-24_03-38 estr,,,,,IT,,,,,,,,,alessandro.pigaiani@alice.it,,3934838977020,3934838977020,,,,,,Italia,,,,,,,,,,,,,,,,,,,,GUEST,FREE,,0,18/06/2026,FREDDO,,
SIC01758,1758,PERSONA,81LEAD|ContattiMirco|Labotecnic1|Labotecnic2,Backup_sicurissimo,Engine v1_2026-02-24_03-38 estr,,,,,IT,,,,,,,,,alvin33@libero.it,,,,,,,,,Italia,,,,,,,,,,,,,,,,,,,,GUEST,FREE,,0,18/06/2026,FREDDO,,
SIC01759,1759,PERSONA,81LEAD|ContattiMirco|EmailMirco|Labotecnic1|Labotecnic2,Backup_sicurissimo,Engine v1_2026-02-24_03-38 estr,,,,,IT,,,,,,,,,alessia.manzo@hideea.com,,3932797541510,3932797541510,,,,,,Italia,,,,,,,,,,,,,,,,,,,,GUEST,FREE,,0,18/06/2026,FREDDO,,
SIC01760,1760,PERSONA,81LEAD|ContattiMirco|Labotecnic1|Labotecnic2,Backup_sicurissimo,Engine v1_2026-02-24_03-38 estr,,,,,IT,,,,,,,,,antonellaemery60@gmail.com,,3934706095090,3934706095090,,,,,,Italia,,,,,,,,,,,,,,,,,,,,GUEST,FREE,,0,18/06/2026,FREDDO,,
SIC01761,1761,PERSONA,81LEAD|ContattiMirco|EmailMirco,Backup_sicurissimo,Engine v1_2026-02-24_03-38 estr,,,,,IT,,,,,,,,,acannizzaro455@gmail.com,,,,,,,,,Italia,,,,,,,,,,,,,,,,,,,,GUEST,FREE,,0,18/06/2026,FREDDO,,
SIC01762,1762,PERSONA,81LEAD|ContattiMirco|EmailMirco,Backup_sicurissimo,Engine v1_2026-02-24_03-38 estr,,,,,IT,,,,,,,,,andrea.ali8011@gmail.com,,3934844210680,3934844210680,,,,,,Italia,,,,,,,,,,,,,,,,,,,,GUEST,FREE,,0,18/06/2026,FREDDO,,
SIC01763,1763,PERSONA,81LEAD|ContattiMirco|Labotecnic1|Labotecnic2,Backup_sicurissimo,Engine v1_2026-02-24_03-38 estr,,,,,IT,,,,,,,,,alessandro.crepaldi.55@gmail.com,,3934029744290,3934029744290,,,,,,Italia,,,,,,,,,,,,,,,,,,,,GUEST,FREE,,0,18/06/2026,FREDDO,,
SIC01764,1764,PERSONA,81LEAD|ContattiMirco|Labotecnic1|Labotecnic2,Backup_sicurissimo,Engine v1_2026-02-24_03-38 estr,,,,,IT,,,,,,,,,ammboxsrls@gmail.com,,,,,,,,,Italia,,,,,,,,,,,,,,,,,,,,GUEST,FREE,,0,18/06/2026,FREDDO,,
SIC01765,1765,PERSONA,81LEAD|ContattiMirco|Labotecnic1|Labotecnic2,Backup_sicurissimo,Engine v1_2026-02-24_03-38 estr,,,,,IT,,,,,,,,,antonella.pezzolato@gmail.com,,,,,,,,,Italia,,,,,,,,,,,,,,,,,,,,GUEST,FREE,,0,18/06/2026,FREDDO,,
SIC01766,1766,PERSONA,81LEAD|ContattiMirco|Labotecnic1|Labotecnic2,Backup_sicurissimo,Engine v1_2026-02-24_03-38 estr,,,,,IT,,,,,,,,,alicezanoni-66@live.it,,3938996974570,3938996974570,,,,,,Italia,,,,,,,,,,,,,,,,,,,,GUEST,FREE,,0,18/06/2026,FREDDO,,
SIC01767,1767,PERSONA,81LEAD|ContattiMirco|Labotecnic1|Labotecnic2,Backup_sicurissimo,Engine v1_2026-02-24_03-38 estr,,,,,IT,,,,,,,,,alessia.ebano@artigianatopadovano.it,,39335706321000,39335706321000,,,,,,Italia,,,,,,,,,,,,,,,,,,,,GUEST,FREE,,0,18/06/2026,FREDDO,,
SIC01768,1768,PERSONA,81LEAD|ContattiMirco|EmailMirco|Labotecnic1|Labotecnic2,Backup_sicurissimo,Engine v1_2026-02-24_03-38 estr,,,,,IT,,,,,,,,,ambulatorio.vianelli@libero.it,,348812453300,348812453300,,,,,,Italia,,,,,,,,,,,,,,,,,,,,GUEST,FREE,,0,18/06/2026,FREDDO,,
SIC01769,1769,PERSONA,81LEAD|ContattiMirco|EmailMirco,Backup_sicurissimo,Engine v1_2026-02-24_03-38 estr,,,,,IT,,,,,,,,,amm@eshirt.it,,3933434128970,3933434128970,,,,,,Italia,,,,,,,,,,,,,,,,,,,,GUEST,FREE,,0,18/06/2026,FREDDO,,
SIC01770,1770,PERSONA,81LEAD|ContattiMirco|EmailMirco|Labotecnic1|Labotecnic2,Backup_sicurissimo,Engine v1_2026-02-24_03-38 estr,,,,,IT,,,,,,,,,andrea-antonioli@libero.it,,3934060304190,3934060304190,,,,,,Italia,,,,,,,,,,,,,,,,,,,,GUEST,FREE,,0,18/06/2026,FREDDO,,
SIC01771,1771,PERSONA,81LEAD|ContattiMirco|Labotecnic1|Labotecnic2,Backup_sicurissimo,Engine v1_2026-02-24_03-38 estr,,,,,IT,,,,,,,,,august0.buccomin0@gmail.com,,3933825433610,3933825433610,,,,,,Italia,,,,,,,,,,,,,,,,,,,,GUEST,FREE,,0,18/06/2026,FREDDO,,
SIC01772,1772,PERSONA,81LEAD|ContattiMirco|EmailMirco,Backup_sicurissimo,Engine v1_2026-02-24_03-38 estr,,,,,IT,,,,,,,,,andrea.galdiolo@gmail.com,,3933313313850,3933313313850,,,,,,Italia,,,,,,,,,,,,,,,,,,,,GUEST,FREE,,0,18/06/2026,FREDDO,,
SIC01773,1773,PERSONA,81LEAD|ContattiMirco|Labotecnic1|Labotecnic2,Backup_sicurissimo,Engine v1_2026-02-24_03-38 estr,,,,,IT,,,,,,,,,alessandra@studiocoletto.net,,,,,,,,,Italia,,,,,,,,,,,,,,,,,,,,GUEST,FREE,,0,18/06/2026,FREDDO,,
SIC01774,1774,PERSONA,81LEAD|ContattiMirco|Labotecnic1|Labotecnic2,Backup_sicurissimo,Engine v1_2026-02-24_03-38 estr,,,,,IT,,,,,,,,,ambrapol2005@yahoo.it,,,,,,,,,Italia,,,,,,,,,,,,,,,,,,,,GUEST,FREE,,0,18/06/2026,FREDDO,,
SIC01775,1775,PERSONA,81LEAD|ContattiMirco|EmailMirco,Backup_sicurissimo,Engine v1_2026-02-24_03-38 estr,,,,,IT,,,,,,,,,alessandra.sguotti@enaip.veneto.it,,,,,,,,,Italia,,,,,,,,,,,,,,,,,,,,GUEST,FREE,,0,18/06/2026,FREDDO,,
SIC01776,1776,PERSONA,81LEAD|ContattiMirco|Labotecnic1|Labotecnic2,Backup_sicurissimo,Engine v1_2026-02-24_03-38 estr,,,,,IT,,,,,,,,,andrea.cerreti@alice.it,,3934023046390,3934023046390,,,,,,Italia,,,,,,,,,,,,,,,,,,,,GUEST,FREE,,0,18/06/2026,FREDDO,,
SIC01777,1777,PERSONA,81LEAD|ContattiMirco|Labotecnic1|Labotecnic2,Backup_sicurissimo,Engine v1_2026-02-24_03-38 estr,,,,,IT,,,,,,,,,alessia.garbo@infun.es,,3934840202880,3934840202880,,,,,,Italia,,,,,,,,,,,,,,,,,,,,GUEST,FREE,,0,18/06/2026,FREDDO,,
SIC01778,1778,PERSONA,81LEAD|ContattiMirco|EmailMirco,Backup_sicurissimo,Engine v1_2026-02-24_03-38 estr,,,,,IT,,,,,,,,,alialbakheet_2019@yahoo.com,,388057575700,388057575700,,,,,,Italia,,,,,,,,,,,,,,,,,,,,GUEST,FREE,,0,18/06/2026,FREDDO,,
SIC01779,1779,PERSONA,81LEAD|ContattiMirco|EmailMirco,Backup_sicurissimo,Engine v1_2026-02-24_03-38 estr,,,,,IT,,,,,,,,,avidholdevento@gmail.com,,347704892400,347704892400,,,,,,Italia,,,,,,,,,,,,,,,,,,,,GUEST,FREE,,0,18/06/2026,FREDDO,,
SIC01780,1780,PERSONA,81LEAD|ContattiMirco|EmailMirco,Backup_sicurissimo,Engine v1_2026-02-24_03-38 estr,,,,,IT,,,,,,,,,b.biagi@hiperformance.it,,349433986000,349433986000,,,,,,Italia,,,,,,,,,,,,,,,,,,,,GUEST,FREE,,0,18/06/2026,FREDDO,,
SIC01781,1781,PERSONA,81LEAD|ContattiMirco|Labotecnic1|Labotecnic2,Backup_sicurissimo,Engine v1_2026-02-24_03-38 estr,,,,,IT,,,,,,,,,andrea.pisarra@alice.it,,3934021569630,3934021569630,,,,,,Italia,,,,,,,,,,,,,,,,,,,,GUEST,FREE,,0,18/06/2026,FREDDO,,
SIC01782,1782,PERSONA,81LEAD|ContattiMirco|Labotecnic1|Labotecnic2,Backup_sicurissimo,Engine v1_2026-02-24_03-38 estr,,,,,IT,,,,,,,,,arch.destefani@tiscali.it,,,,,,,,,Italia,,,,,,,,,,,,,,,,,,,,GUEST,FREE,,0,18/06/2026,FREDDO,,
SIC01783,1783,PERSONA,81LEAD|ContattiMirco|EmailMirco,Backup_sicurissimo,Engine v1_2026-02-24_03-38 estr,,,,,IT,,,,,,,,,alessandro.piva-86@hotmail.it,,,,,,,,,Italia,,,,,,,,,,,,,,,,,,,,GUEST,FREE,,0,18/06/2026,FREDDO,,
SIC01784,1784,PERSONA,81LEAD|ContattiMirco|Labotecnic1|Labotecnic2,Backup_sicurissimo,Engine v1_2026-02-24_03-38 estr,,,,,IT,,,,,,,,,archemiliotrame@tiscali.it,,,,,,,,,Italia,,,,,,,,,,,,,,,,,,,,GUEST,FREE,,0,18/06/2026,FREDDO,,
SIC01785,1785,PERSONA,81LEAD|ContattiMirco|Labotecnic1|Labotecnic2,Backup_sicurissimo,Engine v1_2026-02-24_03-38 estr,,,,,IT,,,,,,,,,antonellamusic2009@libero.it,,3932925070950,3932925070950,,,,,,Italia,,,,,,,,,,,,,,,,,,,,GUEST,FREE,,0,18/06/2026,FREDDO,,
SIC01786,1786,PERSONA,81LEAD|ContattiMirco|EmailMirco,Backup_sicurissimo,Engine v1_2026-02-24_03-38 estr,,,,,IT,,,,,,,,,antonellocapellato@gmail.com,,349078172900,349078172900,,,,,,Italia,,,,,,,,,,,,,,,,,,,,GUEST,FREE,,0,18/06/2026,FREDDO,,
SIC01787,1787,PERSONA,81LEAD|ContattiMirco|Labotecnic1|Labotecnic2,Backup_sicurissimo,Engine v1_2026-02-24_03-38 estr,,,,,IT,,,,,,,,,antonino.vena@gmail.com,,3934785012330,3934785012330,,,,,,Italia,,,,,,,,,,,,,,,,,,,,GUEST,FREE,,0,18/06/2026,FREDDO,,
SIC01788,1788,PERSONA,81LEAD|ContattiMirco|EmailMirco,Backup_sicurissimo,Engine v1_2026-02-24_03-38 estr,,,,,IT,,,,,,,,,antonio85nania@gmail.com,,39338101871600,39338101871600,,,,,,Italia,,,,,,,,,,,,,,,,,,,,GUEST,FREE,,0,18/06/2026,FREDDO,,
SIC01789,1789,PERSONA,81LEAD|ContattiMirco|Labotecnic1|Labotecnic2,Backup_sicurissimo,Engine v1_2026-02-24_03-38 estr,,,,,IT,,,,,,,,,antonio@artio.it,,3937731816520,3937731816520,,,,,,Italia,,,,,,,,,,,,,,,,,,,,GUEST,FREE,,0,18/06/2026,FREDDO,,
SIC01790,1790,PERSONA,81LEAD|ContattiMirco|Labotecnic1|Labotecnic2,Backup_sicurissimo,Engine v1_2026-02-24_03-38 estr,,,,,IT,,,,,,,,,arch.nikbarde@outlook.it,,,,,,,,,Italia,,,,,,,,,,,,,,,,,,,,GUEST,FREE,,0,18/06/2026,FREDDO,,
SIC01791,1791,PERSONA,81LEAD|ContattiMirco|EmailMirco|Labotecnic1|Labotecnic2,Backup_sicurissimo,Engine v1_2026-02-24_03-38 estr,,,,,IT,,,,,,,,,anna.fregugia@bancobpm.it,,,,,,,,,Italia,,,,,,,,,,,,,,,,,,,,GUEST,FREE,,0,18/06/2026,FREDDO,,
SIC01792,1792,PERSONA,81LEAD|ContattiMirco|Labotecnic1|Labotecnic2,Backup_sicurissimo,Engine v1_2026-02-24_03-38 estr,,,,,IT,,,,,,,,,alessandro.mingozzi@libero.it,,,,,,,,,Italia,,,,,,,,,,,,,,,,,,,,GUEST,FREE,,0,18/06/2026,FREDDO,,
SIC01793,1793,PERSONA,81LEAD|ContattiMirco|Labotecnic1|Labotecnic2,Backup_sicurissimo,Engine v1_2026-02-24_03-38 estr,,,,,IT,,,,,,,,,arch.moroncini@gmail.com,,,,,,,,,Italia,,,,,,,,,,,,,,,,,,,,GUEST,FREE,,0,18/06/2026,FREDDO,,
SIC01794,1794,PERSONA,81LEAD|ContattiMirco|Labotecnic1|Labotecnic2,Backup_sicurissimo,Engine v1_2026-02-24_03-38 estr,,,,,IT,,,,,,,,,arch.matteoferro@hotmail.it,,,,,,,,,Italia,,,,,,,,,,,,,,,,,,,,GUEST,FREE,,0,18/06/2026,FREDDO,,
SIC01795,1795,PERSONA,81LEAD|ContattiMirco|Labotecnic1|Labotecnic2,Backup_sicurissimo,Engine v1_2026-02-24_03-38 estr,,,,,IT,,,,,,,,,alessandra.zampaolo@gmail.com,,,,,,,,,Italia,,,,,,,,,,,,,,,,,,,,GUEST,FREE,,0,18/06/2026,FREDDO,,
SIC01796,1796,PERSONA,81LEAD|ContattiMirco|EmailMirco|Labotecnic1|Labotecnic2,Backup_sicurissimo,Engine v1_2026-02-24_03-38 estr,,,,,IT,,,,,,,,,alessandropanet@gmail.com,,3934047273340,3934047273340,,,,,,Italia,,,,,,,,,,,,,,,,,,,,GUEST,FREE,,0,18/06/2026,FREDDO,,
SIC01797,1797,PERSONA,81LEAD|ContattiMirco|Labotecnic1|Labotecnic2,Backup_sicurissimo,Engine v1_2026-02-24_03-38 estr,,,,,IT,,,,,,,,,antonioprovasi@alice.it,,3934792485030,3934792485030,,,,,,Italia,,,,,,,,,,,,,,,,,,,,GUEST,FREE,,0,18/06/2026,FREDDO,,
SIC01798,1798,PERSONA,81LEAD|ContattiMirco|Labotecnic1|Labotecnic2,Backup_sicurissimo,Engine v1_2026-02-24_03-38 estr,,,,,IT,,,,,,,,,archimurano@libero.it,,,,,,,,,Italia,,,,,,,,,,,,,,,,,,,,GUEST,FREE,,0,18/06/2026,FREDDO,,
SIC01799,1799,PERSONA,81LEAD|ContattiMirco|EmailMirco|Labotecnic1|Labotecnic2,Backup_sicurissimo,Engine v1_2026-02-24_03-38 estr,,,,,IT,,,,,,,,,archicase@libero.it,,,,,,,,,Italia,,,,,,,,,,,,,,,,,,,,GUEST,FREE,,0,18/06/2026,FREDDO,,
SIC01800,1800,PERSONA,81LEAD|ContattiMirco|Labotecnic1|Labotecnic2,Backup_sicurissimo,Engine v1_2026-02-24_03-38 estr,,,,,IT,,,,,,,,,alessiadiana@yahoo.it,,,,,,,,,Italia,,,,,,,,,,,,,,,,,,,,GUEST,FREE,,0,18/06/2026,FREDDO,,
SIC01801,1801,PERSONA,81LEAD|ContattiMirco|Labotecnic1|Labotecnic2,Backup_sicurissimo,Engine v1_2026-02-24_03-38 estr,,,,,IT,,,,,,,,,alessandro@studiocuman.it,,,,,,,,,Italia,,,,,,,,,,,,,,,,,,,,GUEST,FREE,,0,18/06/2026,FREDDO,,
SIC01802,1802,PERSONA,81LEAD|ContattiMirco|Labotecnic1|Labotecnic2,Backup_sicurissimo,Engine v1_2026-02-24_03-38 estr,,,,,IT,,,,,,,,,annabella.castelli@tiscali.it,,,,,,,,,Italia,,,,,,,,,,,,,,,,,,,,GUEST,FREE,,0,18/06/2026,FREDDO,,
SIC01803,1803,PERSONA,81LEAD|ContattiMirco|EmailMirco|Labotecnic1|Labotecnic2,Backup_sicurissimo,Engine v1_2026-02-24_03-38 estr,,,,,IT,,,,,,,,,alemilani9@libero.it,,,,,,,,,Italia,,,,,,,,,,,,,,,,,,,,GUEST,FREE,,0,18/06/2026,FREDDO,,
SIC01804,1804,PERSONA,81LEAD|ContattiMirco|Labotecnic1|Labotecnic2,Backup_sicurissimo,Engine v1_2026-02-24_03-38 estr,,,,,IT,,,,,,,,,arch.roberto.pavan@gmail.com,,,,,,,,,Italia,,,,,,,,,,,,,,,,,,,,GUEST,FREE,,0,18/06/2026,FREDDO,,
SIC01805,1805,PERSONA,81LEAD|ContattiMirco|Labotecnic1|Labotecnic2,Backup_sicurissimo,Engine v1_2026-02-24_03-38 estr,,,,,IT,,,,,,,,,alessandroscacco@gmail.com,,3938069975770,3938069975770,,,,,,Italia,,,,,,,,,,,,,,,,,,,,GUEST,FREE,,0,18/06/2026,FREDDO,,
SIC01806,1806,PERSONA,81LEAD|ContattiMirco|Labotecnic1|Labotecnic2,Backup_sicurissimo,Engine v1_2026-02-24_03-38 estr,,,,,IT,,,,,,,,,arch.anita.bergamini@gmail.com,,,,,,,,,Italia,,,,,,,,,,,,,,,,,,,,GUEST,FREE,,0,18/06/2026,FREDDO,,
SIC01807,1807,PERSONA,81LEAD|ContattiMirco|EmailMirco,Backup_sicurissimo,Engine v1_2026-02-24_03-38 estr,,,,,IT,,,,,,,,,aldodangeloprizzi@libero.it,,,,,,,,,Italia,,,,,,,,,,,,,,,,,,,,GUEST,FREE,,0,18/06/2026,FREDDO,,
SIC01808,1808,PERSONA,81LEAD|ContattiMirco|Labotecnic1|Labotecnic2,Backup_sicurissimo,Engine v1_2026-02-24_03-38 estr,,,,,IT,,,,,,,,,arch.d.volpin@libero.it,,,,,,,,,Italia,,,,,,,,,,,,,,,,,,,,GUEST,FREE,,0,18/06/2026,FREDDO,,
SIC01809,1809,PERSONA,81LEAD|ContattiMirco|Labotecnic1|Labotecnic2,Backup_sicurissimo,Engine v1_2026-02-24_03-38 estr,,,,,IT,,,,,,,,,alovato@notabene.it,,,,,,,,,Italia,,,,,,,,,,,,,,,,,,,,GUEST,FREE,,0,18/06/2026,FREDDO,,
SIC01810,1810,PERSONA,81LEAD|ContattiMirco|Labotecnic1|Labotecnic2,Backup_sicurissimo,Engine v1_2026-02-24_03-38 estr,,,,,IT,,,,,,,,,annaconti94@gmail.com,,,,,,,,,Italia,,,,,,,,,,,,,,,,,,,,GUEST,FREE,,0,18/06/2026,FREDDO,,
SIC01811,1811,PERSONA,81LEAD|ContattiMirco|Labotecnic1|Labotecnic2,Backup_sicurissimo,Engine v1_2026-02-24_03-38 estr,,,,,IT,,,,,,,,,annaboscolomeo@libero.it,,,,,,,,,Italia,,,,,,,,,,,,,,,,,,,,GUEST,FREE,,0,18/06/2026,FREDDO,,
SIC01812,1812,PERSONA,81LEAD|ContattiMirco|Labotecnic1|Labotecnic2,Backup_sicurissimo,Engine v1_2026-02-24_03-38 estr,,,,,IT,,,,,,,,,architetti@ambrosimarangoni.it,,,,,,,,,Italia,,,,,,,,,,,,,,,,,,,,GUEST,FREE,,0,18/06/2026,FREDDO,,
SIC01813,1813,PERSONA,81LEAD|ContattiMirco|Labotecnic1|Labotecnic2,Backup_sicurissimo,Engine v1_2026-02-24_03-38 estr,,,,,IT,,,,,,,,,alice.gazzignato@gmail.com,,3933193255950,3933193255950,,,,,,Italia,,,,,,,,,,,,,,,,,,,,GUEST,FREE,,0,18/06/2026,FREDDO,,
SIC01814,1814,PERSONA,81LEAD|ContattiMirco|EmailMirco|Labotecnic1|Labotecnic2,Backup_sicurissimo,Engine v1_2026-02-24_03-38 estr,,,,,IT,,,,,,,,,attivalavoro@attivamenteonlus.it,,3933581290510,3933581290510,,,,,,Italia,,,,,,,,,,,,,,,,,,,,GUEST,FREE,,0,18/06/2026,FREDDO,,
SIC01815,1815,PERSONA,81LEAD|ContattiMirco|EmailMirco|Labotecnic1|Labotecnic2,Backup_sicurissimo,Engine v1_2026-02-24_03-38 estr,,,,,IT,,,,,,,,,andrea.reali84@gmail.com,,3933461325340,3933461325340,,,,,,Italia,,,,,,,,,,,,,,,,,,,,GUEST,FREE,,0,18/06/2026,FREDDO,,
SIC01816,1816,PERSONA,81LEAD|ContattiMirco|EmailMirco|Labotecnic1|Labotecnic2,Backup_sicurissimo,Engine v1_2026-02-24_03-38 estr,,,,,IT,,,,,,,,,antonina71@libero.it,,,,,,,,,Italia,,,,,,,,,,,,,,,,,,,,GUEST,FREE,,0,18/06/2026,FREDDO,,
SIC01817,1817,PERSONA,81LEAD|ContattiMirco|Labotecnic1|Labotecnic2,Backup_sicurissimo,Engine v1_2026-02-24_03-38 estr,,,,,IT,,,,,,,,,anto.giorgi@email.it,,,,,,,,,Italia,,,,,,,,,,,,,,,,,,,,GUEST,FREE,,0,18/06/2026,FREDDO,,
SIC01818,1818,PERSONA,81LEAD|ContattiMirco|Labotecnic1|Labotecnic2,Backup_sicurissimo,Engine v1_2026-02-24_03-38 estr,,,,,IT,,,,,,,,,andmaz62@live.it,,,,,,,,,Italia,,,,,,,,,,,,,,,,,,,,GUEST,FREE,,0,18/06/2026,FREDDO,,
SIC01819,1819,PERSONA,81LEAD|ContattiMirco|Labotecnic1|Labotecnic2,Backup_sicurissimo,Engine v1_2026-02-24_03-38 estr,,,,,IT,,,,,,,,,2_emme_elettronica@libero.it,,,,,,,,,Italia,,,,,,,,,,,,,,,,,,,,GUEST,FREE,,0,18/06/2026,FREDDO,,
SIC01820,1820,PERSONA,81LEAD|ContattiMirco|Labotecnic1|Labotecnic2,Backup_sicurissimo,Engine v1_2026-02-24_03-38 estr,,,,,IT,,,,,,,,,aladino.lorin@gmail.com,,,,,,,,,Italia,,,,,,,,,,,,,,,,,,,,GUEST,FREE,,0,18/06/2026,FREDDO,,
SIC01821,1821,PERSONA,81LEAD|ContattiMirco|Labotecnic1|Labotecnic2,Backup_sicurissimo,Engine v1_2026-02-24_03-38 estr,,,,,IT,,,,,,,,,alaskandelcolle@gmail.com,,,,,,,,,Italia,,,,,,,,,,,,,,,,,,,,GUEST,FREE,,0,18/06/2026,FREDDO,,
SIC01822,1822,PERSONA,81LEAD|ContattiMirco|EmailMirco,Backup_sicurissimo,Engine v1_2026-02-24_03-38 estr,,,,,IT,,,,,,,,,alby.hoover@gmail.com,,,,,,,,,Italia,,,,,,,,,,,,,,,,,,,,GUEST,FREE,,0,18/06/2026,FREDDO,,
SIC01823,1823,PERSONA,81LEAD|ContattiMirco|EmailMirco,Backup_sicurissimo,Engine v1_2026-02-24_03-38 estr,,,,,IT,,,,,,,,,assistenza@sogert.it,,,,,,,,,Italia,,,,,,,,,,,,,,,,,,,,GUEST,FREE,,0,18/06/2026,FREDDO,,
SIC01824,1824,PERSONA,81LEAD|ContattiMirco|Labotecnic1|Labotecnic2,Backup_sicurissimo,Engine v1_2026-02-24_03-38 estr,,,,,IT,,,,,,,,,antonellaalfonso@hotelsangiuan.it,,,,,,,,,Italia,,,,,,,,,,,,,,,,,,,,GUEST,FREE,,0,18/06/2026,FREDDO,,
SIC01825,1825,PERSONA,81LEAD|ContattiMirco|Labotecnic1|Labotecnic2,Backup_sicurissimo,Engine v1_2026-02-24_03-38 estr,,,,,IT,,,,,,,,,arianna.studioruffato@gmail.com,,,,,,,,,Italia,,,,,,,,,,,,,,,,,,,,GUEST,FREE,,0,18/06/2026,FREDDO,,
SIC01826,1826,PERSONA,81LEAD|ContattiMirco|Labotecnic1|Labotecnic2,Backup_sicurissimo,Engine v1_2026-02-24_03-38 estr,,,,,IT,,,,,,,,,aglio82@libero.it,,,,,,,,,Italia,,,,,,,,,,,,,,,,,,,,GUEST,FREE,,0,18/06/2026,FREDDO,,
SIC01827,1827,PERSONA,81LEAD|ContattiMirco|Labotecnic1|Labotecnic2,Backup_sicurissimo,Engine v1_2026-02-24_03-38 estr,,,,,IT,,,,,,,,,alex.melloni@gmail.com,,,,,,,,,Italia,,,,,,,,,,,,,,,,,,,,GUEST,FREE,,0,18/06/2026,FREDDO,,
SIC01828,1828,PERSONA,81LEAD|ContattiMirco|Labotecnic1|Labotecnic2,Backup_sicurissimo,Engine v1_2026-02-24_03-38 estr,,,,,IT,,,,,,,,,armandosalerno1984@libero.it,,,,,,,,,Italia,,,,,,,,,,,,,,,,,,,,GUEST,FREE,,0,18/06/2026,FREDDO,,
SIC01829,1829,PERSONA,81LEAD|ContattiMirco|Labotecnic1|Labotecnic2,Backup_sicurissimo,Engine v1_2026-02-24_03-38 estr,,,,,IT,,,,,,,,,ashraftiba8@gmail.com,,,,,,,,,Italia,,,,,,,,,,,,,,,,,,,,GUEST,FREE,,0,18/06/2026,FREDDO,,
SIC01830,1830,PERSONA,81LEAD|ContattiMirco|Labotecnic1|Labotecnic2,Backup_sicurissimo,Engine v1_2026-02-24_03-38 estr,,,,,IT,,,,,,,,,annagasparro04@virgilio.it,,,,,,,,,Italia,,,,,,,,,,,,,,,,,,,,GUEST,FREE,,0,18/06/2026,FREDDO,,
SIC01831,1831,PERSONA,81LEAD|ContattiMirco|EmailMirco|Labotecnic1|Labotecnic2,Backup_sicurissimo,Engine v1_2026-02-24_03-38 estr,,,,,IT,,,,,,,,,architetto.bosi@gmail.com,,,,,,,,,Italia,,,,,,,,,,,,,,,,,,,,GUEST,FREE,,0,18/06/2026,FREDDO,,
SIC01832,1832,PERSONA,81LEAD|ContattiMirco|Labotecnic1|Labotecnic2,Backup_sicurissimo,Engine v1_2026-02-24_03-38 estr,,,,,IT,,,,,,,,,alessiodeluca.designer@gmail.com,,,,,,,,,Italia,,,,,,,,,,,,,,,,,,,,GUEST,FREE,,0,18/06/2026,FREDDO,,
SIC01833,1833,PERSONA,81LEAD|ContattiMirco|EmailMirco,Backup_sicurissimo,Engine v1_2026-02-24_03-38 estr,,,,,IT,,,,,,,,,adrimusicservice@gmail.com,,,,,,,,,Italia,,,,,,,,,,,,,,,,,,,,GUEST,FREE,,0,18/06/2026,FREDDO,,
SIC01834,1834,PERSONA,81LEAD|ContattiMirco|Labotecnic1|Labotecnic2,Backup_sicurissimo,Engine v1_2026-02-24_03-38 estr,,,,,IT,,,,,,,,,annasucato@gmail.com,,,,,,,,,Italia,,,,,,,,,,,,,,,,,,,,GUEST,FREE,,0,18/06/2026,FREDDO,,
SIC01835,1835,PERSONA,81LEAD|ContattiMirco|Labotecnic1|Labotecnic2,Backup_sicurissimo,Engine v1_2026-02-24_03-38 estr,,,,,IT,,,,,,,,,adriatica.srl@virgilio.it,,,,,,,,,Italia,,,,,,,,,,,,,,,,,,,,GUEST,FREE,,0,18/06/2026,FREDDO,,
SIC01836,1836,PERSONA,81LEAD|ContattiMirco|Labotecnic1|Labotecnic2,Backup_sicurissimo,Engine v1_2026-02-24_03-38 estr,,,,,IT,,,,,,,,,andreaemusica@tin.it,,,,,,,,,Italia,,,,,,,,,,,,,,,,,,,,GUEST,FREE,,0,18/06/2026,FREDDO,,
SIC01837,1837,PERSONA,81LEAD|ContattiMirco|Labotecnic1|Labotecnic2,Backup_sicurissimo,Engine v1_2026-02-24_03-38 estr,,,,,IT,,,,,,,,,acavagnini@libero.it,,,,,,,,,Italia,,,,,,,,,,,,,,,,,,,,GUEST,FREE,,0,18/06/2026,FREDDO,,
SIC01838,1838,PERSONA,81LEAD|ContattiMirco|Labotecnic1|Labotecnic2,Backup_sicurissimo,Engine v1_2026-02-24_03-38 estr,,,,,IT,,,,,,,,,adria@acstudiolex.it,,,,,,,,,Italia,,,,,,,,,,,,,,,,,,,,GUEST,FREE,,0,18/06/2026,FREDDO,,
SIC01839,1839,PERSONA,81LEAD|ContattiMirco|Labotecnic1|Labotecnic2,Backup_sicurissimo,Engine v1_2026-02-24_03-38 estr,,,,,IT,,,,,,,,,andreamalacarne82@gmail.com,,,,,,,,,Italia,,,,,,,,,,,,,,,,,,,,GUEST,FREE,,0,18/06/2026,FREDDO,,
SIC01840,1840,PERSONA,81LEAD|ContattiMirco|EmailMirco,Backup_sicurissimo,Engine v1_2026-02-24_03-38 estr,,,,,IT,,,,,,,,,support@pixartprinting.com,,,,,,,,,Italia,,,,,,,,,,,,,,,,,,,,GUEST,FREE,,0,18/06/2026,FREDDO,,
SIC01841,1841,PERSONA,81LEAD|ContattiMirco|Labotecnic1|Labotecnic2,Backup_sicurissimo,Engine v1_2026-02-24_03-38 estr,,,,,IT,,,,,,,,,abortolato@libero.it,,,,,,,,,Italia,,,,,,,,,,,,,,,,,,,,GUEST,FREE,,0,18/06/2026,FREDDO,,
SIC01842,1842,PERSONA,81LEAD|ContattiMirco,Backup_sicurissimo,Engine v1_2026-02-24_03-38 estr,,,,,IT,,,,,,,,,advice@2sconsulting.eu,,,,,,,,,Italia,,,,,,,,,,,,,,,,,,,,GUEST,FREE,,0,18/06/2026,FREDDO,,
SIC01843,1843,PERSONA,81LEAD|ContattiMirco|Labotecnic1|Labotecnic2,Backup_sicurissimo,Engine v1_2026-02-24_03-38 estr,,,,,IT,,,,,,,,,acquisti@guardianlavori.it,,,,,,,,,Italia,,,,,,,,,,,,,,,,,,,,GUEST,FREE,,0,18/06/2026,FREDDO,,
SIC01844,1844,PERSONA,81LEAD|ContattiMirco|Labotecnic1|Labotecnic2,Backup_sicurissimo,Engine v1_2026-02-24_03-38 estr,,,,,IT,,,,,,,,,antonelladevincenzo@hotmail.it,,,,,,,,,Italia,,,,,,,,,,,,,,,,,,,,GUEST,FREE,,0,18/06/2026,FREDDO,,
SIC01845,1845,PERSONA,81LEAD|ContattiMirco|Labotecnic1|Labotecnic2,Backup_sicurissimo,Engine v1_2026-02-24_03-38 estr,,,,,IT,,,,,,,,,agenzia55.capannori@gmail.com,,,,,,,,,Italia,,,,,,,,,,,,,,,,,,,,GUEST,FREE,,0,18/06/2026,FREDDO,,
SIC01846,1846,PERSONA,81LEAD|ContattiMirco|Labotecnic1|Labotecnic2,Backup_sicurissimo,Engine v1_2026-02-24_03-38 estr,,,,,IT,,,,,,,,,agiovannig@gmail.com,,,,,,,,,Italia,,,,,,,,,,,,,,,,,,,,GUEST,FREE,,0,18/06/2026,FREDDO,,
SIC01847,1847,PERSONA,81LEAD|ContattiMirco|Labotecnic1|Labotecnic2,Backup_sicurissimo,Engine v1_2026-02-24_03-38 estr,,,,,IT,,,,,,,,,adrycavaliere@hotmail.it,,,,,,,,,Italia,,,,,,,,,,,,,,,,,,,,GUEST,FREE,,0,18/06/2026,FREDDO,,
SIC01848,1848,PERSONA,81LEAD|ContattiMirco|Labotecnic1|Labotecnic2,Backup_sicurissimo,Engine v1_2026-02-24_03-38 estr,,,,,IT,,,,,,,,,andreadebei@gmail.com,,,,,,,,,Italia,,,,,,,,,,,,,,,,,,,,GUEST,FREE,,0,18/06/2026,FREDDO,,
SIC01849,1849,PERSONA,81LEAD|ContattiMirco|Labotecnic1|Labotecnic2,Backup_sicurissimo,Engine v1_2026-02-24_03-38 estr,,,,,IT,,,,,,,,,assistenza@prontopro.it,,,,,,,,,Italia,,,,,,,,,,,,,,,,,,,,GUEST,FREE,,0,18/06/2026,FREDDO,,
SIC01850,1850,PERSONA,81LEAD|ContattiMirco|EmailMirco,Backup_sicurissimo,Engine v1_2026-02-24_03-38 estr,,,,,IT,,,,,,,,,assistenza@alfiobardolla.com,,,,,,,,,Italia,,,,,,,,,,,,,,,,,,,,GUEST,FREE,,0,18/06/2026,FREDDO,,
SIC01851,1851,PERSONA,81LEAD|ContattiMirco,Backup_sicurissimo,Engine v1_2026-02-24_03-38 estr,,,,,IT,,,,,,,,,artur.karenych1995@gmail.com,,,,,,,,,Italia,,,,,,,,,,,,,,,,,,,,GUEST,FREE,,0,18/06/2026,FREDDO,,
SIC01852,1852,PERSONA,81LEAD|ContattiMirco|EmailMirco,Backup_sicurissimo,Engine v1_2026-02-24_03-38 estr,,,,,IT,,,,,,,,,ascanioferrara1@virgilio.it,,,,,,,,,Italia,,,,,,,,,,,,,,,,,,,,GUEST,FREE,,0,18/06/2026,FREDDO,,
SIC01853,1853,PERSONA,81LEAD|ContattiMirco|EmailMirco|Labotecnic1|Labotecnic2,Backup_sicurissimo,Engine v1_2026-02-24_03-38 estr,,,,,IT,,,,,,,,,asd.marlinone@libero.it,,,,,,,,,Italia,,,,,,,,,,,,,,,,,,,,GUEST,FREE,,0,18/06/2026,FREDDO,,
SIC01854,1854,PERSONA,81LEAD|ContattiMirco|Labotecnic1|Labotecnic2,Backup_sicurissimo,Engine v1_2026-02-24_03-38 estr,,,,,IT,,,,,,,,,architetto.dargenio@gmail.com,,,,,,,,,Italia,,,,,,,,,,,,,,,,,,,,GUEST,FREE,,0,18/06/2026,FREDDO,,
SIC01855,1855,PERSONA,81LEAD|ContattiMirco|Labotecnic1|Labotecnic2,Backup_sicurissimo,Engine v1_2026-02-24_03-38 estr,,,,,IT,,,,,,,,,artlegno.giurgi@yahoo.it,,,,,,,,,Italia,,,,,,,,,,,,,,,,,,,,GUEST,FREE,,0,18/06/2026,FREDDO,,
SIC01856,1856,PERSONA,81LEAD|ContattiMirco|Labotecnic1|Labotecnic2,Backup_sicurissimo,Engine v1_2026-02-24_03-38 estr,,,,,IT,,,,,,,,,antaro1964@libero.it,,,,,,,,,Italia,,,,,,,,,,,,,,,,,,,,GUEST,FREE,,0,18/06/2026,FREDDO,,
SIC01857,1857,PERSONA,81LEAD|ContattiMirco|Labotecnic1|Labotecnic2,Backup_sicurissimo,Engine v1_2026-02-24_03-38 estr,,,,,IT,,,,,,,,,assisten.studiobanin@libero.it,,,,,,,,,Italia,,,,,,,,,,,,,,,,,,,,GUEST,FREE,,0,18/06/2026,FREDDO,,
SIC01858,1858,PERSONA,81LEAD|ContattiMirco|EmailMirco,Backup_sicurissimo,Engine v1_2026-02-24_03-38 estr,,,,,IT,,,,,,,,,assistenza@acca.it,,,,,,,,,Italia,,,,,,,,,,,,,,,,,,,,GUEST,FREE,,0,18/06/2026,FREDDO,,
SIC01859,1859,PERSONA,81LEAD|ContattiMirco|Labotecnic1|Labotecnic2,Backup_sicurissimo,Engine v1_2026-02-24_03-38 estr,,,,,IT,,,,,,,,,arch.crepaldi@ambiterr.it,,,,,,,,,Italia,,,,,,,,,,,,,,,,,,,,GUEST,FREE,,0,18/06/2026,FREDDO,,
SIC01860,1860,PERSONA,81LEAD|ContattiMirco|Labotecnic1|Labotecnic2,Backup_sicurissimo,Engine v1_2026-02-24_03-38 estr,,,,,IT,,,,,,,,,arseniorapeggia@libero.it,,,,,,,,,Italia,,,,,,,,,,,,,,,,,,,,GUEST,FREE,,0,18/06/2026,FREDDO,,
SIC01861,1861,PERSONA,81LEAD|ContattiMirco|Labotecnic1|Labotecnic2,Backup_sicurissimo,Engine v1_2026-02-24_03-38 estr,,,,,IT,,,,,,,,,artigianato@ccsa-castelfranco.191.it,,,,,,,,,Italia,,,,,,,,,,,,,,,,,,,,GUEST,FREE,,0,18/06/2026,FREDDO,,
SIC01862,1862,PERSONA,81LEAD|ContattiMirco|Labotecnic1|Labotecnic2,Backup_sicurissimo,Engine v1_2026-02-24_03-38 estr,,,,,IT,,,,,,,,,artimpianti.snc@libero.it,,,,,,,,,Italia,,,,,,,,,,,,,,,,,,,,GUEST,FREE,,0,18/06/2026,FREDDO,,
SIC01863,1863,PERSONA,81LEAD|ContattiMirco|EmailMirco,Backup_sicurissimo,Engine v1_2026-02-24_03-38 estr,,,,,IT,,,,,,,,,artisti.leonardo@studipozzato.it,,,,,,,,,Italia,,,,,,,,,,,,,,,,,,,,GUEST,FREE,,0,18/06/2026,FREDDO,,
SIC01864,1864,PERSONA,81LEAD|ContattiMirco|EmailMirco,Backup_sicurissimo,Engine v1_2026-02-24_03-38 estr,,,,,IT,,,,,,,,,armando.71cotugno@gmail.com,,,,,,,,,Italia,,,,,,,,,,,,,,,,,,,,GUEST,FREE,,0,18/06/2026,FREDDO,,
SIC01865,1865,PERSONA,81LEAD|ContattiMirco|Labotecnic1|Labotecnic2,Backup_sicurissimo,Engine v1_2026-02-24_03-38 estr,,,,,IT,,,,,,,,,alexthebig@hotmail.com,,,,,,,,,Italia,,,,,,,,,,,,,,,,,,,,GUEST,FREE,,0,18/06/2026,FREDDO,,
SIC01866,1866,PERSONA,81LEAD|ContattiMirco|Labotecnic1|Labotecnic2,Backup_sicurissimo,Engine v1_2026-02-24_03-38 estr,,,,,IT,,,,,,,,,armigliato.andrea@libero.it,,,,,,,,,Italia,,,,,,,,,,,,,,,,,,,,GUEST,FREE,,0,18/06/2026,FREDDO,,
SIC01867,1867,PERSONA,81LEAD|ContattiMirco|Labotecnic1|Labotecnic2,Backup_sicurissimo,Engine v1_2026-02-24_03-38 estr,,,,,IT,,,,,,,,,aromasrl@virgilio.it,,,,,,,,,Italia,,,,,,,,,,,,,,,,,,,,GUEST,FREE,,0,18/06/2026,FREDDO,,
SIC01868,1868,PERSONA,81LEAD|ContattiMirco|Labotecnic1|Labotecnic2,Backup_sicurissimo,Engine v1_2026-02-24_03-38 estr,,,,,IT,,,,,,,,,antwiisaac444@gmail.com,,,,,,,,,Italia,,,,,,,,,,,,,,,,,,,,GUEST,FREE,,0,18/06/2026,FREDDO,,
SIC01869,1869,PERSONA,81LEAD|ContattiMirco|EmailMirco,Backup_sicurissimo,Engine v1_2026-02-24_03-38 estr,,,,,IT,,,,,,,,,assistenza@sambin.com,,,,,,,,,Italia,,,,,,,,,,,,,,,,,,,,GUEST,FREE,,0,18/06/2026,FREDDO,,
SIC01870,1870,PERSONA,81LEAD|ContattiMirco|Labotecnic1|Labotecnic2,Backup_sicurissimo,Engine v1_2026-02-24_03-38 estr,,,,,IT,,,,,,,,,archvaleriogibin@libero.it,,,,,,,,,Italia,,,,,,,,,,,,,,,,,,,,GUEST,FREE,,0,18/06/2026,FREDDO,,
SIC01871,1871,PERSONA,81LEAD|ContattiMirco|EmailMirco,Backup_sicurissimo,Engine v1_2026-02-24_03-38 estr,,,,,IT,,,,,,,,,architettocalzavara@libero.it,,,,,,,,,Italia,,,,,,,,,,,,,,,,,,,,GUEST,FREE,,0,18/06/2026,FREDDO,,
SIC01872,1872,PERSONA,81LEAD|ContattiMirco|EmailMirco,Backup_sicurissimo,Engine v1_2026-02-24_03-38 estr,,,,,IT,,,,,,,,,allamyassin8@gmail.com,,,,,,,,,Italia,,,,,,,,,,,,,,,,,,,,GUEST,FREE,,0,18/06/2026,FREDDO,,
SIC01873,1873,PERSONA,81LEAD|ContattiMirco|Labotecnic1|Labotecnic2,Backup_sicurissimo,Engine v1_2026-02-24_03-38 estr,,,,,IT,,,,,,,,,assocfidi@libero.it,,,,,,,,,Italia,,,,,,,,,,,,,,,,,,,,GUEST,FREE,,0,18/06/2026,FREDDO,,
SIC01874,1874,PERSONA,81LEAD|ContattiMirco|Labotecnic1|Labotecnic2,Backup_sicurissimo,Engine v1_2026-02-24_03-38 estr,,,,,IT,,,,,,,,,aleing29@libero.it,,,,,,,,,Italia,,,,,,,,,,,,,,,,,,,,GUEST,FREE,,0,18/06/2026,FREDDO,,
SIC01875,1875,PERSONA,81LEAD|ContattiMirco|Labotecnic1|Labotecnic2,Backup_sicurissimo,Engine v1_2026-02-24_03-38 estr,,,,,IT,,,,,,,,,ale.pre81@gmail.com,,,,,,,,,Italia,,,,,,,,,,,,,,,,,,,,GUEST,FREE,,0,18/06/2026,FREDDO,,
SIC01876,1876,PERSONA,81LEAD|ContattiMirco|EmailMirco|Labotecnic1|Labotecnic2,Backup_sicurissimo,Engine v1_2026-02-24_03-38 estr,,,,,IT,,,,,,,,,ale.calca@yahoo.it,,,,,,,,,Italia,,,,,,,,,,,,,,,,,,,,GUEST,FREE,,0,18/06/2026,FREDDO,,
SIC01877,1877,PERSONA,81LEAD|ContattiMirco|Labotecnic1|Labotecnic2,Backup_sicurissimo,Engine v1_2026-02-24_03-38 estr,,,,,IT,,,,,,,,,aldomassimo65@gmail.com,,,,,,,,,Italia,,,,,,,,,,,,,,,,,,,,GUEST,FREE,,0,18/06/2026,FREDDO,,
SIC01878,1878,PERSONA,81LEAD|ContattiMirco|Labotecnic1|Labotecnic2,Backup_sicurissimo,Engine v1_2026-02-24_03-38 estr,,,,,IT,,,,,,,,,apveneziano@libero.it,,,,,,,,,Italia,,,,,,,,,,,,,,,,,,,,GUEST,FREE,,0,18/06/2026,FREDDO,,
SIC01879,1879,PERSONA,81LEAD|ContattiMirco|EmailMirco,Backup_sicurissimo,Engine v1_2026-02-24_03-38 estr,,,,,IT,,,,,,,,,anzolettimichele@gmail.com,,,,,,,,,Italia,,,,,,,,,,,,,,,,,,,,GUEST,FREE,,0,18/06/2026,FREDDO,,
SIC01880,1880,PERSONA,81LEAD|ContattiMirco|Labotecnic1|Labotecnic2,Backup_sicurissimo,Engine v1_2026-02-24_03-38 estr,,,,,IT,,,,,,,,,arco_studio@tin.it,,,,,,,,,Italia,,,,,,,,,,,,,,,,,,,,GUEST,FREE,,0,18/06/2026,FREDDO,,
SIC01881,1881,PERSONA,81LEAD|ContattiMirco|Labotecnic1|Labotecnic2,Backup_sicurissimo,Engine v1_2026-02-24_03-38 estr,,,,,IT,,,,,,,,,alemiaz@live.it,,,,,,,,,Italia,,,,,,,,,,,,,,,,,,,,GUEST,FREE,,0,18/06/2026,FREDDO,,
SIC01882,1882,PERSONA,81LEAD|ContattiMirco|Labotecnic1|Labotecnic2,Backup_sicurissimo,Engine v1_2026-02-24_03-38 estr,,,,,IT,,,,,,,,,alejandrosaorin@gmail.com,,,,,,,,,Italia,,,,,,,,,,,,,,,,,,,,GUEST,FREE,,0,18/06/2026,FREDDO,,
SIC01883,1883,PERSONA,81LEAD|ContattiMirco|EmailMirco,Backup_sicurissimo,Engine v1_2026-02-24_03-38 estr,,,,,IT,,,,,,,,,anna.campion@live.it,,,,,,,,,Italia,,,,,,,,,,,,,,,,,,,,GUEST,FREE,,0,18/06/2026,FREDDO,,
SIC01884,1884,PERSONA,81LEAD|ContattiMirco|Labotecnic1|Labotecnic2,Backup_sicurissimo,Engine v1_2026-02-24_03-38 estr,,,,,IT,,,,,,,,,angy.ake@gmail.com,,,,,,,,,Italia,,,,,,,,,,,,,,,,,,,,GUEST,FREE,,0,18/06/2026,FREDDO,,
SIC01885,1885,PERSONA,81LEAD|ContattiMirco,Backup_sicurissimo,Engine v1_2026-02-24_03-38 estr,,,,,IT,,,,,,,,,ali.homayoni93@gmail.com,,,,,,,,,Italia,,,,,,,,,,,,,,,,,,,,GUEST,FREE,,0,18/06/2026,FREDDO,,
SIC01886,1886,PERSONA,81LEAD|ContattiMirco|Labotecnic1|Labotecnic2,Backup_sicurissimo,Engine v1_2026-02-24_03-38 estr,,,,,IT,,,,,,,,,arch.cappato@libero.it,,,,,,,,,Italia,,,,,,,,,,,,,,,,,,,,GUEST,FREE,,0,18/06/2026,FREDDO,,
SIC01887,1887,PERSONA,81LEAD|ContattiMirco|Labotecnic1|Labotecnic2,Backup_sicurissimo,Engine v1_2026-02-24_03-38 estr,,,,,IT,,,,,,,,,andreavettore@alice.it,,,,,,,,,Italia,,,,,,,,,,,,,,,,,,,,GUEST,FREE,,0,18/06/2026,FREDDO,,
SIC01888,1888,PERSONA,81LEAD|ContattiMirco|Labotecnic1|Labotecnic2,Backup_sicurissimo,Engine v1_2026-02-24_03-38 estr,,,,,IT,,,,,,,,,arch.augusti@studioarchitetturaleonardo.it,,,,,,,,,Italia,,,,,,,,,,,,,,,,,,,,GUEST,FREE,,0,18/06/2026,FREDDO,,
SIC01889,1889,PERSONA,ContattiMirco|EmailMirco|Labotecnic1|Labotecnic2,Backup_sicurissimo,Engine v1_2026-02-24_03-38 estr,,,,,IT,,,,,,,,,antonella.pomarico@consfor.com,,3933193255950,3933193255950,,,,,,Italia,,,,,,,,,,,,,,,,,,,,GUEST,FREE,,0,18/06/2026,FREDDO,,
SIC01890,1890,PERSONA,ContattiMirco|EmailMirco,Backup_sicurissimo,Engine v1_2026-02-24_03-38 estr,,,,,IT,,,,,,,,,andres.benito@surfnatur.com,,,,,,,,,Italia,,,,,,,,,,,,,,,,,,,,GUEST,FREE,,0,18/06/2026,FREDDO,,
SIC01891,1891,PERSONA,ContattiMirco|Labotecnic1|Labotecnic2,Backup_sicurissimo,Engine v1_2026-02-24_03-38 estr,,,,,IT,,,,,,,,,arkstudio.marzolla@libero.it,,,,,,,,,Italia,,,,,,,,,,,,,,,,,,,,GUEST,FREE,,0,18/06/2026,FREDDO,,
SIC01892,1892,PERSONA,81LEAD|ContattiMirco|EmailMirco|Labotecnic1|Labotecnic2,Dott,Engine v1_2026-02-24_03-38 estr,,,,,IT,,,,,,,,,dott.fioravanti@stargatenet.it,,,,,,,,,Italia,,,,,,,,,,,,,,,,,,,,GUEST,FREE,,0,18/06/2026,FREDDO,,
SIC01893,1893,PERSONA,81LEAD|ContattiMirco|Labotecnic1|Labotecnic2,Duo,Engine v1_2026-02-24_03-38 estr,,,,,IT,,,,,,,,,duo.serramenti@gmail.com,,,,,,,,,Italia,,,,,,,,,,,,,,,,,,,,GUEST,FREE,,0,18/06/2026,FREDDO,,
SIC01894,1894,PERSONA,81LEAD|ContattiMirco|Labotecnic1|Labotecnic2,Duo,Engine v1_2026-02-24_03-38 estr,,,,,IT,,,,,,,,,duo.devid@gmail.com,,,,,,,,,Italia,,,,,,,,,,,,,,,,,,,,GUEST,FREE,,0,18/06/2026,FREDDO,,
SIC01895,1895,PERSONA,81LEAD|ContattiMirco|EmailMirco|Labotecnic1|Labotecnic2,Eprosperi,Engine v1_2026-02-24_03-38 estr,,,,,IT,,,,,,,,,eprosperi@notariato.it,,,,,,,,,Italia,,,,,,,,,,,,,,,,,,,,GUEST,FREE,,0,18/06/2026,FREDDO,,
SIC01896,1896,PERSONA,81LEAD|ContattiMirco|EmailMirco|Labotecnic1|Labotecnic2,Frampazzo,Engine v1_2026-02-24_03-38 estr,,,,,IT,,,,,,,,,frampazzo@notariato.it,,,,,,,,,Italia,,,,,,,,,,,,,,,,,,,,GUEST,FREE,,0,18/06/2026,FREDDO,,
SIC01897,1897,PERSONA,81LEAD|ContattiMirco|Labotecnic1|Labotecnic2,Lendinara,Engine v1_2026-02-24_03-38 estr,,,,,IT,,,,,,,,,lendinara@cnaro.it,,,,,,,,,Italia,,,,,,,,,,,,,,,,,,,,GUEST,FREE,,0,18/06/2026,FREDDO,,
SIC01898,1898,PERSONA,81LEAD|ContattiMirco|Labotecnic1|Labotecnic2,Pavan,Engine v1_2026-02-24_03-38 estr,,,,,IT,,,,,,,,,pavan.l@cnaro.it,,,,,,,,,Italia,,,,,,,,,,,,,,,,,,,,GUEST,FREE,,0,18/06/2026,FREDDO,,
SIC01899,1899,PERSONA,81LEAD|ContattiMirco|EmailMirco|Labotecnic1|Labotecnic2,Renzoflaviomoretto,Engine v1_2026-02-24_03-38 estr,,,,,IT,,,,,,,,,renzoflaviomoretto@gmail.com,,329291063000,329291063000,,,,,,Italia,,,,,,,,,,,,,,,,,,,,GUEST,FREE,,0,18/06/2026,FREDDO,,
SIC01900,1900,PERSONA,81LEAD|ContattiMirco|EmailMirco,Support+id,Engine v1_2026-02-24_03-38 estr,,,,,IT,,,,,,,,,support+id52004@hyperpayhelp.zendesk.com,,346732796500,346732796500,,,,,,Italia,,,,,,,,,,,,,,,,,,,,GUEST,FREE,,0,18/06/2026,FREDDO,,
SIC01901,1901,PERSONA,81LEAD|ContattiMirco|EmailMirco,Support+id,Engine v1_2026-02-24_03-38 estr,,,,,IT,,,,,,,,,support+id45403@hyperpayhelp.zendesk.com,,338433364300,338433364300,,,,,,Italia,,,,,,,,,,,,,,,,,,,,GUEST,FREE,,0,18/06/2026,FREDDO,,
SIC01902,1902,PERSONA,81LEAD|ContattiMirco|EmailMirco,Support+id,Engine v1_2026-02-24_03-38 estr,,,,,IT,,,,,,,,,support+id34967@hyperpayhelp.zendesk.com,,329394366700,329394366700,,,,,,Italia,,,,,,,,,,,,,,,,,,,,GUEST,FREE,,0,18/06/2026,FREDDO,,
SIC01903,1903,PERSONA,81LEAD|ContattiMirco|EmailMirco|Labotecnic1|Labotecnic2,Gobbato,Enrico,,,,,IT,,,,,,,,,info.enrico72@gmail.com,,,,,,,,,Italia,,,,,,,,,,,,,,,,,,,,GUEST,FREE,,0,18/06/2026,FREDDO,,
SIC01904,1904,PERSONA,81LEAD|ContattiMirco|EmailMirco|Labotecnic1|Labotecnic2,Saccoman,Enrico,,,,,IT,,,,,,,,,saccoman.enrico@libero.it,,3934079848840,3934079848840,,,,,,Italia,,,,,,,,,,,,,,,,,,,,GUEST,FREE,,0,18/06/2026,FREDDO,,
SIC01905,1905,PERSONA,81LEAD|EmailMirco,Edilmaino,Enterprise,,,,,IT,,,,,,,,,milvo.ufficiotecnico@edilmaino.com,,390343346770,390343346770,,,,,,Italia,,,,,,,,,,,,,,,,,,,,GUEST,FREE,,0,18/06/2026,FREDDO,,
SIC01906,1906,PERSONA,81LEAD|ContattiMirco|EmailMirco,Stefania,Erdmann,,,,,IT,,,,,,,,,stefyerdmann@gmail.com,,3934546966900,3934546966900,,,,,,Italia,,,,,,,,,,,,,,,,,,,,GUEST,FREE,,0,18/06/2026,FREDDO,,
SIC01907,1907,PERSONA,81LEAD|ContattiMirco|EmailMirco|Labotecnic1|Labotecnic2,Elierrante2,Errante,,,,,IT,,,,,,,,,elierrante2@gmail.com,,,,,,,,,Italia,,,,,,,,,,,,,,,,,,,,GUEST,FREE,,0,18/06/2026,FREDDO,,
SIC01908,1908,PERSONA,81LEAD|ContattiMirco|EmailMirco|Labotecnic1|Labotecnic2,Maiorano,Ester,,,,,IT,,,,,,,,,maiorano.ester@libero.it,,,,,,,,,Italia,,,,,,,,,,,,,,,,,,,,GUEST,FREE,,0,18/06/2026,FREDDO,,
SIC01909,1909,PERSONA,81LEAD|ContattiMirco|EmailMirco|Labotecnic1|Labotecnic2,Maurizio,Estintori,,,,,IT,,,,,,,,,direzione@vm-antincendi.it,,3934874466290,3934874466290,,,,,,Italia,,,,,,,,,,,,,,,,,,,,GUEST,FREE,,0,18/06/2026,FREDDO,,
SIC01910,1910,PERSONA,81LEAD|ContattiMirco|EmailMirco,Farinazzoandrea,Euro hygiene,,,,,IT,,,,,,,,,farinazzoandrea@gmail.com,,3934036757110,3934036757110,,,,,,Italia,,,,,,,,,,,,,,,,,,,,GUEST,FREE,,0,18/06/2026,FREDDO,,
SIC01911,1911,PERSONA,81LEAD|ContattiMirco|EmailMirco,Il,Euroffice,,,,,IT,,,,,,,,,supporto@euroffice.it,,,,,,,,,Italia,,,,,,,,,,,,,,,,,,,,GUEST,FREE,,0,18/06/2026,FREDDO,,
SIC01912,1912,PERSONA,81LEAD|ContattiMirco|EmailMirco,Italia,Expo,,,,,IT,,,,,,,,,info@italiasurfexpo.it,,,,,,,,,Italia,,,,,,,,,,,,,,,,,,,,GUEST,FREE,,0,18/06/2026,FREDDO,,
SIC01913,1913,PERSONA,81LEAD|ContattiMirco|EmailMirco|Labotecnic1|Labotecnic2,Simone,Eynard,,,,,IT,,,,,,,,,simone.eynard@gmail.com,,3935157848100,3935157848100,,,,,,Italia,,,,,,,,,,,,,,,,,,,,GUEST,FREE,,0,18/06/2026,FREDDO,,
SIC01914,1914,PERSONA,81LEAD|EmailMirco,Fornoni,F.lli,,,,,IT,,,,,,,,,info@fornoniflli.it,,390359054270,390359054270,,,,,,Italia,,,,,,,,,,,,,,,,,,,,GUEST,FREE,,0,18/06/2026,FREDDO,,
SIC01915,1915,PERSONA,81LEAD|EmailMirco,Monaci,F.lli,,,,,IT,,,,,,,,,info@monaciedilizia.it,,390345714070,390345714070,,,,,,Italia,,,,,,,,,,,,,,,,,,,,GUEST,FREE,,0,18/06/2026,FREDDO,,
SIC01916,1916,PERSONA,81LEAD,Autospurghi,F.lli Consiglio,,,,,IT,,,,,,,,,marcoconsiglio75@libero.it,,,,,,,,,Italia,,,,,,,,,,,,,,,,,,,,GUEST,FREE,,0,18/06/2026,FREDDO,,
SIC01917,1917,PERSONA,81LEAD|EmailMirco,BigMat,F.lli Crusco,,,,,IT,,,,,,,,,expo@cruscoceramiche.com,,3909858012310,3909858012310,,,,,,Italia,,,,,,,,,,,,,,,,,,,,GUEST,FREE,,0,18/06/2026,FREDDO,,
SIC01918,1918,PERSONA,81LEAD|ContattiMirco|EmailMirco,Andrea,FINOTTO,,,,,IT,,,,,,,,,andrea.finotto1986@gmail.com,,3934772892520,3934772892520,,,,,,Italia,,,,,,,,,,,,,,,,,,,,GUEST,FREE,,0,18/06/2026,FREDDO,,
SIC01919,1919,PERSONA,81LEAD|EmailMirco,EDIL,FR.AN 1967,,,,,IT,,,,,,,,,reclami@edilfran.it,,3909667172060,3909667172060,,,,,,Italia,,,,,,,,,,,,,,,,,,,,GUEST,FREE,,0,18/06/2026,FREDDO,,
SIC01920,1920,PERSONA,81LEAD|ContattiMirco|EmailMirco|Labotecnic1|Labotecnic2,Giulia,FTV,,,,,IT,,,,,,,,,giulia.bergamin92@gmail.com,,3934773341480,3934773341480,,,,,,Italia,,,,,,,,,,,,,,,,,,,,GUEST,FREE,,0,18/06/2026,FREDDO,,
SIC01921,1921,PERSONA,81LEAD|ContattiMirco|EmailMirco,Matteo,Fabbri,,,,,IT,,,,,,,,,matteo.fabbri@enaip.veneto.it,,,,,,,,,Italia,,,,,,,,,,,,,,,,,,,,GUEST,FREE,,0,18/06/2026,FREDDO,,
SIC01922,1922,PERSONA,81LEAD|ContattiMirco|Labotecnic1|Labotecnic2,Bovolenta,Fabio,,,,,IT,,,,,,,,,bovolenta.fabio@libero.it,,3934764886920,3934764886920,,,,,,Italia,,,,,,,,,,,,,,,,,,,,GUEST,FREE,,0,18/06/2026,FREDDO,,
SIC01923,1923,PERSONA,81LEAD|ContattiMirco|EmailMirco|Labotecnic1|Labotecnic2,Vania,Fabris,,,,,IT,,,,,,,,,vania.fabris@libero.it,,,,,,,,,Italia,,,,,,,,,,,,,,,,,,,,GUEST,FREE,,0,18/06/2026,FREDDO,,
SIC01924,1924,PERSONA,81LEAD|ContattiMirco|EmailMirco|Labotecnic1|Labotecnic2,Fermani,Fabrizio,,,,,IT,,,,,,,,,fermani.fabrizio@gmail.com,,,,,,,,,Italia,,,,,,,,,,,,,,,,,,,,GUEST,FREE,,0,18/06/2026,FREDDO,,
SIC01925,1925,PERSONA,81LEAD|ContattiMirco|EmailMirco,Maria,Faccin,,,,,IT,,,,,,,,,m.faccin@progettorisparmioenergetico.it,,3933898081260,3933898081260,,,,,,Italia,,,,,,,,,,,,,,,,,,,,GUEST,FREE,,0,18/06/2026,FREDDO,,
SIC01926,1926,PERSONA,81LEAD|ContattiMirco|EmailMirco,Maria,Faccin,,,,,IT,,,,,,,,,m.faccin@greenenergyitalia.it,,,,,,,,,Italia,,,,,,,,,,,,,,,,,,,,GUEST,FREE,,0,18/06/2026,FREDDO,,
SIC01927,1927,PERSONA,81LEAD|ContattiMirco|Labotecnic1|Labotecnic2,Paolo,Facco,,,,,IT,,,,,,,,,paolo.facco@cambiscena.it,,3934824722190,3934824722190,,,,,,Italia,,,,,,,,,,,,,,,,,,,,GUEST,FREE,,0,18/06/2026,FREDDO,,
SIC01928,1928,PERSONA,81LEAD|ContattiMirco|EmailMirco|Labotecnic1|Labotecnic2,Stefano,Faita,,,,,IT,,,,,,,,,stefano.faita@sicurcond.it,,3933816862860,3933816862860,,,,,,Italia,,,,,,,,,,,,,,,,,,,,GUEST,FREE,,0,18/06/2026,FREDDO,,
SIC01929,1929,PERSONA,81LEAD|ContattiMirco|EmailMirco,Vale,Falconi,,,,,IT,,,,,,,,,vale.falconi@libero.it,,3932006059140,3932006059140,,,,,,Italia,,,,,,,,,,,,,,,,,,,,GUEST,FREE,,0,18/06/2026,FREDDO,,
SIC01930,1930,PERSONA,ContattiMirco|Labotecnic1|Labotecnic2,Patrizia,Fanciulli,,,,,IT,,,,,,,,,patrizia.fanciulli@fanscomputer.it,,,,,,,,,Italia,,,,,,,,,,,,,,,,,,,,GUEST,FREE,,0,18/06/2026,FREDDO,,
SIC01931,1931,PERSONA,81LEAD|ContattiMirco|Labotecnic1|Labotecnic2,Elisa,Fanton,,,,,IT,,,,,,,,,elisa.fanton@proseccoardenghi.it,,3934916902720,3934916902720,,,,,,Italia,,,,,,,,,,,,,,,,,,,,GUEST,FREE,,0,18/06/2026,FREDDO,,
SIC01932,1932,PERSONA,81LEAD|ContattiMirco|EmailMirco|Labotecnic1|Labotecnic2,Famitalia,Fe,,,,,IT,,,,,,,,,famitalia.fe@gmail.com,,,,,,,,,Italia,,,,,,,,,,,,,,,,,,,,GUEST,FREE,,0,18/06/2026,FREDDO,,
SIC01933,1933,PERSONA,81LEAD|ContattiMirco|EmailMirco|Labotecnic1|Labotecnic2,Essegi,Federica,,,,,IT,,,,,,,,,essegi.federica@gmail.com,,,,,,,,,Italia,,,,,,,,,,,,,,,,,,,,GUEST,FREE,,0,18/06/2026,FREDDO,,
SIC01934,1934,PERSONA,81LEAD|ContattiMirco|EmailMirco|Labotecnic1|Labotecnic2,Lago,Federica,,,,,IT,,,,,,,,,lago.federica@gmail.com,,3933963312410,3933963312410,,,,,,Italia,,,,,,,,,,,,,,,,,,,,GUEST,FREE,,0,18/06/2026,FREDDO,,
SIC01935,1935,PERSONA,81LEAD|ContattiMirco|Labotecnic1|Labotecnic2,Legale,Federicapozzato,,,,,IT,,,,,,,,,legale.federicapozzato@studipozzato.it,,,,,,,,,Italia,,,,,,,,,,,,,,,,,,,,GUEST,FREE,,0,18/06/2026,FREDDO,,
SIC01936,1936,PERSONA,81LEAD|ContattiMirco|EmailMirco|Labotecnic1|Labotecnic2,Archfedericoantonio,Federico,,,,,IT,,,,,,,,,archfedericoantonio@libero.it,,3934840202880,3934840202880,,,,,,Italia,,,,,,,,,,,,,,,,,,,,GUEST,FREE,,0,18/06/2026,FREDDO,,
SIC01937,1937,PERSONA,81LEAD|ContattiMirco|EmailMirco|Labotecnic1|Labotecnic2,Bettineschi,Federico,,,,,IT,,,,,,,,,bettineschi.federico@atervenezia.it,,,,,,,,,Italia,,,,,,,,,,,,,,,,,,,,GUEST,FREE,,0,18/06/2026,FREDDO,,
SIC01938,1938,PERSONA,81LEAD|ContattiMirco|EmailMirco|Labotecnic1|Labotecnic2,Carbonera,Federico,,,,,IT,,,,,,,,,carbonera.federico@gmail.com,,,,,,,,,Italia,,,,,,,,,,,,,,,,,,,,GUEST,FREE,,0,18/06/2026,FREDDO,,
SIC01939,1939,PERSONA,ContattiMirco,Fecchio,Federico,,,,,IT,,,,,,,,,fecchio.impiantielettrici@gmail.com,,3933938979530,3933938979530,,,,,,Italia,,,,,,,,,,,,,,,,,,,,GUEST,FREE,,0,18/06/2026,FREDDO,,
SIC01940,1940,PERSONA,81LEAD|ContattiMirco|EmailMirco|Labotecnic1|Labotecnic2,Tavella,Federico,,,,,IT,,,,,,,,,tavella_federico@libero.it,,3934087828090,3934087828090,,,,,,Italia,,,,,,,,,,,,,,,,,,,,GUEST,FREE,,0,18/06/2026,FREDDO,,
SIC01941,1941,PERSONA,81LEAD|ContattiMirco|EmailMirco,Fabio,Feggi29,,,,,IT,,,,,,,,,fabio.feggi29@gmail.com,,3934881014160,3934881014160,,,,,,Italia,,,,,,,,,,,,,,,,,,,,GUEST,FREE,,0,18/06/2026,FREDDO,,
SIC01942,1942,PERSONA,81LEAD|ContattiMirco|EmailMirco|Labotecnic1|Labotecnic2,Fausto,Fellin,,,,,IT,,,,,,,,,fausto.fellin@studiofellin.it,,,,,,,,,Italia,,,,,,,,,,,,,,,,,,,,GUEST,FREE,,0,18/06/2026,FREDDO,,
SIC01943,1943,PERSONA,81LEAD|ContattiMirco|EmailMirco|Labotecnic1|Labotecnic2,Franco,Feola4,,,,,IT,,,,,,,,,franco.feola4@gmail.com,,3864744700,3864744700,,,,,,Italia,,,,,,,,,,,,,,,,,,,,GUEST,FREE,,0,18/06/2026,FREDDO,,
SIC01944,1944,PERSONA,81LEAD|ContattiMirco|EmailMirco,Riccardoferioli95,Ferioli,,,,,IT,,,,,,,,,riccardoferioli95@gmail.com,,,,,,,,,Italia,,,,,,,,,,,,,,,,,,,,GUEST,FREE,,0,18/06/2026,FREDDO,,
SIC01945,1945,PERSONA,81LEAD|ContattiMirco|EmailMirco,Luigi,Ferraiuolo2004,,,,,IT,,,,,,,,,luigi.ferraiuolo2004@libero.it,,3934591006350,3934591006350,,,,,,Italia,,,,,,,,,,,,,,,,,,,,GUEST,FREE,,0,18/06/2026,FREDDO,,
SIC01946,1946,PERSONA,81LEAD|ContattiMirco|EmailMirco|Labotecnic1|Labotecnic2,Claudio,Ferrarese,,,,,IT,,,,,,,,,claudio.ferrarese@libero.it,,3938069127480,3938069127480,,,,,,Italia,,,,,,,,,,,,,,,,,,,,GUEST,FREE,,0,18/06/2026,FREDDO,,
SIC01947,1947,PERSONA,81LEAD|ContattiMirco|EmailMirco|Labotecnic1|Labotecnic2,Stefano,Ferrarese,,,,,IT,,,,,,,,,stefano.ferrarese@alice.it,,3934825605800,3934825605800,,,,,,Italia,,,,,,,,,,,,,,,,,,,,GUEST,FREE,,0,18/06/2026,FREDDO,,
SIC01948,1948,PERSONA,81LEAD|ContattiMirco|EmailMirco|Labotecnic1|Labotecnic2,Matteo,Ferrari,,,,,IT,,,,,,,,,matteo.ferrari@lalineaverde.it,,39338306888500,39338306888500,,,,,,Italia,,,,,,,,,,,,,,,,,,,,GUEST,FREE,,0,18/06/2026,FREDDO,,
SIC01949,1949,PERSONA,81LEAD|ContattiMirco|EmailMirco|Labotecnic1|Labotecnic2,A,Ferrari315,,,,,IT,,,,,,,,,a.ferrari315@gmail.com,,,,,,,,,Italia,,,,,,,,,,,,,,,,,,,,GUEST,FREE,,0,18/06/2026,FREDDO,,
SIC01950,1950,PERSONA,81LEAD|ContattiMirco|EmailMirco|Labotecnic1|Labotecnic2,Fasulillomynames,Ferraro,,,,,IT,,,,,,,,,fasulillomynames@virgilio.it,,,,,,,,,Italia,,,,,,,,,,,,,,,,,,,,GUEST,FREE,,0,18/06/2026,FREDDO,,
SIC01951,1951,PERSONA,81LEAD|ContattiMirco|EmailMirco|Labotecnic1|Labotecnic2,Luca,Ferraro DAN Costiera,,,,,IT,,,,,,,,,luca.ferraro1978@gmail.com,,3932900919100,3932900919100,,,,,,Italia,,,,,,,,,,,,,,,,,,,,GUEST,FREE,,0,18/06/2026,FREDDO,,
SIC01952,1952,PERSONA,81LEAD|ContattiMirco|EmailMirco|Labotecnic1|Labotecnic2,A,Ferro,,,,,IT,,,,,,,,,a.ferro@costruzioniedilferro.com,,,,,,,,,Italia,,,,,,,,,,,,,,,,,,,,GUEST,FREE,,0,18/06/2026,FREDDO,,
SIC01953,1953,PERSONA,81LEAD|ContattiMirco|EmailMirco|Labotecnic1|Labotecnic2,Dilan,Ferro,,,,,IT,,,,,,,,,dilanferro@gmail.com,,3934630484190,3934630484190,,,,,,Italia,,,,,,,,,,,,,,,,,,,,GUEST,FREE,,0,18/06/2026,FREDDO,,
SIC01954,1954,PERSONA,81LEAD|ContattiMirco|EmailMirco,M,Ferro,,,,,IT,,,,,,,,,m.ferro@eco-engineering.it,,3932929991420,3932929991420,,,,,,Italia,,,,,,,,,,,,,,,,,,,,GUEST,FREE,,0,18/06/2026,FREDDO,,
SIC01955,1955,PERSONA,81LEAD|ContattiMirco|EmailMirco|Labotecnic1|Labotecnic2,Riccardo,Ferro,,,,,IT,,,,,,,,,riccardo.ferro@hotmail.it,,3934089585640,3934089585640,,,,,,Italia,,,,,,,,,,,,,,,,,,,,GUEST,FREE,,0,18/06/2026,FREDDO,,
SIC01956,1956,PERSONA,81LEAD|ContattiMirco|EmailMirco,Sds,Ferro,,,,,IT,,,,,,,,,sds.ferro@libero.it,,,,,,,,,Italia,,,,,,,,,,,,,,,,,,,,GUEST,FREE,,0,18/06/2026,FREDDO,,
SIC01957,1957,PERSONA,81LEAD|ContattiMirco,Leonardo,Fibbiani,,,,,IT,,,,,,,,,leonardo.fibbiani@gmail.com,,3934852049900,3934852049900,,,,,,Italia,,,,,,,,,,,,,,,,,,,,GUEST,FREE,,0,18/06/2026,FREDDO,,
SIC01958,1958,PERSONA,81LEAD|ContattiMirco|EmailMirco|Labotecnic1|Labotecnic2,Primacasa,Fiesso,,,,,IT,,,,,,,,,primacasa.fiesso@libero.it,,,,,,,,,Italia,,,,,,,,,,,,,,,,,,,,GUEST,FREE,,0,18/06/2026,FREDDO,,
SIC01959,1959,PERSONA,81LEAD|ContattiMirco|EmailMirco|Labotecnic1|Labotecnic2,Dolores,Fin,,,,,IT,,,,,,,,,dolores.fin@gmail.com,,,,,,,,,Italia,,,,,,,,,,,,,,,,,,,,GUEST,FREE,,0,18/06/2026,FREDDO,,
SIC01960,1960,PERSONA,81LEAD|ContattiMirco|EmailMirco|Labotecnic1|Labotecnic2,Alice,Finardi,,,,,IT,,,,,,,,,alice.finardi@ciacarr.it,,3934905689870,3934905689870,,,,,,Italia,,,,,,,,,,,,,,,,,,,,GUEST,FREE,,0,18/06/2026,FREDDO,,
SIC01961,1961,PERSONA,81LEAD|ContattiMirco|EmailMirco,Fabio,Finot,,,,,IT,,,,,,,,,finotti.fabio@sodea.it,,3933570898390,3933570898390,,,,,,Italia,,,,,,,,,,,,,,,,,,,,GUEST,FREE,,0,18/06/2026,FREDDO,,
SIC01962,1962,PERSONA,EmailMirco|Labotecnic1|Labotecnic2,Marco,Finotto,,,,,IT,,,,,,,,,marco_finotto@alice.it,,,,,,,,,Italia,,,,,,,,,,,,,,,,,,,,GUEST,FREE,,0,18/06/2026,FREDDO,,
SIC01963,1963,PERSONA,81LEAD|ContattiMirco|EmailMirco|Labotecnic1|Labotecnic2,C,Fioratto,,,,,IT,,,,,,,,,c.fioratto@fiorattomascellani.it,,,,,,,,,Italia,,,,,,,,,,,,,,,,,,,,GUEST,FREE,,0,18/06/2026,FREDDO,,
SIC01964,1964,PERSONA,81LEAD|ContattiMirco|EmailMirco|Labotecnic1|Labotecnic2,Arch,Fioravanti,,,,,IT,,,,,,,,,arch.fioravanti@gmail.com,,,,,,,,,Italia,,,,,,,,,,,,,,,,,,,,GUEST,FREE,,0,18/06/2026,FREDDO,,
SIC01965,1965,PERSONA,81LEAD|ContattiMirco,Filippofiore316,Fiore,,,,,IT,,,,,,,,,filippofiore316@gmail.com,,3932966051390,3932966051390,,,,,,Italia,,,,,,,,,,,,,,,,,,,,GUEST,FREE,,0,18/06/2026,FREDDO,,
SIC01966,1966,PERSONA,81LEAD,G,Fiorenzato,,,,,IT,,,,,,,,,g.fiorenzato@ispettorato.gov.it,,3934879374110,3934879374110,,,,,,Italia,,,,,,,,,,,,,,,,,,,,GUEST,FREE,,0,18/06/2026,FREDDO,,
SIC01967,1967,PERSONA,81LEAD|ContattiMirco|EmailMirco|Labotecnic1|Labotecnic2,Emiliana,Fiumara,,,,,IT,,,,,,,,,emiliana.fiumara@libero.it,,,,,,,,,Italia,,,,,,,,,,,,,,,,,,,,GUEST,FREE,,0,18/06/2026,FREDDO,,
SIC01968,1968,PERSONA,81LEAD|ContattiMirco|EmailMirco,Geometri,Fiziamenti,,,,,IT,,,,,,,,,geometri.finanziamenti@popso.it,,3933897096230,3933897096230,,,,,,Italia,,,,,,,,,,,,,,,,,,,,GUEST,FREE,,0,18/06/2026,FREDDO,,
SIC01969,1969,PERSONA,81LEAD|ContattiMirco|EmailMirco|Labotecnic1|Labotecnic2,Intonaci,Fl,,,,,IT,,,,,,,,,intonaci.fl@gmail.com,,,,,,,,,Italia,,,,,,,,,,,,,,,,,,,,GUEST,FREE,,0,18/06/2026,FREDDO,,
SIC01970,1970,PERSONA,81LEAD|ContattiMirco|EmailMirco|Labotecnic1|Labotecnic2,Mariateresa,Florio,,,,,IT,,,,,,,,,mariateresa.florio@tin.it,,,,,,,,,Italia,,,,,,,,,,,,,,,,,,,,GUEST,FREE,,0,18/06/2026,FREDDO,,
SIC01971,1971,PERSONA,81LEAD|ContattiMirco|EmailMirco|Labotecnic1|Labotecnic2,Geom,Fogagnolo,,,,,IT,,,,,,,,,geom.fogagnolo@gmail.com,,,,,,,,,Italia,,,,,,,,,,,,,,,,,,,,GUEST,FREE,,0,18/06/2026,FREDDO,,
SIC01972,1972,PERSONA,81LEAD|ContattiMirco|EmailMirco,Fogliatopierandrea,Fogliato,,,,,IT,,,,,,,,,fogliatopierandrea@gmail.com,,,,,,,,,Italia,,,,,,,,,,,,,,,,,,,,GUEST,FREE,,0,18/06/2026,FREDDO,,
SIC01973,1973,PERSONA,81LEAD|ContattiMirco|EmailMirco|Labotecnic1|Labotecnic2,Gianluca,Follini,,,,,IT,,,,,,,,,gianluca.follini@gmail.com,,3938835377820,3938835377820,,,,,,Italia,,,,,,,,,,,,,,,,,,,,GUEST,FREE,,0,18/06/2026,FREDDO,,
SIC01974,1974,PERSONA,81LEAD|ContattiMirco|EmailMirco|Labotecnic1|Labotecnic2,Federico_milano,Fonso pittori,,,,,IT,,,,,,,,,federico_milano@hotmail.com,,39349576388100,39349576388100,,,,,,Italia,,,,,,,,,,,,,,,,,,,,GUEST,FREE,,0,18/06/2026,FREDDO,,
SIC01975,1975,PERSONA,81LEAD|EmailMirco,F.lli,Fontana,,,,,IT,,,,,,,,,fratellifontana@yahoo.it,,3904244901360,3904244901360,,,,,,Italia,,,,,,,,,,,,,,,,,,,,GUEST,FREE,,0,18/06/2026,FREDDO,,
SIC01976,1976,PERSONA,81LEAD|ContattiMirco|EmailMirco,Shopwki,Fontana,,,,,IT,,,,,,,,,shopwki@wki.it,,3934770334370,3934770334370,,,,,,Italia,,,,,,,,,,,,,,,,,,,,GUEST,FREE,,0,18/06/2026,FREDDO,,
SIC01977,1977,PERSONA,81LEAD|ContattiMirco|EmailMirco|Labotecnic1|Labotecnic2,S,Fontanelli68,,,,,IT,,,,,,,,,s.fontanelli68@gmail.com,,3934523292280,3934523292280,,,,,,Italia,,,,,,,,,,,,,,,,,,,,GUEST,FREE,,0,18/06/2026,FREDDO,,
SIC01978,1978,PERSONA,81LEAD|ContattiMirco|EmailMirco|Labotecnic1|Labotecnic2,Linda,Forenza,,,,,IT,,,,,,,,,linda.forenza@gmail.com,,3938863803830,3938863803830,,,,,,Italia,,,,,,,,,,,,,,,,,,,,GUEST,FREE,,0,18/06/2026,FREDDO,,
SIC01979,1979,PERSONA,81LEAD|EmailMirco,Pomafer,Forniture-Forniture industriali,,,,,IT,,,,,,,,,info@pomaferforniture.it,,3933572102600,3933572102600,,,,,,Italia,,,,,,,,,,,,,,,,,,,,GUEST,FREE,,0,18/06/2026,FREDDO,,
SIC01980,1980,PERSONA,81LEAD|ContattiMirco|EmailMirco|Labotecnic1|Labotecnic2,A,Fortin,,,,,IT,,,,,,,,,a.fortin@csworks.it,,,,,,,,,Italia,,,,,,,,,,,,,,,,,,,,GUEST,FREE,,0,18/06/2026,FREDDO,,
SIC01981,1981,PERSONA,81LEAD|ContattiMirco|EmailMirco|Labotecnic1|Labotecnic2,Giuseppe,Fossati,,,,,IT,,,,,,,,,giuseppe.fossati@carisbo.it,,3932895741250,3932895741250,,,,,,Italia,,,,,,,,,,,,,,,,,,,,GUEST,FREE,,0,18/06/2026,FREDDO,,
SIC01982,1982,PERSONA,ContattiMirco|EmailMirco,Roxxdown,Four roxx down,,,,,IT,,,,,,,,,4roxxdown@gmail.com,,3934066933470,3934066933470,,,,,,Italia,,,,,,,,,,,,,,,,,,,,GUEST,FREE,,0,18/06/2026,FREDDO,,
SIC01983,1983,PERSONA,81LEAD|ContattiMirco|EmailMirco|Labotecnic1|Labotecnic2,Carbone,Francesco,,,,,IT,,,,,,,,,francesco90carbone@gmail.com,,3934216888890,3934216888890,,,,,,Italia,,,,,,,,,,,,,,,,,,,,GUEST,FREE,,0,18/06/2026,FREDDO,,
SIC01984,1984,PERSONA,81LEAD|ContattiMirco|EmailMirco|Labotecnic1|Labotecnic2,Mariofrancescorusso,Francesco,,,,,IT,,,,,,,,,mariofrancescorusso@gmail.com,,,,,,,,,Italia,,,,,,,,,,,,,,,,,,,,GUEST,FREE,,0,18/06/2026,FREDDO,,
SIC01985,1985,PERSONA,81LEAD|ContattiMirco|EmailMirco,Casellato,Francesco Rosolina,,,,,IT,,,,,,,,,info@camaimport.com,,3904266649370,3904266649370,,,,,,Italia,,,,,,,,,,,,,,,,,,,,GUEST,FREE,,0,18/06/2026,FREDDO,,
SIC01986,1986,PERSONA,81LEAD|ContattiMirco,Casellato,Francesco Rosolina,,,,,IT,,,,,,,,,camasrl@gmail.com,,3904266649370,3904266649370,,,,,,Italia,,,,,,,,,,,,,,,,,,,,GUEST,FREE,,0,18/06/2026,FREDDO,,
SIC01987,1987,PERSONA,81LEAD|ContattiMirco,Ilenia,Francescon,,,,,IT,,,,,,,,,ilenia.francescon@libero.it,,3934732236140,3934732236140,,,,,,Italia,,,,,,,,,,,,,,,,,,,,GUEST,FREE,,0,18/06/2026,FREDDO,,
SIC01988,1988,PERSONA,81LEAD|ContattiMirco|EmailMirco,Riccardo,Franchi Shopping,,,,,IT,,,,,,,,,riccardofranchi2011@hotmail.com,,3934205765900,3934205765900,,,,,,Italia,,,,,,,,,,,,,,,,,,,,GUEST,FREE,,0,18/06/2026,FREDDO,,
SIC01989,1989,PERSONA,81LEAD|ContattiMirco|EmailMirco|Labotecnic1|Labotecnic2,Paolo,Franciosi,,,,,IT,,,,,,,,,paolo.franciosi@tin.it,,3939299082730,3939299082730,,,,,,Italia,,,,,,,,,,,,,,,,,,,,GUEST,FREE,,0,18/06/2026,FREDDO,,
SIC01990,1990,PERSONA,81LEAD|ContattiMirco|EmailMirco|Labotecnic1|Labotecnic2,Boggiani,Franco,,,,,IT,,,,,,,,,boggiani.franco@libero.it,,,,,,,,,Italia,,,,,,,,,,,,,,,,,,,,GUEST,FREE,,0,18/06/2026,FREDDO,,
SIC01991,1991,PERSONA,81LEAD|ContattiMirco|EmailMirco|Labotecnic1|Labotecnic2,Geom,Franco grasso63,,,,,IT,,,,,,,,,geom.franco.grasso63@gmail.com,,,,,,,,,Italia,,,,,,,,,,,,,,,,,,,,GUEST,FREE,,0,18/06/2026,FREDDO,,
SIC01992,1992,PERSONA,81LEAD|ContattiMirco|EmailMirco|Labotecnic1|Labotecnic2,Domenico,Franco24,,,,,IT,,,,,,,,,domenico.franco24@gmail.com,,39338621981000,39338621981000,,,,,,Italia,,,,,,,,,,,,,,,,,,,,GUEST,FREE,,0,18/06/2026,FREDDO,,
SIC01993,1993,PERSONA,81LEAD|ContattiMirco|EmailMirco,Giulia,Franzato,,,,,IT,,,,,,,,,giulia.franzato@padovafiere.it,,328353658000,328353658000,,,,,,Italia,,,,,,,,,,,,,,,,,,,,GUEST,FREE,,0,18/06/2026,FREDDO,,
SIC01994,1994,PERSONA,81LEAD|ContattiMirco|EmailMirco|Labotecnic1|Labotecnic2,Giacomo,Franzoso,,,,,IT,,,,,,,,,giacomo.franzoso@gmail.com,,3934633365250,3934633365250,,,,,,Italia,,,,,,,,,,,,,,,,,,,,GUEST,FREE,,0,18/06/2026,FREDDO,,
SIC01995,1995,PERSONA,81LEAD|ContattiMirco|EmailMirco|Labotecnic1|Labotecnic2,Danilofranze,Franzè,,,,,IT,,,,,,,,,danilofranze@libero.it,,,,,,,,,Italia,,,,,,,,,,,,,,,,,,,,GUEST,FREE,,0,18/06/2026,FREDDO,,
SIC01996,1996,PERSONA,81LEAD|ContattiMirco|EmailMirco|Labotecnic1|Labotecnic2,Frassonmaurizio,Frasson,,,,,IT,,,,,,,,,frassonmaurizio@libero.it,,,,,,,,,Italia,,,,,,,,,,,,,,,,,,,,GUEST,FREE,,0,18/06/2026,FREDDO,,
SIC01997,1997,PERSONA,81LEAD|ContattiMirco|EmailMirco|Labotecnic1|Labotecnic2,Casmirri,Freeart,,,,,IT,,,,,,,,,casmirri.freeart@gmail.com,,3934822370370,3934822370370,,,,,,Italia,,,,,,,,,,,,,,,,,,,,GUEST,FREE,,0,18/06/2026,FREDDO,,
SIC01998,1998,PERSONA,81LEAD|ContattiMirco|EmailMirco|Labotecnic1|Labotecnic2,Gianlu,Frez,,,,,IT,,,,,,,,,gianlu.frez@libero.it,,,,,,,,,Italia,,,,,,,,,,,,,,,,,,,,GUEST,FREE,,0,18/06/2026,FREDDO,,
SIC01999,1999,PERSONA,81LEAD|ContattiMirco|EmailMirco|Labotecnic1|Labotecnic2,A,Frigato,,,,,IT,,,,,,,,,a.frigato@inwind.it,,,,,,,,,Italia,,,,,,,,,,,,,,,,,,,,GUEST,FREE,,0,18/06/2026,FREDDO,,
SIC02000,2000,PERSONA,81LEAD|ContattiMirco|EmailMirco|Labotecnic1|Labotecnic2,Riccardo,Frigato,,,,,IT,,,,,,,,,rickyfriga@libero.it,,3934825685840,3934825685840,,,,,,Italia,,,,,,,,,,,,,,,,,,,,GUEST,FREE,,0,18/06/2026,FREDDO,,
SIC02001,2001,PERSONA,81LEAD|ContattiMirco,Cryptonly2003,Frizziero,,,,,IT,,,,,,,,,cryptonly2003@gmail.com,,3934741005410,3934741005410,,,,,,Italia,,,,,,,,,,,,,,,,,,,,GUEST,FREE,,0,18/06/2026,FREDDO,,
SIC02002,2002,PERSONA,81LEAD|ContattiMirco|EmailMirco,Roberto,Frosolone,,,,,IT,,,,,,,,,rfrosolone@yahoo.com,,3933357470250,3933357470250,,,,,,Italia,,,,,,,,,,,,,,,,,,,,GUEST,FREE,,0,18/06/2026,FREDDO,,
SIC02003,2003,PERSONA,81LEAD|ContattiMirco|EmailMirco|Labotecnic1|Labotecnic2,Francy,Fumi,,,,,IT,,,,,,,,,francy.fumi@tiscali.it,,3933880779460,3933880779460,,,,,,Italia,,,,,,,,,,,,,,,,,,,,GUEST,FREE,,0,18/06/2026,FREDDO,,
SIC02004,2004,PERSONA,81LEAD|ContattiMirco|EmailMirco,Diego,Furegato,,,,,IT,,,,,,,,,diego.furegato@gmail.com,,,,,,,,,Italia,,,,,,,,,,,,,,,,,,,,GUEST,FREE,,0,18/06/2026,FREDDO,,
SIC02005,2005,PERSONA,81LEAD|ContattiMirco|EmailMirco|Labotecnic1|Labotecnic2,Laura11081968,Fusetti,,,,,IT,,,,,,,,,laura11081968@gmail.com,,3934660285800,3934660285800,,,,,,Italia,,,,,,,,,,,,,,,,,,,,GUEST,FREE,,0,18/06/2026,FREDDO,,
SIC02006,2006,PERSONA,81LEAD|ContattiMirco|Labotecnic1|Labotecnic2,Nicola,Fusetti,,,,,IT,,,,,,,,,nicola.fusetti@email.it,,3932953616040,3932953616040,,,,,,Italia,,,,,,,,,,,,,,,,,,,,GUEST,FREE,,0,18/06/2026,FREDDO,,
SIC02007,2007,PERSONA,81LEAD|ContattiMirco|EmailMirco|Labotecnic1|Labotecnic2,Parrinello,G,,,,,IT,,,,,,,,,parrinello.g@alice.it,,3933346751620,3933346751620,,,,,,Italia,,,,,,,,,,,,,,,,,,,,GUEST,FREE,,0,18/06/2026,FREDDO,,
SIC02008,2008,PERSONA,81LEAD|ContattiMirco|EmailMirco|Labotecnic1|Labotecnic2,F,G gordillo,,,,,IT,,,,,,,,,f.g.gordillo@gmail.com,,,,,,,,,Italia,,,,,,,,,,,,,,,,,,,,GUEST,FREE,,0,18/06/2026,FREDDO,,
SIC02009,2009,PERSONA,81LEAD|ContattiMirco|EmailMirco|Labotecnic1|Labotecnic2,Gabriela,G1,,,,,IT,,,,,,,,,gabriela.g1@alice.it,,,,,,,,,Italia,,,,,,,,,,,,,,,,,,,,GUEST,FREE,,0,18/06/2026,FREDDO,,
SIC02010,2010,PERSONA,81LEAD|ContattiMirco|EmailMirco,Formazione,GEORO,,,,,IT,,,,,,,,,formazione@collegio.geometri.ro.it,,3938039664930,3938039664930,,,,,,Italia,,,,,,,,,,,,,,,,,,,,GUEST,FREE,,0,18/06/2026,FREDDO,,
SIC02011,2011,PERSONA,81LEAD|ContattiMirco|EmailMirco,Assistenza,GSE,,,,,IT,,,,,,,,,assistenzaportaleapplicativi@gse.it,,348071791200,348071791200,,,,,,Italia,,,,,,,,,,,,,,,,,,,,GUEST,FREE,,0,18/06/2026,FREDDO,,
SIC02012,2012,PERSONA,81LEAD|ContattiMirco|EmailMirco,Dario,Gabetti,,,,,IT,,,,,,,,,dariogabetti@libero.it,,3939391987860,3939391987860,,,,,,Italia,,,,,,,,,,,,,,,,,,,,GUEST,FREE,,0,18/06/2026,FREDDO,,
SIC02013,2013,PERSONA,81LEAD|ContattiMirco|EmailMirco|Labotecnic1|Labotecnic2,Gratton,Gabriele,,,,,IT,,,,,,,,,gratton.gabriele@yahoo.it,,,,,,,,,Italia,,,,,,,,,,,,,,,,,,,,GUEST,FREE,,0,18/06/2026,FREDDO,,
SIC02014,2014,PERSONA,81LEAD|EmailMirco,Novello,Gabriele,,,,,IT,,,,,,,,,info@novelloponteggi.com,,390414791110,390414791110,,,,,,Italia,,,,,,,,,,,,,,,,,,,,GUEST,FREE,,0,18/06/2026,FREDDO,,
SIC02015,2015,PERSONA,81LEAD|ContattiMirco|EmailMirco|Labotecnic1|Labotecnic2,Parpajola,Gabriele,,,,,IT,,,,,,,,,greenenergyitalia@gmail.com,,3354989230,3354989230,,,,,,Italia,,,,,,,,,,,,,,,,,,,,GUEST,FREE,,0,18/06/2026,FREDDO,,
SIC02016,2016,PERSONA,81LEAD|ContattiMirco|EmailMirco,Maldini,Gabriele Enel Ferrara,,,,,IT,,,,,,,,,gabriele.maldini@enel.it,,3932924061260,3932924061260,,,,,,Italia,,,,,,,,,,,,,,,,,,,,GUEST,FREE,,0,18/06/2026,FREDDO,,
SIC02017,2017,PERSONA,81LEAD|ContattiMirco|EmailMirco|Labotecnic1|Labotecnic2,Mariella,Gaeta,,,,,IT,,,,,,,,,mariella.gaeta@yahoo.it,,,,,,,,,Italia,,,,,,,,,,,,,,,,,,,,GUEST,FREE,,0,18/06/2026,FREDDO,,
SIC02018,2018,PERSONA,81LEAD|ContattiMirco|EmailMirco,Galbian72,Galbiati,,,,,IT,,,,,,,,,galbian72@gmail.com,,,,,,,,,Italia,,,,,,,,,,,,,,,,,,,,GUEST,FREE,,0,18/06/2026,FREDDO,,
SIC02019,2019,PERSONA,81LEAD|ContattiMirco|EmailMirco|Labotecnic1|Labotecnic2,Gianluca,Galetto,,,,,IT,,,,,,,,,gianluca.galetto@gmail.com,,3934764886920,3934764886920,,,,,,Italia,,,,,,,,,,,,,,,,,,,,GUEST,FREE,,0,18/06/2026,FREDDO,,
SIC02020,2020,PERSONA,81LEAD|ContattiMirco|EmailMirco|Labotecnic1|Labotecnic2,Ing,Gallerani Enel,,,,,IT,,,,,,,,,angelo.gallerani@enel.com,,3904182157760,3904182157760,,,,,,Italia,,,,,,,,,,,,,,,,,,,,GUEST,FREE,,0,18/06/2026,FREDDO,,
SIC02021,2021,PERSONA,81LEAD|ContattiMirco,Piero,Gallimberti,,,,,IT,,,,,,,,,pierogal@virgilio.it,,,,,,,,,Italia,,,,,,,,,,,,,,,,,,,,GUEST,FREE,,0,18/06/2026,FREDDO,,
SIC02022,2022,PERSONA,81LEAD|ContattiMirco|EmailMirco|Labotecnic1|Labotecnic2,Piero,Gallimberti,,,,,IT,,,,,,,,,pierogall@virgilio.it,,3934801614600,3934801614600,,,,,,Italia,,,,,,,,,,,,,,,,,,,,GUEST,FREE,,0,18/06/2026,FREDDO,,
SIC02023,2023,PERSONA,81LEAD|ContattiMirco|EmailMirco,Enrico,Gallo,,,,,IT,,,,,,,,,enrico.digallo@gmail.com,,3933566756940,3933566756940,,,,,,Italia,,,,,,,,,,,,,,,,,,,,GUEST,FREE,,0,18/06/2026,FREDDO,,
SIC02024,2024,PERSONA,81LEAD|ContattiMirco|EmailMirco|Labotecnic1|Labotecnic2,G,Gallocchio,,,,,IT,,,,,,,,,g.gallocchio@libero.it,,,,,,,,,Italia,,,,,,,,,,,,,,,,,,,,GUEST,FREE,,0,18/06/2026,FREDDO,,
SIC02025,2025,PERSONA,81LEAD|ContattiMirco|EmailMirco,Gio,Gallone,,,,,IT,,,,,,,,,gio.gallone@gmail.com,,,,,,,,,Italia,,,,,,,,,,,,,,,,,,,,GUEST,FREE,,0,18/06/2026,FREDDO,,
SIC02026,2026,PERSONA,81LEAD|ContattiMirco|EmailMirco|Labotecnic1|Labotecnic2,Caterina,Gallori,,,,,IT,,,,,,,,,caterina.gallori@libero.it,,3934051790800,3934051790800,,,,,,Italia,,,,,,,,,,,,,,,,,,,,GUEST,FREE,,0,18/06/2026,FREDDO,,
SIC02027,2027,PERSONA,81LEAD|ContattiMirco|EmailMirco,Alexandra,Gamma,,,,,IT,,,,,,,,,alexandra@studiogammaonline.it,,335580313500,335580313500,,,,,,Italia,,,,,,,,,,,,,,,,,,,,GUEST,FREE,,0,18/06/2026,FREDDO,,
SIC02028,2028,PERSONA,81LEAD|ContattiMirco|EmailMirco|Labotecnic1|Labotecnic2,Mariapia,Garbo,,,,,IT,,,,,,,,,mariapia.garbo@alice.it,,,,,,,,,Italia,,,,,,,,,,,,,,,,,,,,GUEST,FREE,,0,18/06/2026,FREDDO,,
SIC02029,2029,PERSONA,81LEAD|ContattiMirco|EmailMirco,C,Garcia,,,,,IT,,,,,,,,,c.garcia@onean.com,,329461526800,329461526800,,,,,,Italia,,,,,,,,,,,,,,,,,,,,GUEST,FREE,,0,18/06/2026,FREDDO,,
SIC02030,2030,PERSONA,81LEAD|ContattiMirco|EmailMirco|Labotecnic1|Labotecnic2,Mattia,Gardenghi,,,,,IT,,,,,,,,,mattia.gardenghi@gmail.com,,3933919562910,3933919562910,,,,,,Italia,,,,,,,,,,,,,,,,,,,,GUEST,FREE,,0,18/06/2026,FREDDO,,
SIC02031,2031,PERSONA,81LEAD|ContattiMirco|EmailMirco|Labotecnic1|Labotecnic2,Lauro,Gardinale,,,,,IT,,,,,,,,,lauro.gardinale@alfuturosa.it,,,,,,,,,Italia,,,,,,,,,,,,,,,,,,,,GUEST,FREE,,0,18/06/2026,FREDDO,,
SIC02032,2032,PERSONA,81LEAD|ContattiMirco|EmailMirco|Labotecnic1|Labotecnic2,D,Garuti,,,,,IT,,,,,,,,,d.garuti@yahoo.it,,,,,,,,,Italia,,,,,,,,,,,,,,,,,,,,GUEST,FREE,,0,18/06/2026,FREDDO,,
SIC02033,2033,PERSONA,81LEAD|ContattiMirco|EmailMirco|Labotecnic1|Labotecnic2,Marta,Gastaldin,,,,,IT,,,,,,,,,marta.gastaldin@cf.confart.tv,,329250707600,329250707600,,,,,,Italia,,,,,,,,,,,,,,,,,,,,GUEST,FREE,,0,18/06/2026,FREDDO,,
SIC02034,2034,PERSONA,81LEAD|ContattiMirco|EmailMirco|Labotecnic1|Labotecnic2,Ssl,Gdea,,,,,IT,,,,,,,,,ssl.gdea@gmail.com,,,,,,,,,Italia,,,,,,,,,,,,,,,,,,,,GUEST,FREE,,0,18/06/2026,FREDDO,,
SIC02035,2035,PERSONA,81LEAD|ContattiMirco|EmailMirco,Dimensione20,Gelato cioccolate teas,,,,,IT,,,,,,,,,dimensione20@gmail.com,,3934822278310,3934822278310,,,,,,Italia,,,,,,,,,,,,,,,,,,,,GUEST,FREE,,0,18/06/2026,FREDDO,,
SIC02036,2036,PERSONA,81LEAD|ContattiMirco|EmailMirco|Labotecnic1|Labotecnic2,Sanchez,Gemmac,,,,,IT,,,,,,,,,sanchez.gemmac@gmail.com,,,,,,,,,Italia,,,,,,,,,,,,,,,,,,,,GUEST,FREE,,0,18/06/2026,FREDDO,,
SIC02037,2037,PERSONA,81LEAD|ContattiMirco|EmailMirco,Sinistri,Genertel,,,,,IT,,,,,,,,,sinistri@genertel.it,,328471197800,328471197800,,,,,,Italia,,,,,,,,,,,,,,,,,,,,GUEST,FREE,,0,18/06/2026,FREDDO,,
SIC02038,2038,PERSONA,81LEAD|ContattiMirco|EmailMirco|Labotecnic1|Labotecnic2,Giancarlo,Gennari,,,,,IT,,,,,,,,,gennari.giancarlo@libero.it,,3933399327570,3933399327570,,,,,,Italia,,,,,,,,,,,,,,,,,,,,GUEST,FREE,,0,18/06/2026,FREDDO,,
SIC02039,2039,PERSONA,81LEAD|ContattiMirco|EmailMirco|Labotecnic1|Labotecnic2,Michele,Gennari,,,,,IT,,,,,,,,,zapjoldon@gmail.com,,3934546315740,3934546315740,,,,,,Italia,,,,,,,,,,,,,,,,,,,,GUEST,FREE,,0,18/06/2026,FREDDO,,
SIC02040,2040,PERSONA,81LEAD|ContattiMirco|EmailMirco,Vitaliano13,Gennari,,,,,IT,,,,,,,,,vitaliano13@gmail.com,,3934570376380,3934570376380,,,,,,Italia,,,,,,,,,,,,,,,,,,,,GUEST,FREE,,0,18/06/2026,FREDDO,,
SIC02041,2041,PERSONA,81LEAD|ContattiMirco|EmailMirco|Labotecnic1|Labotecnic2,Giovanna,Gentilomi,,,,,IT,,,,,,,,,giovanna.gentilomi@unibo.it,,3933965515370,3933965515370,,,,,,Italia,,,,,,,,,,,,,,,,,,,,GUEST,FREE,,0,18/06/2026,FREDDO,,
SIC02042,2042,PERSONA,81LEAD|ContattiMirco|EmailMirco|Labotecnic1|Labotecnic2,Cinzia,Geo,,,,,IT,,,,,,,,,cinzia.geo@gmail.com,,,,,,,,,Italia,,,,,,,,,,,,,,,,,,,,GUEST,FREE,,0,18/06/2026,FREDDO,,
SIC02043,2043,PERSONA,81LEAD|ContattiMirco|EmailMirco|Labotecnic1|Labotecnic2,Gvalentini,Geom,,,,,IT,,,,,,,,,gvalentini.geom@alice.it,,,,,,,,,Italia,,,,,,,,,,,,,,,,,,,,GUEST,FREE,,0,18/06/2026,FREDDO,,
SIC02044,2044,PERSONA,81LEAD|ContattiMirco|EmailMirco|Labotecnic1|Labotecnic2,Adi-motta,Geom MOtta,,,,,IT,,,,,,,,,adi-motta@hotmail.com,,,,,,,,,Italia,,,,,,,,,,,,,,,,,,,,GUEST,FREE,,0,18/06/2026,FREDDO,,
SIC02045,2045,PERSONA,81LEAD|ContattiMirco|EmailMirco|Labotecnic1|Labotecnic2,Bellini,Geom massimo,,,,,IT,,,,,,,,,bellini.geom.massimo@gmail.com,,3934824675820,3934824675820,,,,,,Italia,,,,,,,,,,,,,,,,,,,,GUEST,FREE,,0,18/06/2026,FREDDO,,
SIC02046,2046,PERSONA,81LEAD|ContattiMirco|EmailMirco,Wassim,Geometri.,,,,,IT,,,,,,,,,wassimmeftah700@gmail.com,,39327801307000,39327801307000,,,,,,Italia,,,,,,,,,,,,,,,,,,,,GUEST,FREE,,0,18/06/2026,FREDDO,,
SIC02047,2047,PERSONA,81LEAD|ContattiMirco|EmailMirco|Labotecnic1|Labotecnic2,Dero,Geomnicola,,,,,IT,,,,,,,,,dero.geomnicola@virgilio.it,,3933892540290,3933892540290,,,,,,Italia,,,,,,,,,,,,,,,,,,,,GUEST,FREE,,0,18/06/2026,FREDDO,,
SIC02048,2048,PERSONA,81LEAD|ContattiMirco|Labotecnic1|Labotecnic2,Martino,Gerardo,,,,,IT,,,,,,,,,martino.gerardo@myefm.it,,3934860677700,3934860677700,,,,,,Italia,,,,,,,,,,,,,,,,,,,,GUEST,FREE,,0,18/06/2026,FREDDO,,
SIC02049,2049,PERSONA,81LEAD|ContattiMirco|EmailMirco|Labotecnic1|Labotecnic2,Tsvetanka,Gerova,,,,,IT,,,,,,,,,tsvetanka.gerova@yahoo.com,,,,,,,,,Italia,,,,,,,,,,,,,,,,,,,,GUEST,FREE,,0,18/06/2026,FREDDO,,
SIC02050,2050,PERSONA,81LEAD|ContattiMirco|EmailMirco|Labotecnic1|Labotecnic2,Nalin,Gessica,,,,,IT,,,,,,,,,nalin.gessica@libero.it,,3934860677700,3934860677700,,,,,,Italia,,,,,,,,,,,,,,,,,,,,GUEST,FREE,,0,18/06/2026,FREDDO,,
SIC02051,2051,PERSONA,81LEAD|ContattiMirco|EmailMirco,Rifugio,Ghebo,,,,,IT,,,,,,,,,rifugioilghebo@libero.it,,3934891572010,3934891572010,,,,,,Italia,,,,,,,,,,,,,,,,,,,,GUEST,FREE,,0,18/06/2026,FREDDO,,
SIC02052,2052,PERSONA,81LEAD|ContattiMirco|EmailMirco|Labotecnic1|Labotecnic2,Micheletoffa,Ghezzo,,,,,IT,,,,,,,,,micheletoffa@libero.it,,3934621238470,3934621238470,,,,,,Italia,,,,,,,,,,,,,,,,,,,,GUEST,FREE,,0,18/06/2026,FREDDO,,
SIC02053,2053,PERSONA,81LEAD|ContattiMirco|EmailMirco,Paola,Giachino,,,,,IT,,,,,,,,,p.giachino@greenenergyitalia.it,,3934767598590,3934767598590,,,,,,Italia,,,,,,,,,,,,,,,,,,,,GUEST,FREE,,0,18/06/2026,FREDDO,,
SIC02054,2054,PERSONA,81LEAD|ContattiMirco|EmailMirco|Labotecnic1|Labotecnic2,Ing,Giacomazzi,,,,,IT,,,,,,,,,ing.giacomazzi@tiscali.it,,,,,,,,,Italia,,,,,,,,,,,,,,,,,,,,GUEST,FREE,,0,18/06/2026,FREDDO,,
SIC02055,2055,PERSONA,81LEAD|ContattiMirco|EmailMirco|Labotecnic1|Labotecnic2,Piccoli,Giacomo,,,,,IT,,,,,,,,,piccoli.giacomo@hotmail.it,,,,,,,,,Italia,,,,,,,,,,,,,,,,,,,,GUEST,FREE,,0,18/06/2026,FREDDO,,
SIC02056,2056,PERSONA,81LEAD|ContattiMirco|EmailMirco|Labotecnic1|Labotecnic2,Negrello,Giancarlo Spisal Rovigo,,,,,IT,,,,,,,,,negrello.giancarlo@azisanrovigo.it,,3934979527390,3934979527390,,,,,,Italia,,,,,,,,,,,,,,,,,,,,GUEST,FREE,,0,18/06/2026,FREDDO,,
SIC02057,2057,PERSONA,81LEAD|ContattiMirco|EmailMirco|Labotecnic1|Labotecnic2,Cova,Gianfranco,,,,,IT,,,,,,,,,cova.gianfranco@libero.it,,,,,,,,,Italia,,,,,,,,,,,,,,,,,,,,GUEST,FREE,,0,18/06/2026,FREDDO,,
SIC02058,2058,PERSONA,81LEAD|ContattiMirco|EmailMirco|Labotecnic1|Labotecnic2,Gumina,Gianluca,,,,,IT,,,,,,,,,gumina.gianluca@gmail.com,,3934869286730,3934869286730,,,,,,Italia,,,,,,,,,,,,,,,,,,,,GUEST,FREE,,0,18/06/2026,FREDDO,,
SIC02059,2059,PERSONA,81LEAD|EmailMirco,Verdetec,Giardiniere Roma Nord,,,,,IT,,,,,,,,,lucapisanello@inwind.it,,3933810939060,3933810939060,,,,,,Italia,,,,,,,,,,,,,,,,,,,,GUEST,FREE,,0,18/06/2026,FREDDO,,
SIC02060,2060,PERSONA,81LEAD|ContattiMirco|EmailMirco,Claudio,Gibin,,,,,IT,,,,,,,,,claudio.gibin@gmail.com,,3933464697220,3933464697220,,,,,,Italia,,,,,,,,,,,,,,,,,,,,GUEST,FREE,,0,18/06/2026,FREDDO,,
SIC02061,2061,PERSONA,81LEAD|ContattiMirco|EmailMirco|Labotecnic1|Labotecnic2,Luca,Giordano73,,,,,IT,,,,,,,,,luca.giordano73@gmail.com,,,,,,,,,Italia,,,,,,,,,,,,,,,,,,,,GUEST,FREE,,0,18/06/2026,FREDDO,,
SIC02062,2062,PERSONA,81LEAD|ContattiMirco|EmailMirco|Labotecnic1|Labotecnic2,Ing,Giordanoantonio,,,,,IT,,,,,,,,,ing.giordanoantonio@gmail.com,,,,,,,,,Italia,,,,,,,,,,,,,,,,,,,,GUEST,FREE,,0,18/06/2026,FREDDO,,
SIC02063,2063,PERSONA,81LEAD|ContattiMirco|EmailMirco|Labotecnic1|Labotecnic2,Brunelli,Giovanni,,,,,IT,,,,,,,,,brunelli.giovanni@libero.it,,3933422596040,3933422596040,,,,,,Italia,,,,,,,,,,,,,,,,,,,,GUEST,FREE,,0,18/06/2026,FREDDO,,
SIC02064,2064,PERSONA,81LEAD|ContattiMirco|EmailMirco,Falegnameria,Giovanni,,,,,IT,,,,,,,,,giovanni.sanguin@icloud.com,,3934875602800,3934875602800,,,,,,Italia,,,,,,,,,,,,,,,,,,,,GUEST,FREE,,0,18/06/2026,FREDDO,,
SIC02065,2065,PERSONA,81LEAD|ContattiMirco|EmailMirco|Labotecnic1|Labotecnic2,Ghisellini,Giovanni,,,,,IT,,,,,,,,,prolocofrass@libero.it,,348121196300,348121196300,,,,,,Italia,,,,,,,,,,,,,,,,,,,,GUEST,FREE,,0,18/06/2026,FREDDO,,
SIC02066,2066,PERSONA,81LEAD|ContattiMirco|EmailMirco|Labotecnic1|Labotecnic2,Lucrezio,Giovanni,,,,,IT,,,,,,,,,lucrezio.giovanni@agecreditsrl.it,,3934796992530,3934796992530,,,,,,Italia,,,,,,,,,,,,,,,,,,,,GUEST,FREE,,0,18/06/2026,FREDDO,,
SIC02067,2067,PERSONA,81LEAD|EmailMirco,Meneghini,Giovanni,,,,,IT,,,,,,,,,info@meneghinigiovannisrl.it,,390459422640,390459422640,,,,,,Italia,,,,,,,,,,,,,,,,,,,,GUEST,FREE,,0,18/06/2026,FREDDO,,
SIC02068,2068,PERSONA,81LEAD|ContattiMirco|Labotecnic1|Labotecnic2,Geom,Giovanninimauro,,,,,IT,,,,,,,,,geom.giovanninimauro@alice.it,,3934872362640,3934872362640,,,,,,Italia,,,,,,,,,,,,,,,,,,,,GUEST,FREE,,0,18/06/2026,FREDDO,,
SIC02069,2069,PERSONA,81LEAD|ContattiMirco|EmailMirco|Labotecnic1|Labotecnic2,Finotto,Giulia,,,,,IT,,,,,,,,,finotto.giulia@yahoo.it,,,,,,,,,Italia,,,,,,,,,,,,,,,,,,,,GUEST,FREE,,0,18/06/2026,FREDDO,,
SIC02070,2070,PERSONA,81LEAD|ContattiMirco|EmailMirco|Labotecnic1|Labotecnic2,Debby,Giulia2907,,,,,IT,,,,,,,,,debby.giulia2907@gmail.com,,,,,,,,,Italia,,,,,,,,,,,,,,,,,,,,GUEST,FREE,,0,18/06/2026,FREDDO,,
SIC02071,2071,PERSONA,81LEAD|ContattiMirco|EmailMirco|Labotecnic1|Labotecnic2,Lorenzoni,Giuliano,,,,,IT,,,,,,,,,timoty79@libero.it,,3933567422830,3933567422830,,,,,,Italia,,,,,,,,,,,,,,,,,,,,GUEST,FREE,,0,18/06/2026,FREDDO,,
SIC02072,2072,PERSONA,81LEAD|ContattiMirco|EmailMirco|Labotecnic1|Labotecnic2,Piero,Giuriola,,,,,IT,,,,,,,,,piero.giuriola@yahoo.it,,39339871610100,39339871610100,,,,,,Italia,,,,,,,,,,,,,,,,,,,,GUEST,FREE,,0,18/06/2026,FREDDO,,
SIC02073,2073,PERSONA,81LEAD|ContattiMirco|EmailMirco|Labotecnic1|Labotecnic2,Contarino,Giuseppe,,,,,IT,,,,,,,,,contarino.giuseppe@libero.it,,,,,,,,,Italia,,,,,,,,,,,,,,,,,,,,GUEST,FREE,,0,18/06/2026,FREDDO,,
SIC02074,2074,PERSONA,81LEAD|ContattiMirco|EmailMirco,Ficara,Giuseppe,,,,,IT,,,,,,,,,daniele.marceca@libero.it,,3909235527520,3909235527520,,,,,,Italia,,,,,,,,,,,,,,,,,,,,GUEST,FREE,,0,18/06/2026,FREDDO,,
SIC02075,2075,PERSONA,81LEAD|ContattiMirco|EmailMirco|Labotecnic1|Labotecnic2,Buononato,Giuseppe01,,,,,IT,,,,,,,,,buononato.giuseppe01@libero.it,,3934068807260,3934068807260,,,,,,Italia,,,,,,,,,,,,,,,,,,,,GUEST,FREE,,0,18/06/2026,FREDDO,,
SIC02076,2076,PERSONA,81LEAD|ContattiMirco|EmailMirco,La,Gió,,,,,IT,,,,,,,,,soncini.gio@alice.it,,3934877614340,3934877614340,,,,,,Italia,,,,,,,,,,,,,,,,,,,,GUEST,FREE,,0,18/06/2026,FREDDO,,
SIC02077,2077,PERSONA,81LEAD|ContattiMirco|EmailMirco,Office,Gió,,,,,IT,,,,,,,,,office@3technology.it,,3934877614340,3934877614340,,,,,,Italia,,,,,,,,,,,,,,,,,,,,GUEST,FREE,,0,18/06/2026,FREDDO,,
SIC02078,2078,PERSONA,81LEAD|ContattiMirco|EmailMirco|Labotecnic1|Labotecnic2,Vetro,Gmail,,,,,IT,,,,,,,,,vetroservicesrl@gmail.com,,338993021300,338993021300,,,,,,Italia,,,,,,,,,,,,,,,,,,,,GUEST,FREE,,0,18/06/2026,FREDDO,,
SIC02079,2079,PERSONA,81LEAD|ContattiMirco|Labotecnic1|Labotecnic2,I,Gordini,,,,,IT,,,,,,,,,i.gordini@calcestruzzi.it,,,,,,,,,Italia,,,,,,,,,,,,,,,,,,,,GUEST,FREE,,0,18/06/2026,FREDDO,,
SIC02080,2080,PERSONA,81LEAD|ContattiMirco|EmailMirco|Labotecnic1|Labotecnic2,Braga,Gozzo,,,,,IT,,,,,,,,,braga.gozzo@yahoo.it,,,,,,,,,Italia,,,,,,,,,,,,,,,,,,,,GUEST,FREE,,0,18/06/2026,FREDDO,,
SIC02081,2081,PERSONA,81LEAD|ContattiMirco|EmailMirco,Farosalotti,Granfo,,,,,IT,,,,,,,,,farosalotti@gmail.com,,39348641039000,39348641039000,,,,,,Italia,,,,,,,,,,,,,,,,,,,,GUEST,FREE,,0,18/06/2026,FREDDO,,
SIC02082,2082,PERSONA,81LEAD|ContattiMirco|EmailMirco|Labotecnic1|Labotecnic2,Arianna,Granfo Capelli,,,,,IT,,,,,,,,,granfoari@libero.it,,3934034566380,3934034566380,,,,,,Italia,,,,,,,,,,,,,,,,,,,,GUEST,FREE,,0,18/06/2026,FREDDO,,
SIC02083,2083,PERSONA,81LEAD|ContattiMirco|EmailMirco|Labotecnic1|Labotecnic2,Daniela,Granzieri,,,,,IT,,,,,,,,,daniela.granzieri@alice.it,,3932803403110,3932803403110,,,,,,Italia,,,,,,,,,,,,,,,,,,,,GUEST,FREE,,0,18/06/2026,FREDDO,,
SIC02084,2084,PERSONA,81LEAD|ContattiMirco|EmailMirco|Labotecnic1|Labotecnic2,Mgfiumelli,Grazia,,,,,IT,,,,,,,,,mgfiumelli@gmail.com,,,,,,,,,Italia,,,,,,,,,,,,,,,,,,,,GUEST,FREE,,0,18/06/2026,FREDDO,,
SIC02085,2085,PERSONA,81LEAD|ContattiMirco|EmailMirco,Graziusojacopo,Graziuso,,,,,IT,,,,,,,,,graziusojacopo@gmail.com,,,,,,,,,Italia,,,,,,,,,,,,,,,,,,,,GUEST,FREE,,0,18/06/2026,FREDDO,,
SIC02086,2086,PERSONA,81LEAD|ContattiMirco|EmailMirco|Labotecnic1|Labotecnic2,Igor,Grigolato,,,,,IT,,,,,,,,,igor.grigolato@studiom6.it,,,,,,,,,Italia,,,,,,,,,,,,,,,,,,,,GUEST,FREE,,0,18/06/2026,FREDDO,,
SIC02087,2087,PERSONA,81LEAD|ContattiMirco|EmailMirco|Labotecnic1|Labotecnic2,Dy,Grigolo,,,,,IT,,,,,,,,,dy.grigolo@gmail.com,,,,,,,,,Italia,,,,,,,,,,,,,,,,,,,,GUEST,FREE,,0,18/06/2026,FREDDO,,
SIC02088,2088,PERSONA,81LEAD|ContattiMirco|EmailMirco|Labotecnic1|Labotecnic2,Te,Grilli,,,,,IT,,,,,,,,,te.grilli@gmail.com,,,,,,,,,Italia,,,,,,,,,,,,,,,,,,,,GUEST,FREE,,0,18/06/2026,FREDDO,,
SIC02089,2089,PERSONA,81LEAD|ContattiMirco|EmailMirco|Labotecnic1|Labotecnic2,Enrico,Grillo,,,,,IT,,,,,,,,,enrico.grillo@venezze.it,,3934922550480,3934922550480,,,,,,Italia,,,,,,,,,,,,,,,,,,,,GUEST,FREE,,0,18/06/2026,FREDDO,,
SIC02090,2090,PERSONA,81LEAD|ContattiMirco|EmailMirco,Giorgio,Grimani,,,,,IT,,,,,,,,,giorgio@grimani.eu,,3934925437090,3934925437090,,,,,,Italia,,,,,,,,,,,,,,,,,,,,GUEST,FREE,,0,18/06/2026,FREDDO,,
SIC02091,2091,PERSONA,81LEAD|ContattiMirco|EmailMirco|Labotecnic1|Labotecnic2,Vrn_grl,Grl,,,,,IT,,,,,,,,,vrn_grl@yahoo.it,,,,,,,,,Italia,,,,,,,,,,,,,,,,,,,,GUEST,FREE,,0,18/06/2026,FREDDO,,
SIC02092,2092,PERSONA,81LEAD|ContattiMirco|EmailMirco|Labotecnic1|Labotecnic2,Ing,Gromani,,,,,IT,,,,,,,,,ing.gromani@gmail.com,,,,,,,,,Italia,,,,,,,,,,,,,,,,,,,,GUEST,FREE,,0,18/06/2026,FREDDO,,
SIC02093,2093,PERSONA,81LEAD|ContattiMirco|EmailMirco,Roccoparrucchieri,Grondaie,,,,,IT,,,,,,,,,roccoparrucchieri@gmail.com,,3934785853940,3934785853940,,,,,,Italia,,,,,,,,,,,,,,,,,,,,GUEST,FREE,,0,18/06/2026,FREDDO,,
SIC02094,2094,PERSONA,81LEAD|ContattiMirco|EmailMirco|Labotecnic1|Labotecnic2,Daniele,Grottolo ENEL,,,,,IT,,,,,,,,,daniele.grottolo@enel.com,,3932019826790,3932019826790,,,,,,Italia,,,,,,,,,,,,,,,,,,,,GUEST,FREE,,0,18/06/2026,FREDDO,,
SIC02095,2095,PERSONA,81LEAD|ContattiMirco|EmailMirco|Labotecnic1|Labotecnic2,News,Gruppomas,,,,,IT,,,,,,,,,news.gruppomas@gmail.com,,,,,,,,,Italia,,,,,,,,,,,,,,,,,,,,GUEST,FREE,,0,18/06/2026,FREDDO,,
SIC02096,2096,PERSONA,81LEAD|ContattiMirco|EmailMirco,Alessio0408,Guantini,,,,,IT,,,,,,,,,alessio0408@gmail.com,,3933199568330,3933199568330,,,,,,Italia,,,,,,,,,,,,,,,,,,,,GUEST,FREE,,0,18/06/2026,FREDDO,,
SIC02097,2097,PERSONA,81LEAD|ContattiMirco|EmailMirco|Labotecnic1|Labotecnic2,Pa,Guglielmini,,,,,IT,,,,,,,,,pa.guglielmini@virgilio.it,,,,,,,,,Italia,,,,,,,,,,,,,,,,,,,,GUEST,FREE,,0,18/06/2026,FREDDO,,
SIC02098,2098,PERSONA,81LEAD|ContattiMirco|EmailMirco|Labotecnic1|Labotecnic2,Ing,Guglielmo,,,,,IT,,,,,,,,,ing.guglielmo@tiscali.it,,,,,,,,,Italia,,,,,,,,,,,,,,,,,,,,GUEST,FREE,,0,18/06/2026,FREDDO,,
SIC02099,2099,PERSONA,81LEAD|ContattiMirco|EmailMirco|Labotecnic1|Labotecnic2,Tiziano,Guidarini Distributori,,,,,IT,,,,,,,,,tommcarburanti@virgilio.it,,3933583759000,3933583759000,,,,,,Italia,,,,,,,,,,,,,,,,,,,,GUEST,FREE,,0,18/06/2026,FREDDO,,
SIC02100,2100,PERSONA,81LEAD|ContattiMirco|EmailMirco,Indragundidimax,Gunawan,,,,,IT,,,,,,,,,indragundidimax@gmail.com,,,,,,,,,Italia,,,,,,,,,,,,,,,,,,,,GUEST,FREE,,0,18/06/2026,FREDDO,,
SIC02101,2101,PERSONA,81LEAD|ContattiMirco|EmailMirco|Labotecnic1|Labotecnic2,Mariagrazia,Guzzon,,,,,IT,,,,,,,,,mguzzon.2@notariato.it,,346479503800,346479503800,,,,,,Italia,,,,,,,,,,,,,,,,,,,,GUEST,FREE,,0,18/06/2026,FREDDO,,
SIC02102,2102,PERSONA,81LEAD|ContattiMirco|EmailMirco,Mi,Heitzinger,,,,,IT,,,,,,,,,mi.heitzinger@gmail.com,,,,,,,,,Italia,,,,,,,,,,,,,,,,,,,,GUEST,FREE,,0,18/06/2026,FREDDO,,
SIC02103,2103,PERSONA,81LEAD|ContattiMirco|EmailMirco,ABM,Hossain,,,,,IT,,,,,,,,,abm.moakkher@gmail.com,,3932833526970,3932833526970,,,,,,Italia,,,,,,,,,,,,,,,,,,,,GUEST,FREE,,0,18/06/2026,FREDDO,,
SIC02104,2104,PERSONA,81LEAD|ContattiMirco|EmailMirco|Labotecnic1|Labotecnic2,Tesonefra,Hyper capital,,,,,IT,,,,,,,,,tesonefra@libero.it,,3939385332840,3939385332840,,,,,,Italia,,,,,,,,,,,,,,,,,,,,GUEST,FREE,,0,18/06/2026,FREDDO,,
SIC02105,2105,PERSONA,81LEAD|ContattiMirco|EmailMirco|Labotecnic1|Labotecnic2,Claudiosalsilli,Hyper toscana miki,,,,,IT,,,,,,,,,claudiosalsilli@gmail.com,,39331920384900,39331920384900,,,,,,Italia,,,,,,,,,,,,,,,,,,,,GUEST,FREE,,0,18/06/2026,FREDDO,,
SIC02106,2106,PERSONA,81LEAD|ContattiMirco|EmailMirco,BGY,IMPORT,,,,,IT,,,,,,,,,bgyhubimport@dhl.com,,345794707500,345794707500,,,,,,Italia,,,,,,,,,,,,,,,,,,,,GUEST,FREE,,0,18/06/2026,FREDDO,,
SIC02107,2107,PERSONA,81LEAD|ContattiMirco|EmailMirco,Manola,Iberico,,,,,IT,,,,,,,,,manola@cuoreiberico.it,,349159125200,349159125200,,,,,,Italia,,,,,,,,,,,,,,,,,,,,GUEST,FREE,,0,18/06/2026,FREDDO,,
SIC02108,2108,PERSONA,81LEAD|ContattiMirco|EmailMirco|Labotecnic1|Labotecnic2,Simo,Iesir,,,,,IT,,,,,,,,,simo.iesir@gmail.com,,,,,,,,,Italia,,,,,,,,,,,,,,,,,,,,GUEST,FREE,,0,18/06/2026,FREDDO,,
SIC02109,2109,PERSONA,81LEAD|ContattiMirco|EmailMirco,Ilaria,Ilaria,,,,,IT,,,,,,,,,gottardo.ilaria@sangaetano.org,,39380496913100,39380496913100,,,,,,Italia,,,,,,,,,,,,,,,,,,,,GUEST,FREE,,0,18/06/2026,FREDDO,,
SIC02110,2110,PERSONA,81LEAD|ContattiMirco|EmailMirco|Labotecnic1|Labotecnic2,Bondesan,Ilaria KM5,,,,,IT,,,,,,,,,ilyb1982@libero.it,,3934793542940,3934793542940,,,,,,Italia,,,,,,,,,,,,,,,,,,,,GUEST,FREE,,0,18/06/2026,FREDDO,,
SIC02111,2111,PERSONA,81LEAD|ContattiMirco|EmailMirco|Labotecnic1|Labotecnic2,Paolopav,Industriali,,,,,IT,,,,,,,,,paolopav.industriali@gmail.com,,3934735350000,3934735350000,,,,,,Italia,,,,,,,,,,,,,,,,,,,,GUEST,FREE,,0,18/06/2026,FREDDO,,
SIC02112,2112,PERSONA,81LEAD|EmailMirco,Lmc,Infrastrutture Stradali,,,,,IT,,,,,,,,,info@lmc-infrastrutturestradali.it,,3909570406880,3909570406880,,,,,,Italia,,,,,,,,,,,,,,,,,,,,GUEST,FREE,,0,18/06/2026,FREDDO,,
SIC02113,2113,PERSONA,81LEAD|ContattiMirco|EmailMirco,Paolafilomeno,Ing,,,,,IT,,,,,,,,,paolafilomeno.ing@gmail.com,,,,,,,,,Italia,,,,,,,,,,,,,,,,,,,,GUEST,FREE,,0,18/06/2026,FREDDO,,
SIC02114,2114,PERSONA,81LEAD|ContattiMirco|EmailMirco,Giovanni,Ippolito,,,,,IT,,,,,,,,,giovanni.ippolito@venditoreadistanza.com,,,,,,,,,Italia,,,,,,,,,,,,,,,,,,,,GUEST,FREE,,0,18/06/2026,FREDDO,,
SIC02115,2115,PERSONA,81LEAD|ContattiMirco|EmailMirco|Labotecnic1|Labotecnic2,Danilina,Irina,,,,,IT,,,,,,,,,danilina.irina@outlook.it,,,,,,,,,Italia,,,,,,,,,,,,,,,,,,,,GUEST,FREE,,0,18/06/2026,FREDDO,,
SIC02116,2116,PERSONA,81LEAD|ContattiMirco|EmailMirco,E,Irsap rovigo,,,,,IT,,,,,,,,,e.carboni@mail.sittam.it,,3934831501810,3934831501810,,,,,,Italia,,,,,,,,,,,,,,,,,,,,GUEST,FREE,,0,18/06/2026,FREDDO,,
SIC02117,2117,PERSONA,81LEAD|ContattiMirco|EmailMirco,Emergyworld,It,,,,,IT,,,,,,,,,emergyworld.it@myworld.com,,339103652600,339103652600,,,,,,Italia,,,,,,,,,,,,,,,,,,,,GUEST,FREE,,0,18/06/2026,FREDDO,,
SIC02118,2118,PERSONA,81LEAD|ContattiMirco|EmailMirco,Energyworld,It,,,,,IT,,,,,,,,,energyworld.it@myworld.com,,,,,,,,,Italia,,,,,,,,,,,,,,,,,,,,GUEST,FREE,,0,18/06/2026,FREDDO,,
SIC02119,2119,PERSONA,81LEAD|ContattiMirco|EmailMirco,Gianfranco,It,,,,,IT,,,,,,,,,gianfranco.it@gmail.com,,39338162692200,39338162692200,,,,,,Italia,,,,,,,,,,,,,,,,,,,,GUEST,FREE,,0,18/06/2026,FREDDO,,
SIC02120,2120,PERSONA,81LEAD|ContattiMirco|EmailMirco,Inviodocumenti,It,,,,,IT,,,,,,,,,inviodocumenti.it@ing.com,,347791389000,347791389000,,,,,,Italia,,,,,,,,,,,,,,,,,,,,GUEST,FREE,,0,18/06/2026,FREDDO,,
SIC02121,2121,PERSONA,81LEAD|ContattiMirco,Legal,It,,,,,IT,,,,,,,,,legal.it@myworld.com,,320605366200,320605366200,,,,,,Italia,,,,,,,,,,,,,,,,,,,,GUEST,FREE,,0,18/06/2026,FREDDO,,
SIC02122,2122,PERSONA,81LEAD|ContattiMirco|EmailMirco,Merchant-,It,,,,,IT,,,,,,,,,merchant-info.it@cashback-solutions.com,,,,,,,,,Italia,,,,,,,,,,,,,,,,,,,,GUEST,FREE,,0,18/06/2026,FREDDO,,
SIC02123,2123,PERSONA,81LEAD|ContattiMirco|EmailMirco,Realestate,It,,,,,IT,,,,,,,,,realestate.it@housers.com,,2155261900,2155261900,,,,,,Italia,,,,,,,,,,,,,,,,,,,,GUEST,FREE,,0,18/06/2026,FREDDO,,
SIC02124,2124,PERSONA,81LEAD|EmailMirco,Gefco,Italia,,,,,IT,,,,,,,,,camille.baudin@gefco.co.uk,,3939029327010,3939029327010,,,,,,Italia,,,,,,,,,,,,,,,,,,,,GUEST,FREE,,0,18/06/2026,FREDDO,,
SIC02125,2125,PERSONA,81LEAD|ContattiMirco|EmailMirco,Numero,Italia,,,,,IT,,,,,,,,,info@numeroverde.com,,,,,,,,,Italia,,,,,,,,,,,,,,,,,,,,GUEST,FREE,,0,18/06/2026,FREDDO,,
SIC02126,2126,PERSONA,81LEAD|ContattiMirco|EmailMirco,Cashback,Italy,,,,,IT,,,,,,,,,accounting.it@cashback-solutions.com,,,,,,,,,Italia,,,,,,,,,,,,,,,,,,,,GUEST,FREE,,0,18/06/2026,FREDDO,,
SIC02127,2127,PERSONA,81LEAD|ContattiMirco|EmailMirco|Labotecnic1|Labotecnic2,Alessandro,Itinerando,,,,,IT,,,,,,,,,alebasso.ab@gmail.com,,3934955648080,3934955648080,,,,,,Italia,,,,,,,,,,,,,,,,,,,,GUEST,FREE,,0,18/06/2026,FREDDO,,
SIC02128,2128,PERSONA,81LEAD|ContattiMirco|EmailMirco,Zanzi,Ivana,,,,,IT,,,,,,,,,zanzi.ivana@gmail.com,,3934848503610,3934848503610,,,,,,Italia,,,,,,,,,,,,,,,,,,,,GUEST,FREE,,0,18/06/2026,FREDDO,,
SIC02129,2129,PERSONA,81LEAD|ContattiMirco|EmailMirco|Labotecnic1|Labotecnic2,Eleonora,Jonny l,,,,,IT,,,,,,,,,eleonora@dreika.it,,39333382613800,39333382613800,,,,,,Italia,,,,,,,,,,,,,,,,,,,,GUEST,FREE,,0,18/06/2026,FREDDO,,
SIC02130,2130,PERSONA,81LEAD|ContattiMirco|EmailMirco,Jonathan,Kennedy,,,,,IT,,,,,,,,,pasqualijonathan@gmail.com,,,,,,,,,Italia,,,,,,,,,,,,,,,,,,,,GUEST,FREE,,0,18/06/2026,FREDDO,,
SIC02131,2131,PERSONA,81LEAD|ContattiMirco|EmailMirco|Labotecnic1|Labotecnic2,Arben,Kola,,,,,IT,,,,,,,,,arben.kola@gmail.com,,,,,,,,,Italia,,,,,,,,,,,,,,,,,,,,GUEST,FREE,,0,18/06/2026,FREDDO,,
SIC02132,2132,PERSONA,81LEAD|ContattiMirco|EmailMirco,Bernhard,Kramer,,,,,IT,,,,,,,,,vonkraemer@aol.com,,3933986603600,3933986603600,,,,,,Italia,,,,,,,,,,,,,,,,,,,,GUEST,FREE,,0,18/06/2026,FREDDO,,
SIC02133,2133,PERSONA,81LEAD|ContattiMirco|EmailMirco|Labotecnic1|Labotecnic2,Erica,Kristalli d zukkero,,,,,IT,,,,,,,,,erica@boschiero.it,,39340485935400,39340485935400,,,,,,Italia,,,,,,,,,,,,,,,,,,,,GUEST,FREE,,0,18/06/2026,FREDDO,,
SIC02134,2134,PERSONA,81LEAD|ContattiMirco|Labotecnic1|Labotecnic2,Bovolenta,L,,,,,IT,,,,,,,,,bovolenta.l@gmail.com,,,,,,,,,Italia,,,,,,,,,,,,,,,,,,,,GUEST,FREE,,0,18/06/2026,FREDDO,,
SIC02135,2135,PERSONA,81LEAD|EmailMirco,AM,LIVING,,,,,IT,,,,,,,,,info@amliving.it,,3934078793250,3934078793250,,,,,,Italia,,,,,,,,,,,,,,,,,,,,GUEST,FREE,,0,18/06/2026,FREDDO,,
SIC02136,2136,PERSONA,81LEAD|ContattiMirco|EmailMirco,Daniele,LYO,,,,,IT,,,,,,,,,daniele.sileo@gmail.com,,3934726269530,3934726269530,,,,,,Italia,,,,,,,,,,,,,,,,,,,,GUEST,FREE,,0,18/06/2026,FREDDO,,
SIC02137,2137,PERSONA,81LEAD|ContattiMirco|EmailMirco,M,Lago,,,,,IT,,,,,,,,,m.lago@onean.com,,,,,,,,,Italia,,,,,,,,,,,,,,,,,,,,GUEST,FREE,,0,18/06/2026,FREDDO,,
SIC02138,2138,PERSONA,81LEAD|ContattiMirco|EmailMirco|Labotecnic1|Labotecnic2,E,Laiatici,,,,,IT,,,,,,,,,e.laiatici@aironegroup.it,,,,,,,,,Italia,,,,,,,,,,,,,,,,,,,,GUEST,FREE,,0,18/06/2026,FREDDO,,
SIC02139,2139,PERSONA,81LEAD|ContattiMirco|EmailMirco,Franz,Lanaro,,,,,IT,,,,,,,,,franz.lanaro@gmail.com,,3932821619770,3932821619770,,,,,,Italia,,,,,,,,,,,,,,,,,,,,GUEST,FREE,,0,18/06/2026,FREDDO,,
SIC02140,2140,PERSONA,81LEAD|ContattiMirco|EmailMirco,G,Landini,,,,,IT,,,,,,,,,g.landini@stablecomp.com,,3933558581840,3933558581840,,,,,,Italia,,,,,,,,,,,,,,,,,,,,GUEST,FREE,,0,18/06/2026,FREDDO,,
SIC02141,2141,PERSONA,81LEAD|ContattiMirco|EmailMirco|Labotecnic1|Labotecnic2,Lanzapesca,Lanza,,,,,IT,,,,,,,,,lanzapesca@libero.it,,3934724486540,3934724486540,,,,,,Italia,,,,,,,,,,,,,,,,,,,,GUEST,FREE,,0,18/06/2026,FREDDO,,
SIC02142,2142,PERSONA,81LEAD|ContattiMirco|EmailMirco|Labotecnic1|Labotecnic2,Poliambulatoriosangiovanni,Lanza,,,,,IT,,,,,,,,,poliambulatoriosangiovanni@gmail.com,,3933344327950,3933344327950,,,,,,Italia,,,,,,,,,,,,,,,,,,,,GUEST,FREE,,0,18/06/2026,FREDDO,,
SIC02143,2143,PERSONA,81LEAD|ContattiMirco|EmailMirco|Labotecnic1|Labotecnic2,Giovannyangelo,Lanzetta,,,,,IT,,,,,,,,,giovannyangelo@outlook.com,,3934907045240,3934907045240,,,,,,Italia,,,,,,,,,,,,,,,,,,,,GUEST,FREE,,0,18/06/2026,FREDDO,,
SIC02144,2144,PERSONA,81LEAD|ContattiMirco|EmailMirco,Giuliano,Lanzetti,,,,,IT,,,,,,,,,info@pienissimo.com,,,,,,,,,Italia,,,,,,,,,,,,,,,,,,,,GUEST,FREE,,0,18/06/2026,FREDDO,,
SIC02145,2145,PERSONA,81LEAD|ContattiMirco|EmailMirco|Labotecnic1|Labotecnic2,Lalla,Lanzi,,,,,IT,,,,,,,,,lalla.lanzi@gmail.com,,,,,,,,,Italia,,,,,,,,,,,,,,,,,,,,GUEST,FREE,,0,18/06/2026,FREDDO,,
SIC02146,2146,PERSONA,81LEAD|ContattiMirco|EmailMirco|Labotecnic1|Labotecnic2,Bartolomeolarosa98,Larosa,,,,,IT,,,,,,,,,bartolomeolarosa98@gmail.com,,,,,,,,,Italia,,,,,,,,,,,,,,,,,,,,GUEST,FREE,,0,18/06/2026,FREDDO,,
SIC02147,2147,PERSONA,81LEAD|ContattiMirco|EmailMirco|Labotecnic1|Labotecnic2,Sabrina,Laterra,,,,,IT,,,,,,,,,sabrina.laterra@libero.it,,3934835445990,3934835445990,,,,,,Italia,,,,,,,,,,,,,,,,,,,,GUEST,FREE,,0,18/06/2026,FREDDO,,
SIC02148,2148,PERSONA,81LEAD|ContattiMirco|EmailMirco|Labotecnic1|Labotecnic2,Liliana,Lattuada,,,,,IT,,,,,,,,,liliana.lattuada@fastwebnet.it,,39349648386700,39349648386700,,,,,,Italia,,,,,,,,,,,,,,,,,,,,GUEST,FREE,,0,18/06/2026,FREDDO,,
SIC02149,2149,PERSONA,81LEAD|ContattiMirco|EmailMirco|Labotecnic1|Labotecnic2,Arch,Lauraboscoloforcola,,,,,IT,,,,,,,,,arch.lauraboscoloforcola@gmail.com,,,,,,,,,Italia,,,,,,,,,,,,,,,,,,,,GUEST,FREE,,0,18/06/2026,FREDDO,,
SIC02150,2150,PERSONA,81LEAD|ContattiMirco|EmailMirco|Labotecnic1|Labotecnic2,Bon,Lavi,,,,,IT,,,,,,,,,bon.lavi@libero.it,,3934945712730,3934945712730,,,,,,Italia,,,,,,,,,,,,,,,,,,,,GUEST,FREE,,0,18/06/2026,FREDDO,,
SIC02151,2151,PERSONA,81LEAD|EmailMirco,Tecnogesso,Lavorazione Cartongesso Mira,,,,,IT,,,,,,,,,tecnogesso@libero.it,,3932827059180,3932827059180,,,,,,Italia,,,,,,,,,,,,,,,,,,,,GUEST,FREE,,0,18/06/2026,FREDDO,,
SIC02152,2152,PERSONA,81LEAD|ContattiMirco|EmailMirco,Formazione,Lavoro,,,,,IT,,,,,,,,,formazione@lonigosoccorso.it,,39329450314700,39329450314700,,,,,,Italia,,,,,,,,,,,,,,,,,,,,GUEST,FREE,,0,18/06/2026,FREDDO,,
SIC02153,2153,PERSONA,81LEAD|EmailMirco,Ance,Lazio-Urcel,,,,,IT,,,,,,,,,ancelazio@ancelazio.it,,390632211280,390632211280,,,,,,Italia,,,,,,,,,,,,,,,,,,,,GUEST,FREE,,0,18/06/2026,FREDDO,,
SIC02154,2154,PERSONA,81LEAD|ContattiMirco|EmailMirco|Labotecnic1|Labotecnic2,Stefy,Lazza,,,,,IT,,,,,,,,,stefy.lazza@hotmail.com,,,,,,,,,Italia,,,,,,,,,,,,,,,,,,,,GUEST,FREE,,0,18/06/2026,FREDDO,,
SIC02155,2155,PERSONA,81LEAD|ContattiMirco|EmailMirco|Labotecnic1|Labotecnic2,Max,Lazzari,,,,,IT,,,,,,,,,max.lazzari@hotmail.com,,,,,,,,,Italia,,,,,,,,,,,,,,,,,,,,GUEST,FREE,,0,18/06/2026,FREDDO,,
SIC02156,2156,PERSONA,81LEAD|ContattiMirco|EmailMirco,Antonio,Lazzaro,,,,,IT,,,,,,,,,alazzaro2606@gmail.com,,3933842979720,3933842979720,,,,,,Italia,,,,,,,,,,,,,,,,,,,,GUEST,FREE,,0,18/06/2026,FREDDO,,
SIC02157,2157,PERSONA,81LEAD|ContattiMirco|EmailMirco|Labotecnic1|Labotecnic2,Antonio,Lazzaro,,,,,IT,,,,,,,,,lazzaro@quboimpianti.com,,3933568195680,3933568195680,,,,,,Italia,,,,,,,,,,,,,,,,,,,,GUEST,FREE,,0,18/06/2026,FREDDO,,
SIC02158,2158,PERSONA,81LEAD|ContattiMirco|EmailMirco,M,Leitempergher,,,,,IT,,,,,,,,,m.leitempergher@transistor.it,,,,,,,,,Italia,,,,,,,,,,,,,,,,,,,,GUEST,FREE,,0,18/06/2026,FREDDO,,
SIC02159,2159,PERSONA,81LEAD|ContattiMirco|EmailMirco|Labotecnic1|Labotecnic2,Zamperlin,Lendinara,,,,,IT,,,,,,,,,zamperlin.lendinara@libero.it,,,,,,,,,Italia,,,,,,,,,,,,,,,,,,,,GUEST,FREE,,0,18/06/2026,FREDDO,,
SIC02160,2160,PERSONA,81LEAD|ContattiMirco|EmailMirco|Labotecnic1|Labotecnic2,Barca,Lg,,,,,IT,,,,,,,,,barca.lg@libero.it,,,,,,,,,Italia,,,,,,,,,,,,,,,,,,,,GUEST,FREE,,0,18/06/2026,FREDDO,,
SIC02161,2161,PERSONA,81LEAD|ContattiMirco|EmailMirco|Labotecnic1|Labotecnic2,Lucio,Licata,,,,,IT,,,,,,,,,lucio.licata@live.it,,3932873740190,3932873740190,,,,,,Italia,,,,,,,,,,,,,,,,,,,,GUEST,FREE,,0,18/06/2026,FREDDO,,
SIC02162,2162,PERSONA,EmailMirco,Edilmarket,Ligure,,,,,IT,,,,,,,,,informazioni@edilmarketligure.it,,,,,,,,,Italia,,,,,,,,,,,,,,,,,,,,GUEST,FREE,,0,18/06/2026,FREDDO,,
SIC02163,2163,PERSONA,81LEAD|ContattiMirco|EmailMirco|Labotecnic1|Labotecnic2,Iphone,Liliana,,,,,IT,,,,,,,,,iphone.liliana@gmail.com,,,,,,,,,Italia,,,,,,,,,,,,,,,,,,,,GUEST,FREE,,0,18/06/2026,FREDDO,,
SIC02164,2164,PERSONA,81LEAD|ContattiMirco|EmailMirco|Labotecnic1|Labotecnic2,Pasquale,Lillo,,,,,IT,,,,,,,,,quattroeffestore@hotmail.it,,39340107230100,39340107230100,,,,,,Italia,,,,,,,,,,,,,,,,,,,,GUEST,FREE,,0,18/06/2026,FREDDO,,
SIC02165,2165,PERSONA,81LEAD|EmailMirco,Autocarrozzeria,Limpido,,,,,IT,,,,,,,,,autocarrozzerialimpidosm@gmail.com,,390931246890,390931246890,,,,,,Italia,,,,,,,,,,,,,,,,,,,,GUEST,FREE,,0,18/06/2026,FREDDO,,
SIC02166,2166,PERSONA,81LEAD|ContattiMirco|EmailMirco|Labotecnic1|Labotecnic2,New,Line Mantovan Stefano,,,,,IT,,,,,,,,,jmj69nola@gmail.com,,3932915586610,3932915586610,,,,,,Italia,,,,,,,,,,,,,,,,,,,,GUEST,FREE,,0,18/06/2026,FREDDO,,
SIC02167,2167,PERSONA,81LEAD|ContattiMirco|EmailMirco|Labotecnic1|Labotecnic2,Ilaria,Livolsi,,,,,IT,,,,,,,,,ilaria.livolsi@attivamenteonlus.it,,3937177451380,3937177451380,,,,,,Italia,,,,,,,,,,,,,,,,,,,,GUEST,FREE,,0,18/06/2026,FREDDO,,
SIC02168,2168,PERSONA,81LEAD|ContattiMirco|EmailMirco|Labotecnic1|Labotecnic2,Gianfranco,Lo Cascio,,,,,IT,,,,,,,,,gianfranco@bbq4all.it,,3934791336990,3934791336990,,,,,,Italia,,,,,,,,,,,,,,,,,,,,GUEST,FREE,,0,18/06/2026,FREDDO,,
SIC02169,2169,PERSONA,81LEAD|ContattiMirco|EmailMirco,Leonardo,Lo Cicero,,,,,IT,,,,,,,,,artisti.leonardo@studiopozzato.it,,3933143905620,3933143905620,,,,,,Italia,,,,,,,,,,,,,,,,,,,,GUEST,FREE,,0,18/06/2026,FREDDO,,
SIC02170,2170,PERSONA,81LEAD|ContattiMirco|EmailMirco|Labotecnic1|Labotecnic2,Domenico,Lobosco,,,,,IT,,,,,,,,,domenico.lobosco@virgilio.it,,2698453000,2698453000,,,,,,Italia,,,,,,,,,,,,,,,,,,,,GUEST,FREE,,0,18/06/2026,FREDDO,,
SIC02171,2171,PERSONA,81LEAD|ContattiMirco|EmailMirco|Labotecnic1|Labotecnic2,Mirna,Loi,,,,,IT,,,,,,,,,mirna.loi@leonardocompany.com,,,,,,,,,Italia,,,,,,,,,,,,,,,,,,,,GUEST,FREE,,0,18/06/2026,FREDDO,,
SIC02172,2172,PERSONA,81LEAD|ContattiMirco|EmailMirco,Vittorio,Londoni,,,,,IT,,,,,,,,,vittorio.londoni@londonigroup.com,,,,,,,,,Italia,,,,,,,,,,,,,,,,,,,,GUEST,FREE,,0,18/06/2026,FREDDO,,
SIC02173,2173,PERSONA,81LEAD|ContattiMirco|EmailMirco|Labotecnic1|Labotecnic2,Enrico,Longo,,,,,IT,,,,,,,,,enrico.longo@geofor.info,,,,,,,,,Italia,,,,,,,,,,,,,,,,,,,,GUEST,FREE,,0,18/06/2026,FREDDO,,
SIC02174,2174,PERSONA,81LEAD|ContattiMirco|EmailMirco|Labotecnic1|Labotecnic2,Giovanni,Lora7,,,,,IT,,,,,,,,,giovanni.lora7@gimail.com,,3934833842530,3934833842530,,,,,,Italia,,,,,,,,,,,,,,,,,,,,GUEST,FREE,,0,18/06/2026,FREDDO,,
SIC02175,2175,PERSONA,81LEAD|ContattiMirco|EmailMirco|Labotecnic1|Labotecnic2,Motorman,Loreo,,,,,IT,,,,,,,,,motorman.loreo@gmail.com,,,,,,,,,Italia,,,,,,,,,,,,,,,,,,,,GUEST,FREE,,0,18/06/2026,FREDDO,,
SIC02176,2176,PERSONA,81LEAD|ContattiMirco|EmailMirco|Labotecnic1|Labotecnic2,Baldachini,Loris,,,,,IT,,,,,,,,,baldachini.loris@libero.it,,,,,,,,,Italia,,,,,,,,,,,,,,,,,,,,GUEST,FREE,,0,18/06/2026,FREDDO,,
SIC02177,2177,PERSONA,81LEAD|ContattiMirco|EmailMirco|Labotecnic1|Labotecnic2,Bailo,Luca,,,,,IT,,,,,,,,,bailo.luca@gmail.com,,,,,,,,,Italia,,,,,,,,,,,,,,,,,,,,GUEST,FREE,,0,18/06/2026,FREDDO,,
SIC02178,2178,PERSONA,81LEAD|ContattiMirco|EmailMirco|Labotecnic1|Labotecnic2,Berton,Luca,,,,,IT,,,,,,,,,berton.luca@virgilio.it,,,,,,,,,Italia,,,,,,,,,,,,,,,,,,,,GUEST,FREE,,0,18/06/2026,FREDDO,,
SIC02179,2179,PERSONA,81LEAD|ContattiMirco|EmailMirco|Labotecnic1|Labotecnic2,Fattoretto,Luca,,,,,IT,,,,,,,,,fattoretto.luca@alice.it,,,,,,,,,Italia,,,,,,,,,,,,,,,,,,,,GUEST,FREE,,0,18/06/2026,FREDDO,,
SIC02180,2180,PERSONA,81LEAD|ContattiMirco|EmailMirco|Labotecnic1|Labotecnic2,Massimilianolaurenti,Luca,,,,,IT,,,,,,,,,massimilianolaurenti@tin.it,,39340913290600,39340913290600,,,,,,Italia,,,,,,,,,,,,,,,,,,,,GUEST,FREE,,0,18/06/2026,FREDDO,,
SIC02181,2181,PERSONA,81LEAD|ContattiMirco|EmailMirco|Labotecnic1|Labotecnic2,Zimmaro,Luca,,,,,IT,,,,,,,,,zimmaro.luca@gmail.com,,,,,,,,,Italia,,,,,,,,,,,,,,,,,,,,GUEST,FREE,,0,18/06/2026,FREDDO,,
SIC02182,2182,PERSONA,81LEAD|ContattiMirco|EmailMirco|Labotecnic1|Labotecnic2,Lorena,Luca60,,,,,IT,,,,,,,,,lorena.luca60@gmail.com,,,,,,,,,Italia,,,,,,,,,,,,,,,,,,,,GUEST,FREE,,0,18/06/2026,FREDDO,,
SIC02183,2183,PERSONA,81LEAD|ContattiMirco|EmailMirco|Labotecnic1|Labotecnic2,Geom,Lucaformaglio,,,,,IT,,,,,,,,,geom.lucaformaglio@virgilio.it,,,,,,,,,Italia,,,,,,,,,,,,,,,,,,,,GUEST,FREE,,0,18/06/2026,FREDDO,,
SIC02184,2184,PERSONA,81LEAD|ContattiMirco|EmailMirco|Labotecnic1|Labotecnic2,Rovai,Lucia,,,,,IT,,,,,,,,,rovai.lucia@gmail.com,,,,,,,,,Italia,,,,,,,,,,,,,,,,,,,,GUEST,FREE,,0,18/06/2026,FREDDO,,
SIC02185,2185,PERSONA,81LEAD|ContattiMirco|EmailMirco|Labotecnic1|Labotecnic2,Scuttari,Luciano,,,,,IT,,,,,,,,,scuttari.luciano@libero.it,,3934827127240,3934827127240,,,,,,Italia,,,,,,,,,,,,,,,,,,,,GUEST,FREE,,0,18/06/2026,FREDDO,,
SIC02186,2186,PERSONA,81LEAD|ContattiMirco|EmailMirco,Dott,Lucio,,,,,IT,,,,,,,,,businaro.lucio@libero.it,,3936639442220,3936639442220,,,,,,Italia,,,,,,,,,,,,,,,,,,,,GUEST,FREE,,0,18/06/2026,FREDDO,,
SIC02187,2187,PERSONA,81LEAD|ContattiMirco|EmailMirco|Labotecnic1|Labotecnic2,Yascira,Lucy,,,,,IT,,,,,,,,,yascira.lucy@gmail.com,,,,,,,,,Italia,,,,,,,,,,,,,,,,,,,,GUEST,FREE,,0,18/06/2026,FREDDO,,
SIC02188,2188,PERSONA,81LEAD|ContattiMirco|EmailMirco|Labotecnic1|Labotecnic2,Cianfagna,Luigi,,,,,IT,,,,,,,,,cianfagna.luigi@gmail.com,,,,,,,,,Italia,,,,,,,,,,,,,,,,,,,,GUEST,FREE,,0,18/06/2026,FREDDO,,
SIC02189,2189,PERSONA,81LEAD|ContattiMirco|EmailMirco|Labotecnic1|Labotecnic2,Passionegiardino,Luis,,,,,IT,,,,,,,,,passionegiardino@libero.it,,,,,,,,,Italia,,,,,,,,,,,,,,,,,,,,GUEST,FREE,,0,18/06/2026,FREDDO,,
SIC02190,2190,PERSONA,81LEAD|ContattiMirco|EmailMirco|Labotecnic1|Labotecnic2,Alessandra,Lyo,,,,,IT,,,,,,,,,alemorandin29@gmail.com,,3939218430070,3939218430070,,,,,,Italia,,,,,,,,,,,,,,,,,,,,GUEST,FREE,,0,18/06/2026,FREDDO,,
SIC02191,2191,PERSONA,81LEAD|ContattiMirco|EmailMirco|Labotecnic1|Labotecnic2,Andrea,Lyo,,,,,IT,,,,,,,,,andrea_zorzi@outlook.it,,3934962885550,3934962885550,,,,,,Italia,,,,,,,,,,,,,,,,,,,,GUEST,FREE,,0,18/06/2026,FREDDO,,
SIC02192,2192,PERSONA,81LEAD|ContattiMirco|EmailMirco|Labotecnic1|Labotecnic2,Andrea,Lyo,,,,,IT,,,,,,,,,a.bezze75@gmail.com,,3934831301550,3934831301550,,,,,,Italia,,,,,,,,,,,,,,,,,,,,GUEST,FREE,,0,18/06/2026,FREDDO,,
SIC02193,2193,PERSONA,81LEAD|ContattiMirco|EmailMirco|Labotecnic1|Labotecnic2,Andrea,Lyo,,,,,IT,,,,,,,,,andreagazzola1979@gmail.com,,3934824893120,3934824893120,,,,,,Italia,,,,,,,,,,,,,,,,,,,,GUEST,FREE,,0,18/06/2026,FREDDO,,
SIC02194,2194,PERSONA,81LEAD|ContattiMirco|EmailMirco|Labotecnic1|Labotecnic2,Andrea,Lyo,,,,,IT,,,,,,,,,fattoretto76@libero.it,,3934784786800,3934784786800,,,,,,Italia,,,,,,,,,,,,,,,,,,,,GUEST,FREE,,0,18/06/2026,FREDDO,,
SIC02195,2195,PERSONA,81LEAD|ContattiMirco|EmailMirco|Labotecnic1|Labotecnic2,Antonio,Lyo,,,,,IT,,,,,,,,,info@nonsolocharter.com,,3934504004000,3934504004000,,,,,,Italia,,,,,,,,,,,,,,,,,,,,GUEST,FREE,,0,18/06/2026,FREDDO,,
SIC02196,2196,PERSONA,81LEAD|ContattiMirco|EmailMirco|Labotecnic1|Labotecnic2,Barbara,Lyo,,,,,IT,,,,,,,,,cirelli.barbara@yahoo.it,,3934090415330,3934090415330,,,,,,Italia,,,,,,,,,,,,,,,,,,,,GUEST,FREE,,0,18/06/2026,FREDDO,,
SIC02197,2197,PERSONA,81LEAD|ContattiMirco|EmailMirco,Damiano,Lyo,,,,,IT,,,,,,,,,lurkindmi@libero.it,,3932970291040,3932970291040,,,,,,Italia,,,,,,,,,,,,,,,,,,,,GUEST,FREE,,0,18/06/2026,FREDDO,,
SIC02198,2198,PERSONA,81LEAD|ContattiMirco|EmailMirco,Davide,Lyo,,,,,IT,,,,,,,,,davide.bedin1966@yahoo.it,,3934809904620,3934809904620,,,,,,Italia,,,,,,,,,,,,,,,,,,,,GUEST,FREE,,0,18/06/2026,FREDDO,,
SIC02199,2199,PERSONA,81LEAD|ContattiMirco|EmailMirco,Domenico,Lyo,,,,,IT,,,,,,,,,mimmiposi@gmail.com,,3938911409800,3938911409800,,,,,,Italia,,,,,,,,,,,,,,,,,,,,GUEST,FREE,,0,18/06/2026,FREDDO,,
SIC02200,2200,PERSONA,81LEAD|ContattiMirco|EmailMirco|Labotecnic1|Labotecnic2,Emanuel,Lyo,,,,,IT,,,,,,,,,fly_emanuel@hotmail.it,,3934943747290,3934943747290,,,,,,Italia,,,,,,,,,,,,,,,,,,,,GUEST,FREE,,0,18/06/2026,FREDDO,,
SIC02201,2201,PERSONA,81LEAD|ContattiMirco|EmailMirco|Labotecnic1|Labotecnic2,Federico,Lyo,,,,,IT,,,,,,,,,morefed@alice.it,,3939354371210,3939354371210,,,,,,Italia,,,,,,,,,,,,,,,,,,,,GUEST,FREE,,0,18/06/2026,FREDDO,,
SIC02202,2202,PERSONA,81LEAD|ContattiMirco|EmailMirco|Labotecnic1|Labotecnic2,Fernando,Lyo,,,,,IT,,,,,,,,,silurolap@hotmail.it,,3934928684880,3934928684880,,,,,,Italia,,,,,,,,,,,,,,,,,,,,GUEST,FREE,,0,18/06/2026,FREDDO,,
SIC02203,2203,PERSONA,81LEAD|ContattiMirco|EmailMirco|Labotecnic1|Labotecnic2,Francesco,Lyo,,,,,IT,,,,,,,,,fravelli58@hotmail.it,,3933552530840,3933552530840,,,,,,Italia,,,,,,,,,,,,,,,,,,,,GUEST,FREE,,0,18/06/2026,FREDDO,,
SIC02204,2204,PERSONA,81LEAD|ContattiMirco|EmailMirco|Labotecnic1|Labotecnic2,Giampaolo,Lyo,,,,,IT,,,,,,,,,diego.ddm747@gmail.com,,3939212536790,3939212536790,,,,,,Italia,,,,,,,,,,,,,,,,,,,,GUEST,FREE,,0,18/06/2026,FREDDO,,
SIC02205,2205,PERSONA,81LEAD|ContattiMirco|EmailMirco|Labotecnic1|Labotecnic2,Jacopo,Lyo,,,,,IT,,,,,,,,,djjacy@hotmail.it,,3932015713850,3932015713850,,,,,,Italia,,,,,,,,,,,,,,,,,,,,GUEST,FREE,,0,18/06/2026,FREDDO,,
SIC02206,2206,PERSONA,ContattiMirco|EmailMirco,Lorenzo,Lyo,,,,,IT,,,,,,,,,motomar@motomar.it,,394564008880,394564008880,,,,,,Italia,,,,,,,,,,,,,,,,,,,,GUEST,FREE,,0,18/06/2026,FREDDO,,
SIC02207,2207,PERSONA,81LEAD|ContattiMirco|EmailMirco|Labotecnic1|Labotecnic2,Massimo,Lyo,,,,,IT,,,,,,,,,degattimassimo@gmail.com,,3938887195330,3938887195330,,,,,,Italia,,,,,,,,,,,,,,,,,,,,GUEST,FREE,,0,18/06/2026,FREDDO,,
SIC02208,2208,PERSONA,81LEAD|ContattiMirco|EmailMirco|Labotecnic1|Labotecnic2,Matteo,Lyo,,,,,IT,,,,,,,,,matteopurisiol@yahoo.it,,3934855795850,3934855795850,,,,,,Italia,,,,,,,,,,,,,,,,,,,,GUEST,FREE,,0,18/06/2026,FREDDO,,
SIC02209,2209,PERSONA,81LEAD|ContattiMirco|EmailMirco,Mattia,Lyo,,,,,IT,,,,,,,,,mattiafox89@gmail.com,,3932953659120,3932953659120,,,,,,Italia,,,,,,,,,,,,,,,,,,,,GUEST,FREE,,0,18/06/2026,FREDDO,,
SIC02210,2210,PERSONA,ContattiMirco|EmailMirco|Labotecnic1|Labotecnic2,Michele,Lyo,,,,,IT,,,,,,,,,222giraffa@gmail.com,,3934778877850,3934778877850,,,,,,Italia,,,,,,,,,,,,,,,,,,,,GUEST,FREE,,0,18/06/2026,FREDDO,,
SIC02211,2211,PERSONA,81LEAD|ContattiMirco|Labotecnic1|Labotecnic2,Mirco,Lyo,,,,,IT,,,,,,,,,mircofaggia@gmail.com,,3939333240930,3939333240930,,,,,,Italia,,,,,,,,,,,,,,,,,,,,GUEST,FREE,,0,18/06/2026,FREDDO,,
SIC02212,2212,PERSONA,81LEAD|ContattiMirco|EmailMirco,Mussatigiacomo,Lyo,,,,,IT,,,,,,,,,mussatigiacomo@gmail.com,,39347997089900,39347997089900,,,,,,Italia,,,,,,,,,,,,,,,,,,,,GUEST,FREE,,0,18/06/2026,FREDDO,,
SIC02213,2213,PERSONA,81LEAD|ContattiMirco|EmailMirco|Labotecnic1|Labotecnic2,Pier,Lyo,,,,,IT,,,,,,,,,pierbrunociocca@gmail.com,,3933952883640,3933952883640,,,,,,Italia,,,,,,,,,,,,,,,,,,,,GUEST,FREE,,0,18/06/2026,FREDDO,,
SIC02214,2214,PERSONA,81LEAD|ContattiMirco|EmailMirco|Labotecnic1|Labotecnic2,Roberto,Lyo,,,,,IT,,,,,,,,,robecanci@gmail.com,,3933348810860,3933348810860,,,,,,Italia,,,,,,,,,,,,,,,,,,,,GUEST,FREE,,0,18/06/2026,FREDDO,,
SIC02215,2215,PERSONA,81LEAD|ContattiMirco|EmailMirco,Simone,Lyo,,,,,IT,,,,,,,,,simone.cason@koine.ve.it,,3933568244600,3933568244600,,,,,,Italia,,,,,,,,,,,,,,,,,,,,GUEST,FREE,,0,18/06/2026,FREDDO,,
SIC02216,2216,PERSONA,81LEAD|ContattiMirco|EmailMirco,Antonello,Lyoness,,,,,IT,,,,,,,,,antonellocappellato@gmail.com,,3933570632100,3933570632100,,,,,,Italia,,,,,,,,,,,,,,,,,,,,GUEST,FREE,,0,18/06/2026,FREDDO,,
SIC02217,2217,PERSONA,81LEAD|ContattiMirco,Antonello,Lyoness,,,,,IT,,,,,,,,,antonellocappellato@icloud.com,,3933570632100,3933570632100,,,,,,Italia,,,,,,,,,,,,,,,,,,,,GUEST,FREE,,0,18/06/2026,FREDDO,,
SIC02218,2218,PERSONA,81LEAD|ContattiMirco|EmailMirco,Antonello,Lyoness,,,,,IT,,,,,,,,,a.cappellattoforceup@gmail.com,,3933570632100,3933570632100,,,,,,Italia,,,,,,,,,,,,,,,,,,,,GUEST,FREE,,0,18/06/2026,FREDDO,,
SIC02219,2219,PERSONA,81LEAD|ContattiMirco|EmailMirco,Massimo,Lyoness,,,,,IT,,,,,,,,,dealer64@gmail.com,,3934947589330,3934947589330,,,,,,Italia,,,,,,,,,,,,,,,,,,,,GUEST,FREE,,0,18/06/2026,FREDDO,,
SIC02220,2220,PERSONA,81LEAD|ContattiMirco|Labotecnic1|Labotecnic2,Campigotto,M,,,,,IT,,,,,,,,,campigotto.m@gmail.com,,,,,,,,,Italia,,,,,,,,,,,,,,,,,,,,GUEST,FREE,,0,18/06/2026,FREDDO,,
SIC02221,2221,PERSONA,81LEAD|ContattiMirco|EmailMirco|Labotecnic1|Labotecnic2,Ludovico,M,,,,,IT,,,,,,,,,ludovico.m@inwind.it,,335629366300,335629366300,,,,,,Italia,,,,,,,,,,,,,,,,,,,,GUEST,FREE,,0,18/06/2026,FREDDO,,
SIC02222,2222,PERSONA,81LEAD|ContattiMirco|EmailMirco|Labotecnic1|Labotecnic2,Marola,M,,,,,IT,,,,,,,,,marola.m@elettrosigma.com,,,,,,,,,Italia,,,,,,,,,,,,,,,,,,,,GUEST,FREE,,0,18/06/2026,FREDDO,,
SIC02223,2223,PERSONA,81LEAD|ContattiMirco|EmailMirco|Labotecnic1|Labotecnic2,Longo,M geometra,,,,,IT,,,,,,,,,longo.m.geometra@gmail.com,,,,,,,,,Italia,,,,,,,,,,,,,,,,,,,,GUEST,FREE,,0,18/06/2026,FREDDO,,
SIC02224,2224,PERSONA,81LEAD|ContattiMirco|EmailMirco|Labotecnic1|Labotecnic2,Paola,M17,,,,,IT,,,,,,,,,paola.m17@libero.it,,,,,,,,,Italia,,,,,,,,,,,,,,,,,,,,GUEST,FREE,,0,18/06/2026,FREDDO,,
SIC02225,2225,PERSONA,81LEAD|ContattiMirco|EmailMirco|Labotecnic1|Labotecnic2,Ivano,M56,,,,,IT,,,,,,,,,ivano.m56@libero.it,,3933546097300,3933546097300,,,,,,Italia,,,,,,,,,,,,,,,,,,,,GUEST,FREE,,0,18/06/2026,FREDDO,,
SIC02226,2226,PERSONA,81LEAD|ContattiMirco,MORENO,MARANGON,,,,,IT,,,,,,,,,moreno@myradiostore.it,,3939390129620,3939390129620,,,,,,Italia,,,,,,,,,,,,,,,,,,,,GUEST,FREE,,0,18/06/2026,FREDDO,,
SIC02227,2227,PERSONA,81LEAD|EmailMirco,BigMat,MEDIEDIL,,,,,IT,,,,,,,,,mediedil@bigmat.it,,3909239517690,3909239517690,,,,,,Italia,,,,,,,,,,,,,,,,,,,,GUEST,FREE,,0,18/06/2026,FREDDO,,
SIC02228,2228,PERSONA,81LEAD|ContattiMirco|EmailMirco,CARLO,MURA,,,,,IT,,,,,,,,,dellamura@ieol.net,,335120352800,335120352800,,,,,,Italia,,,,,,,,,,,,,,,,,,,,GUEST,FREE,,0,18/06/2026,FREDDO,,
SIC02229,2229,PERSONA,81LEAD|ContattiMirco|Labotecnic1|Labotecnic2,Denis,Maccapanipav,,,,,IT,,,,,,,,,denis.maccapanipav@libero.it,,,,,,,,,Italia,,,,,,,,,,,,,,,,,,,,GUEST,FREE,,0,18/06/2026,FREDDO,,
SIC02230,2230,PERSONA,81LEAD|ContattiMirco|EmailMirco|Labotecnic1|Labotecnic2,Patty,Maestri63,,,,,IT,,,,,,,,,patty.maestri63@gmail.com,,,,,,,,,Italia,,,,,,,,,,,,,,,,,,,,GUEST,FREE,,0,18/06/2026,FREDDO,,
SIC02231,2231,PERSONA,81LEAD|EmailMirco,Mega,Magazzini Edili,,,,,IT,,,,,,,,,pier@megasrl.it,,390172864040,390172864040,,,,,,Italia,,,,,,,,,,,,,,,,,,,,GUEST,FREE,,0,18/06/2026,FREDDO,,
SIC02232,2232,PERSONA,81LEAD|ContattiMirco|EmailMirco,D,Maghella,,,,,IT,,,,,,,,,d.maghella@tdkservice.com,,,,,,,,,Italia,,,,,,,,,,,,,,,,,,,,GUEST,FREE,,0,18/06/2026,FREDDO,,
SIC02233,2233,PERSONA,81LEAD|ContattiMirco|EmailMirco|Labotecnic1|Labotecnic2,Ivo,Magnabosco,,,,,IT,,,,,,,,,ivo.magnabosco@gmail.com,,,,,,,,,Italia,,,,,,,,,,,,,,,,,,,,GUEST,FREE,,0,18/06/2026,FREDDO,,
SIC02234,2234,PERSONA,81LEAD|ContattiMirco|EmailMirco|Labotecnic1|Labotecnic2,Carmelo,Maimone,,,,,IT,,,,,,,,,carmelo.maimone@virgilio.it,,,,,,,,,Italia,,,,,,,,,,,,,,,,,,,,GUEST,FREE,,0,18/06/2026,FREDDO,,
SIC02235,2235,PERSONA,81LEAD|EmailMirco,Style,Maison Parquet Roma,,,,,IT,,,,,,,,,info@stylemaison.com,,3906842415340,3906842415340,,,,,,Italia,,,,,,,,,,,,,,,,,,,,GUEST,FREE,,0,18/06/2026,FREDDO,,
SIC02236,2236,PERSONA,81LEAD|ContattiMirco|EmailMirco|Labotecnic1|Labotecnic2,Stefano,Malibu',,,,,IT,,,,,,,,,stefano@pivatostefano.com,,3939397017800,3939397017800,,,,,,Italia,,,,,,,,,,,,,,,,,,,,GUEST,FREE,,0,18/06/2026,FREDDO,,
SIC02237,2237,PERSONA,81LEAD|ContattiMirco|EmailMirco|Labotecnic1|Labotecnic2,Grassi,Mancin,,,,,IT,,,,,,,,,grassi.mancin@libero.it,,,,,,,,,Italia,,,,,,,,,,,,,,,,,,,,GUEST,FREE,,0,18/06/2026,FREDDO,,
SIC02238,2238,PERSONA,81LEAD|ContattiMirco|EmailMirco|Labotecnic1|Labotecnic2,G,Manfredi,,,,,IT,,,,,,,,,g.manfredi@comas-srl.com,,,,,,,,,Italia,,,,,,,,,,,,,,,,,,,,GUEST,FREE,,0,18/06/2026,FREDDO,,
SIC02239,2239,PERSONA,81LEAD|ContattiMirco|EmailMirco|Labotecnic1|Labotecnic2,Enrico,Mantovan,,,,,IT,,,,,,,,,enrico.mantovan@gmail.com,,3934545899540,3934545899540,,,,,,Italia,,,,,,,,,,,,,,,,,,,,GUEST,FREE,,0,18/06/2026,FREDDO,,
SIC02240,2240,PERSONA,81LEAD|ContattiMirco|EmailMirco|Labotecnic1|Labotecnic2,Or,Mantovani,,,,,IT,,,,,,,,,or.mantovani@gmail.com,,3933136465150,3933136465150,,,,,,Italia,,,,,,,,,,,,,,,,,,,,GUEST,FREE,,0,18/06/2026,FREDDO,,
SIC02241,2241,PERSONA,81LEAD|ContattiMirco|EmailMirco|Labotecnic1|Labotecnic2,Manfrin,Manuele,,,,,IT,,,,,,,,,manfrin.m@libero.it,,39338277460500,39338277460500,,,,,,Italia,,,,,,,,,,,,,,,,,,,,GUEST,FREE,,0,18/06/2026,FREDDO,,
SIC02242,2242,PERSONA,81LEAD|ContattiMirco|EmailMirco,Piero,Mapelli,,,,,IT,,,,,,,,,info@edilmapuno.com,,,,,,,,,Italia,,,,,,,,,,,,,,,,,,,,GUEST,FREE,,0,18/06/2026,FREDDO,,
SIC02243,2243,PERSONA,81LEAD|ContattiMirco|EmailMirco|Labotecnic1|Labotecnic2,Santoriello,Mara,,,,,IT,,,,,,,,,santoriello.mara@gmail.com,,,,,,,,,Italia,,,,,,,,,,,,,,,,,,,,GUEST,FREE,,0,18/06/2026,FREDDO,,
SIC02244,2244,PERSONA,81LEAD|ContattiMirco|EmailMirco|Labotecnic1|Labotecnic2,A,Marangon,,,,,IT,,,,,,,,,a.marangon@costruzioniedilferro.com,,,,,,,,,Italia,,,,,,,,,,,,,,,,,,,,GUEST,FREE,,0,18/06/2026,FREDDO,,
SIC02245,2245,PERSONA,81LEAD|ContattiMirco|EmailMirco|Labotecnic1|Labotecnic2,Felice,Marangoni,,,,,IT,,,,,,,,,felice.marangoni@virgilio.it,,39329024682800,39329024682800,,,,,,Italia,,,,,,,,,,,,,,,,,,,,GUEST,FREE,,0,18/06/2026,FREDDO,,
SIC02246,2246,PERSONA,81LEAD|ContattiMirco|EmailMirco|Labotecnic1|Labotecnic2,Paride,Marcato,,,,,IT,,,,,,,,,paride.marcato@alice.it,,,,,,,,,Italia,,,,,,,,,,,,,,,,,,,,GUEST,FREE,,0,18/06/2026,FREDDO,,
SIC02247,2247,PERSONA,81LEAD|ContattiMirco|EmailMirco|Labotecnic1|Labotecnic2,Raffaella,Marcato,,,,,IT,,,,,,,,,raffaella.marcato@virgilio.it,,,,,,,,,Italia,,,,,,,,,,,,,,,,,,,,GUEST,FREE,,0,18/06/2026,FREDDO,,
SIC02248,2248,PERSONA,81LEAD|ContattiMirco|EmailMirco|Labotecnic1|Labotecnic2,Luciana,Marchioni,,,,,IT,,,,,,,,,luciana.marchioni@libero.it,,,,,,,,,Italia,,,,,,,,,,,,,,,,,,,,GUEST,FREE,,0,18/06/2026,FREDDO,,
SIC02249,2249,PERSONA,81LEAD|ContattiMirco|EmailMirco|Labotecnic1|Labotecnic2,Giorgio,Marchioro,,,,,IT,,,,,,,,,giorgio.marchioro@libero.it,,3934664557460,3934664557460,,,,,,Italia,,,,,,,,,,,,,,,,,,,,GUEST,FREE,,0,18/06/2026,FREDDO,,
SIC02250,2250,PERSONA,81LEAD|ContattiMirco|Labotecnic1|Labotecnic2,Monica,Marenghi67,,,,,IT,,,,,,,,,monica.marenghi67@gmail.com,,,,,,,,,Italia,,,,,,,,,,,,,,,,,,,,GUEST,FREE,,0,18/06/2026,FREDDO,,
SIC02251,2251,PERSONA,81LEAD|ContattiMirco|EmailMirco|Labotecnic1|Labotecnic2,Goyita,Margarita,,,,,IT,,,,,,,,,goyita@hotmail.it,,,,,,,,,Italia,,,,,,,,,,,,,,,,,,,,GUEST,FREE,,0,18/06/2026,FREDDO,,
SIC02252,2252,PERSONA,81LEAD|ContattiMirco|EmailMirco|Labotecnic1|Labotecnic2,Lanari,Maria cristina,,,,,IT,,,,,,,,,lanari.maria.cristina@gmail.com,,3934072310360,3934072310360,,,,,,Italia,,,,,,,,,,,,,,,,,,,,GUEST,FREE,,0,18/06/2026,FREDDO,,
SIC02253,2253,PERSONA,81LEAD|ContattiMirco|EmailMirco|Labotecnic1|Labotecnic2,Arch,Marica paparella,,,,,IT,,,,,,,,,arch.marica.paparella@gmail.com,,,,,,,,,Italia,,,,,,,,,,,,,,,,,,,,GUEST,FREE,,0,18/06/2026,FREDDO,,
SIC02254,2254,PERSONA,81LEAD|ContattiMirco|EmailMirco|Labotecnic1|Labotecnic2,Ida,Marina olmina,,,,,IT,,,,,,,,,ida.marina.olmina@hotmail.it,,,,,,,,,Italia,,,,,,,,,,,,,,,,,,,,GUEST,FREE,,0,18/06/2026,FREDDO,,
SIC02255,2255,PERSONA,81LEAD|ContattiMirco|EmailMirco,Bovolenta,Marino,,,,,IT,,,,,,,,,az.bovolenta.marino@gmail.com,,3933961928500,3933961928500,,,,,,Italia,,,,,,,,,,,,,,,,,,,,GUEST,FREE,,0,18/06/2026,FREDDO,,
SIC02256,2256,PERSONA,ContattiMirco|EmailMirco|Labotecnic1|Labotecnic2,Roccomarinoconslavoro,Marino,,,,,IT,,,,,,,,,roccomarinoconslavoro@gmail.com,,,,,,,,,Italia,,,,,,,,,,,,,,,,,,,,GUEST,FREE,,0,18/06/2026,FREDDO,,
SIC02257,2257,PERSONA,81LEAD|ContattiMirco|EmailMirco|Labotecnic1|Labotecnic2,Geom,Mariotrevisan,,,,,IT,,,,,,,,,geom.mariotrevisan@gmail.com,,,,,,,,,Italia,,,,,,,,,,,,,,,,,,,,GUEST,FREE,,0,18/06/2026,FREDDO,,
SIC02258,2258,PERSONA,81LEAD|ContattiMirco|EmailMirco|Labotecnic1|Labotecnic2,S,Marotta,,,,,IT,,,,,,,,,s.marotta@marottahse.it,,,,,,,,,Italia,,,,,,,,,,,,,,,,,,,,GUEST,FREE,,0,18/06/2026,FREDDO,,
SIC02259,2259,PERSONA,81LEAD|EmailMirco,Fratelli,Marrazzo,,,,,IT,,,,,,,,,info@fratellimarrazzoedilizia.it,,3909610740250,3909610740250,,,,,,Italia,,,,,,,,,,,,,,,,,,,,GUEST,FREE,,0,18/06/2026,FREDDO,,
SIC02260,2260,PERSONA,81LEAD|ContattiMirco|EmailMirco,Silvia,Marzetti,,,,,IT,,,,,,,,,marzettisilvia@gmail.com,,,,,,,,,Italia,,,,,,,,,,,,,,,,,,,,GUEST,FREE,,0,18/06/2026,FREDDO,,
SIC02261,2261,PERSONA,81LEAD|ContattiMirco|EmailMirco,Valerio,Marzolla,,,,,IT,,,,,,,,,valerio.marzolla@k-adriatica.it,,,,,,,,,Italia,,,,,,,,,,,,,,,,,,,,GUEST,FREE,,0,18/06/2026,FREDDO,,
SIC02262,2262,PERSONA,81LEAD|ContattiMirco|EmailMirco|Labotecnic1|Labotecnic2,D,Mascellani,,,,,IT,,,,,,,,,d.mascellani@fiorattomascellani.it,,,,,,,,,Italia,,,,,,,,,,,,,,,,,,,,GUEST,FREE,,0,18/06/2026,FREDDO,,
SIC02263,2263,PERSONA,81LEAD|ContattiMirco|EmailMirco|Labotecnic1|Labotecnic2,Luciana,Masi,,,,,IT,,,,,,,,,luciana.masi@yahoo.it,,,,,,,,,Italia,,,,,,,,,,,,,,,,,,,,GUEST,FREE,,0,18/06/2026,FREDDO,,
SIC02264,2264,PERSONA,81LEAD|ContattiMirco|EmailMirco|Labotecnic1|Labotecnic2,Salvatore,Masia1966,,,,,IT,,,,,,,,,salvatore.masia1966@gmail.com,,,,,,,,,Italia,,,,,,,,,,,,,,,,,,,,GUEST,FREE,,0,18/06/2026,FREDDO,,
SIC02265,2265,PERSONA,81LEAD|ContattiMirco|EmailMirco|Labotecnic1|Labotecnic2,Giulio,Massetti,,,,,IT,,,,,,,,,luca.biadolla@gmail.com,,3934838450170,3934838450170,,,,,,Italia,,,,,,,,,,,,,,,,,,,,GUEST,FREE,,0,18/06/2026,FREDDO,,
SIC02266,2266,PERSONA,81LEAD|ContattiMirco|EmailMirco,Bedetti,Massimo,,,,,IT,,,,,,,,,bedetti.massimo@libero.it,,3934721208430,3934721208430,,,,,,Italia,,,,,,,,,,,,,,,,,,,,GUEST,FREE,,0,18/06/2026,FREDDO,,
SIC02267,2267,PERSONA,81LEAD|ContattiMirco|EmailMirco|Labotecnic1|Labotecnic2,Lazzarin,Massimo,,,,,IT,,,,,,,,,lazzarin.massimo@ciapadova.it,,,,,,,,,Italia,,,,,,,,,,,,,,,,,,,,GUEST,FREE,,0,18/06/2026,FREDDO,,
SIC02268,2268,PERSONA,81LEAD|ContattiMirco|EmailMirco,Simona,Massimo,,,,,IT,,,,,,,,,simona@evolutionforum.sm,,3932872576210,3932872576210,,,,,,Italia,,,,,,,,,,,,,,,,,,,,GUEST,FREE,,0,18/06/2026,FREDDO,,
SIC02269,2269,PERSONA,81LEAD|EmailMirco,Tavola,Materiali Edili,,,,,IT,,,,,,,,,tavolamaterialiedili@gmail.com,,3903953101220,3903953101220,,,,,,Italia,,,,,,,,,,,,,,,,,,,,GUEST,FREE,,0,18/06/2026,FREDDO,,
SIC02270,2270,PERSONA,81LEAD|EmailMirco,MEV,Materiali Edili Varese,,,,,IT,,,,,,,,,info@mevcasa.com,,3903328205980,3903328205980,,,,,,Italia,,,,,,,,,,,,,,,,,,,,GUEST,FREE,,0,18/06/2026,FREDDO,,
SIC02271,2271,PERSONA,81LEAD|EmailMirco,Building,Materials Renato Lupetti,,,,,IT,,,,,,,,,renato.lupetti@gmail.com,,390505712340,390505712340,,,,,,Italia,,,,,,,,,,,,,,,,,,,,GUEST,FREE,,0,18/06/2026,FREDDO,,
SIC02272,2272,PERSONA,81LEAD|ContattiMirco|EmailMirco|Labotecnic1|Labotecnic2,Geom,Matteocasarotto,,,,,IT,,,,,,,,,geom.matteocasarotto@stargatenet.it,,,,,,,,,Italia,,,,,,,,,,,,,,,,,,,,GUEST,FREE,,0,18/06/2026,FREDDO,,
SIC02273,2273,PERSONA,81LEAD|ContattiMirco|EmailMirco|Labotecnic1|Labotecnic2,Masiero,Mattia,,,,,IT,,,,,,,,,masierocostruzioni@gmail.com,,,,,,,,,Italia,,,,,,,,,,,,,,,,,,,,GUEST,FREE,,0,18/06/2026,FREDDO,,
SIC02274,2274,PERSONA,81LEAD|ContattiMirco|EmailMirco,Soncin,Mattia Ceramika,,,,,IT,,,,,,,,,puntoceramika@gmail.com,,39328356495900,39328356495900,,,,,,Italia,,,,,,,,,,,,,,,,,,,,GUEST,FREE,,0,18/06/2026,FREDDO,,
SIC02275,2275,PERSONA,81LEAD|ContattiMirco,Mattiolimarica,Mattioli,,,,,IT,,,,,,,,,mattiolimarica@gmail.com,,,,,,,,,Italia,,,,,,,,,,,,,,,,,,,,GUEST,FREE,,0,18/06/2026,FREDDO,,
SIC02276,2276,PERSONA,81LEAD|ContattiMirco|EmailMirco,Ditalia,Maurizio,,,,,IT,,,,,,,,,ditalia.maurizio@gmail.com,,3932881740410,3932881740410,,,,,,Italia,,,,,,,,,,,,,,,,,,,,GUEST,FREE,,0,18/06/2026,FREDDO,,
SIC02277,2277,PERSONA,81LEAD|ContattiMirco|EmailMirco|Labotecnic1|Labotecnic2,Geom,Mauriziocassetta,,,,,IT,,,,,,,,,geom.mauriziocassetta@gmail.com,,,,,,,,,Italia,,,,,,,,,,,,,,,,,,,,GUEST,FREE,,0,18/06/2026,FREDDO,,
SIC02278,2278,PERSONA,81LEAD|ContattiMirco|EmailMirco,Dott,Mauriziorossi,,,,,IT,,,,,,,,,dott.mauriziorossi@libero.it,,329419333100,329419333100,,,,,,Italia,,,,,,,,,,,,,,,,,,,,GUEST,FREE,,0,18/06/2026,FREDDO,,
SIC02279,2279,PERSONA,81LEAD|ContattiMirco|EmailMirco|Labotecnic1|Labotecnic2,Berganton,Mauro,,,,,IT,,,,,,,,,berganton.mauro@libero.it,,,,,,,,,Italia,,,,,,,,,,,,,,,,,,,,GUEST,FREE,,0,18/06/2026,FREDDO,,
SIC02280,2280,PERSONA,81LEAD|ContattiMirco|EmailMirco|Labotecnic1|Labotecnic2,Boscolopelo,Mauro,,,,,IT,,,,,,,,,boscolopelo.mauro@tiscali.it,,,,,,,,,Italia,,,,,,,,,,,,,,,,,,,,GUEST,FREE,,0,18/06/2026,FREDDO,,
SIC02281,2281,PERSONA,81LEAD|ContattiMirco|Labotecnic1|Labotecnic2,Campion,Mauro,,,,,IT,,,,,,,,,campion.mauro@gmail.com,,,,,,,,,Italia,,,,,,,,,,,,,,,,,,,,GUEST,FREE,,0,18/06/2026,FREDDO,,
SIC02282,2282,PERSONA,81LEAD|ContattiMirco|EmailMirco|Labotecnic1|Labotecnic2,Cecchetto,Mauro,,,,,IT,,,,,,,,,cecchetto.mauro@email.it,,,,,,,,,Italia,,,,,,,,,,,,,,,,,,,,GUEST,FREE,,0,18/06/2026,FREDDO,,
SIC02283,2283,PERSONA,81LEAD|ContattiMirco|EmailMirco|Labotecnic1|Labotecnic2,Simona,Mazza,,,,,IT,,,,,,,,,simona.mazza@hotmail.it,,3932832956110,3932832956110,,,,,,Italia,,,,,,,,,,,,,,,,,,,,GUEST,FREE,,0,18/06/2026,FREDDO,,
SIC02284,2284,PERSONA,81LEAD|ContattiMirco|EmailMirco|Labotecnic1|Labotecnic2,Valeria,Mb coperture,,,,,IT,,,,,,,,,valeria@zambonin.it,,39347121789800,39347121789800,,,,,,Italia,,,,,,,,,,,,,,,,,,,,GUEST,FREE,,0,18/06/2026,FREDDO,,
SIC02285,2285,PERSONA,ContattiMirco|EmailMirco,Lara,Mediolanum,,,,,IT,,,,,,,,,lara.beltrami@bancamediolanum.it,,3934931119020,3934931119020,,,,,,Italia,,,,,,,,,,,,,,,,,,,,GUEST,FREE,,0,18/06/2026,FREDDO,,
SIC02286,2286,PERSONA,81LEAD|ContattiMirco|EmailMirco|Labotecnic1|Labotecnic2,Info,Medwork,,,,,IT,,,,,,,,,info@medworksas.com,,3904980723450,3904980723450,,,,,,Italia,,,,,,,,,,,,,,,,,,,,GUEST,FREE,,0,18/06/2026,FREDDO,,
SIC02287,2287,PERSONA,81LEAD|ContattiMirco|EmailMirco|Labotecnic1|Labotecnic2,Matteo,Melchiotti,,,,,IT,,,,,,,,,matteo.melchiotti.1980@gmail.com,,39327978293800,39327978293800,,,,,,Italia,,,,,,,,,,,,,,,,,,,,GUEST,FREE,,0,18/06/2026,FREDDO,,
SIC02288,2288,PERSONA,81LEAD|ContattiMirco|EmailMirco|Labotecnic1|Labotecnic2,Stefania,Mele75,,,,,IT,,,,,,,,,stefania.mele75@gmail.com,,,,,,,,,Italia,,,,,,,,,,,,,,,,,,,,GUEST,FREE,,0,18/06/2026,FREDDO,,
SIC02289,2289,PERSONA,81LEAD|ContattiMirco|EmailMirco|Labotecnic1|Labotecnic2,Daniela,Menegaldo22,,,,,IT,,,,,,,,,daniela.menegaldo22@gmail.com,,3934767722830,3934767722830,,,,,,Italia,,,,,,,,,,,,,,,,,,,,GUEST,FREE,,0,18/06/2026,FREDDO,,
SIC02290,2290,PERSONA,81LEAD|ContattiMirco|EmailMirco|Labotecnic1|Labotecnic2,Moreno,Menegazzo,,,,,IT,,,,,,,,,moreno.menegazzo@gmail.com,,3933939193970,3933939193970,,,,,,Italia,,,,,,,,,,,,,,,,,,,,GUEST,FREE,,0,18/06/2026,FREDDO,,
SIC02291,2291,PERSONA,81LEAD|ContattiMirco|Labotecnic1|Labotecnic2,Alessandro,Menini,,,,,IT,,,,,,,,,alessandro.menini@uteco.com,,3933924203360,3933924203360,,,,,,Italia,,,,,,,,,,,,,,,,,,,,GUEST,FREE,,0,18/06/2026,FREDDO,,
SIC02292,2292,PERSONA,81LEAD|EmailMirco,Leroy,Merlin,,,,,IT,,,,,,,,,silvia.cencelli@leroymerlin.it,,3904109926300,3904109926300,,,,,,Italia,,,,,,,,,,,,,,,,,,,,GUEST,FREE,,0,18/06/2026,FREDDO,,
SIC02293,2293,PERSONA,81LEAD|ContattiMirco|EmailMirco|Labotecnic1|Labotecnic2,Mariacristina,Mernone,,,,,IT,,,,,,,,,mariacristina.mernone@gmail.com,,,,,,,,,Italia,,,,,,,,,,,,,,,,,,,,GUEST,FREE,,0,18/06/2026,FREDDO,,
SIC02294,2294,PERSONA,81LEAD|ContattiMirco|EmailMirco|Labotecnic1|Labotecnic2,Duemme347,Mescalchin,,,,,IT,,,,,,,,,duemme347@gmail.com,,3933852038820,3933852038820,,,,,,Italia,,,,,,,,,,,,,,,,,,,,GUEST,FREE,,0,18/06/2026,FREDDO,,
SIC02295,2295,PERSONA,81LEAD|ContattiMirco|EmailMirco|Labotecnic1|Labotecnic2,Giusemice,Micello,,,,,IT,,,,,,,,,giusemice@gmail.com,,3934830225540,3934830225540,,,,,,Italia,,,,,,,,,,,,,,,,,,,,GUEST,FREE,,0,18/06/2026,FREDDO,,
SIC02296,2296,PERSONA,81LEAD|ContattiMirco|Labotecnic1|Labotecnic2,Casartelli,Michea,,,,,IT,,,,,,,,,casartelli.michea@gmail.com,,3937135382020,3937135382020,,,,,,Italia,,,,,,,,,,,,,,,,,,,,GUEST,FREE,,0,18/06/2026,FREDDO,,
SIC02297,2297,PERSONA,81LEAD|ContattiMirco|EmailMirco|Labotecnic1|Labotecnic2,Cremona,Michele,,,,,IT,,,,,,,,,cremona.michele@gmail.com,,3934683309130,3934683309130,,,,,,Italia,,,,,,,,,,,,,,,,,,,,GUEST,FREE,,0,18/06/2026,FREDDO,,
SIC02298,2298,PERSONA,81LEAD|ContattiMirco|EmailMirco|Labotecnic1|Labotecnic2,Massimiliano,Michelotto,,,,,IT,,,,,,,,,massimiliano.michelotto@stema.it,,3933927753830,3933927753830,,,,,,Italia,,,,,,,,,,,,,,,,,,,,GUEST,FREE,,0,18/06/2026,FREDDO,,
SIC02299,2299,PERSONA,81LEAD|ContattiMirco|EmailMirco|Labotecnic1|Labotecnic2,Geo,Michieletti,,,,,IT,,,,,,,,,geo.michieletti@tiscali.it,,,,,,,,,Italia,,,,,,,,,,,,,,,,,,,,GUEST,FREE,,0,18/06/2026,FREDDO,,
SIC02300,2300,PERSONA,81LEAD|ContattiMirco|EmailMirco|Labotecnic1|Labotecnic2,Pellecchiaalfredo,Milan,,,,,IT,,,,,,,,,pellecchiaalfredo@gmail.com,,39338690566300,39338690566300,,,,,,Italia,,,,,,,,,,,,,,,,,,,,GUEST,FREE,,0,18/06/2026,FREDDO,,
SIC02301,2301,PERSONA,81LEAD|ContattiMirco|EmailMirco|Labotecnic1|Labotecnic2,Alessia,Milani,,,,,IT,,,,,,,,,alessiamilani2@gmail.com,,3934773220760,3934773220760,,,,,,Italia,,,,,,,,,,,,,,,,,,,,GUEST,FREE,,0,18/06/2026,FREDDO,,
SIC02302,2302,PERSONA,81LEAD|ContattiMirco|EmailMirco|Labotecnic1|Labotecnic2,Fm,Milano,,,,,IT,,,,,,,,,fm.milano@gmail.com,,,,,,,,,Italia,,,,,,,,,,,,,,,,,,,,GUEST,FREE,,0,18/06/2026,FREDDO,,
SIC02303,2303,PERSONA,81LEAD|ContattiMirco|EmailMirco|Labotecnic1|Labotecnic2,Mar,Milena,,,,,IT,,,,,,,,,mar.milena@libero.it,,,,,,,,,Italia,,,,,,,,,,,,,,,,,,,,GUEST,FREE,,0,18/06/2026,FREDDO,,
SIC02304,2304,PERSONA,81LEAD|ContattiMirco|EmailMirco|Labotecnic1|Labotecnic2,Milena,Mimmo,,,,,IT,,,,,,,,,milena.mimmo@gmail.com,,3934749181730,3934749181730,,,,,,Italia,,,,,,,,,,,,,,,,,,,,GUEST,FREE,,0,18/06/2026,FREDDO,,
SIC02305,2305,PERSONA,81LEAD|ContattiMirco|EmailMirco,Sonia,Minorini,,,,,IT,,,,,,,,,sonia.minorini@alice.it,,3934028603000,3934028603000,,,,,,Italia,,,,,,,,,,,,,,,,,,,,GUEST,FREE,,0,18/06/2026,FREDDO,,
SIC02306,2306,PERSONA,81LEAD|ContattiMirco|EmailMirco|Labotecnic1|Labotecnic2,Ale,Miozzi,,,,,IT,,,,,,,,,ale.miozzi@tiscali.it,,,,,,,,,Italia,,,,,,,,,,,,,,,,,,,,GUEST,FREE,,0,18/06/2026,FREDDO,,
SIC02307,2307,PERSONA,81LEAD|ContattiMirco|Labotecnic1|Labotecnic2,Defranceschi,Mirco,,,,,IT,,,,,,,,,defranceschi.mirco@tiscali.it,,,,,,,,,Italia,,,,,,,,,,,,,,,,,,,,GUEST,FREE,,0,18/06/2026,FREDDO,,
SIC02308,2308,PERSONA,81LEAD|ContattiMirco|EmailMirco|Labotecnic1|Labotecnic2,Bollati,Mirella,,,,,IT,,,,,,,,,bollati.mirella@gmail.com,,,,,,,,,Italia,,,,,,,,,,,,,,,,,,,,GUEST,FREE,,0,18/06/2026,FREDDO,,
SIC02309,2309,PERSONA,81LEAD|ContattiMirco|EmailMirco|Labotecnic1|Labotecnic2,A,Mischiari,,,,,IT,,,,,,,,,a.mischiari@gmail.com,,,,,,,,,Italia,,,,,,,,,,,,,,,,,,,,GUEST,FREE,,0,18/06/2026,FREDDO,,
SIC02310,2310,PERSONA,81LEAD|ContattiMirco|EmailMirco|Labotecnic1|Labotecnic2,Yahyamnasri8,Mnasri,,,,,IT,,,,,,,,,yahyamnasri8@gmail.com,,,,,,,,,Italia,,,,,,,,,,,,,,,,,,,,GUEST,FREE,,0,18/06/2026,FREDDO,,
SIC02311,2311,PERSONA,81LEAD|ContattiMirco|EmailMirco|Labotecnic1|Labotecnic2,Carlatartari,Mo,,,,,IT,,,,,,,,,carlatartari.mo@gmail.com,,,,,,,,,Italia,,,,,,,,,,,,,,,,,,,,GUEST,FREE,,0,18/06/2026,FREDDO,,
SIC02312,2312,PERSONA,81LEAD|ContattiMirco|EmailMirco,Daniele,Mocco,,,,,IT,,,,,,,,,daniele.mocco@libero.it,,3932942394550,3932942394550,,,,,,Italia,,,,,,,,,,,,,,,,,,,,GUEST,FREE,,0,18/06/2026,FREDDO,,
SIC02313,2313,PERSONA,81LEAD|ContattiMirco|EmailMirco|Labotecnic1|Labotecnic2,Faram,Modena,,,,,IT,,,,,,,,,faram.modena@pierluigivasini.it,,346007006300,346007006300,,,,,,Italia,,,,,,,,,,,,,,,,,,,,GUEST,FREE,,0,18/06/2026,FREDDO,,
SIC02314,2314,PERSONA,81LEAD|ContattiMirco|EmailMirco|Labotecnic1|Labotecnic2,Kantemohamed980,Mohamed,,,,,IT,,,,,,,,,kantemohamed980@gmail.com,,,,,,,,,Italia,,,,,,,,,,,,,,,,,,,,GUEST,FREE,,0,18/06/2026,FREDDO,,
SIC02315,2315,PERSONA,81LEAD|ContattiMirco|EmailMirco|Labotecnic1|Labotecnic2,Flaviano,Momoscale,,,,,IT,,,,,,,,,info@momoscale.eu,,,,,,,,,Italia,,,,,,,,,,,,,,,,,,,,GUEST,FREE,,0,18/06/2026,FREDDO,,
SIC02316,2316,PERSONA,81LEAD|ContattiMirco|EmailMirco|Labotecnic1|Labotecnic2,M,Monaco,,,,,IT,,,,,,,,,m.monaco@blumatica.it,,,,,,,,,Italia,,,,,,,,,,,,,,,,,,,,GUEST,FREE,,0,18/06/2026,FREDDO,,
SIC02317,2317,PERSONA,81LEAD|ContattiMirco|EmailMirco|Labotecnic1|Labotecnic2,Oriana,Monaldo77,,,,,IT,,,,,,,,,oriana.monaldo77@gmail.com,,39349692192500,39349692192500,,,,,,Italia,,,,,,,,,,,,,,,,,,,,GUEST,FREE,,0,18/06/2026,FREDDO,,
SIC02318,2318,PERSONA,81LEAD|ContattiMirco|EmailMirco|Labotecnic1|Labotecnic2,Ferrotrasporti,Monia,,,,,IT,,,,,,,,,ferrotrasporti.monia@alice.it,,,,,,,,,Italia,,,,,,,,,,,,,,,,,,,,GUEST,FREE,,0,18/06/2026,FREDDO,,
SIC02319,2319,PERSONA,81LEAD|ContattiMirco|EmailMirco,Arniani,Monica,,,,,IT,,,,,,,,,monica@cpmshop.it,,,,,,,,,Italia,,,,,,,,,,,,,,,,,,,,GUEST,FREE,,0,18/06/2026,FREDDO,,
SIC02320,2320,PERSONA,81LEAD|ContattiMirco|EmailMirco,Fabio,Montefiori,,,,,IT,,,,,,,,,fabio.montefiori@makeitdifferent.it,,3933566277470,3933566277470,,,,,,Italia,,,,,,,,,,,,,,,,,,,,GUEST,FREE,,0,18/06/2026,FREDDO,,
SIC02321,2321,PERSONA,81LEAD|ContattiMirco|EmailMirco,Montefortemario1,Monteforte,,,,,IT,,,,,,,,,montefortemario1@gmail.com,,,,,,,,,Italia,,,,,,,,,,,,,,,,,,,,GUEST,FREE,,0,18/06/2026,FREDDO,,
SIC02322,2322,PERSONA,81LEAD|ContattiMirco|EmailMirco|Labotecnic1|Labotecnic2,Elisa,Mora,,,,,IT,,,,,,,,,elisa.mora@bunge.com,,3932028661900,3932028661900,,,,,,Italia,,,,,,,,,,,,,,,,,,,,GUEST,FREE,,0,18/06/2026,FREDDO,,
SIC02323,2323,PERSONA,81LEAD|ContattiMirco|EmailMirco|Labotecnic1|Labotecnic2,Max,Morelli,,,,,IT,,,,,,,,,max.morelli@me.com,,,,,,,,,Italia,,,,,,,,,,,,,,,,,,,,GUEST,FREE,,0,18/06/2026,FREDDO,,
SIC02324,2324,PERSONA,81LEAD|ContattiMirco|EmailMirco,Juxhin,Moretti,,,,,IT,,,,,,,,,juxhin@ipervox.com,,3933862549560,3933862549560,,,,,,Italia,,,,,,,,,,,,,,,,,,,,GUEST,FREE,,0,18/06/2026,FREDDO,,
SIC02325,2325,PERSONA,81LEAD|ContattiMirco|EmailMirco|Labotecnic1|Labotecnic2,Bagni,Moro,,,,,IT,,,,,,,,,bagnidalmoro@gmail.com,,390426682110,390426682110,,,,,,Italia,,,,,,,,,,,,,,,,,,,,GUEST,FREE,,0,18/06/2026,FREDDO,,
SIC02326,2326,PERSONA,81LEAD|ContattiMirco|EmailMirco,Matteo,Moro,,,,,IT,,,,,,,,,info@2mlighting.it,,3934008382940,3934008382940,,,,,,Italia,,,,,,,,,,,,,,,,,,,,GUEST,FREE,,0,18/06/2026,FREDDO,,
SIC02327,2327,PERSONA,81LEAD|ContattiMirco|EmailMirco|Labotecnic1|Labotecnic2,Manuela,Moscardi,,,,,IT,,,,,,,,,manuela.moscardi@mm-forgings.com,,39338807794600,39338807794600,,,,,,Italia,,,,,,,,,,,,,,,,,,,,GUEST,FREE,,0,18/06/2026,FREDDO,,
SIC02328,2328,PERSONA,81LEAD|ContattiMirco|EmailMirco|Labotecnic1|Labotecnic2,Kri,Mottaran,,,,,IT,,,,,,,,,kri.mottaran@gmail.com,,,,,,,,,Italia,,,,,,,,,,,,,,,,,,,,GUEST,FREE,,0,18/06/2026,FREDDO,,
SIC02329,2329,PERSONA,81LEAD|EmailMirco,Christian,Mussati,,,,,IT,,,,,,,,,c.mussati@gmail.com,,,,,,,,,Italia,,,,,,,,,,,,,,,,,,,,GUEST,FREE,,0,18/06/2026,FREDDO,,
SIC02330,2330,PERSONA,81LEAD|ContattiMirco|Labotecnic1|Labotecnic2,Ferrua,Nadia,,,,,IT,,,,,,,,,ferrua.nadia@gmail.com,,3936671009710,3936671009710,,,,,,Italia,,,,,,,,,,,,,,,,,,,,GUEST,FREE,,0,18/06/2026,FREDDO,,
SIC02331,2331,PERSONA,81LEAD|ContattiMirco|EmailMirco|Labotecnic1|Labotecnic2,Cristiano,Nani,,,,,IT,,,,,,,,,cristiano.nani@tin.it,,3933373399400,3933373399400,,,,,,Italia,,,,,,,,,,,,,,,,,,,,GUEST,FREE,,0,18/06/2026,FREDDO,,
SIC02332,2332,PERSONA,81LEAD|ContattiMirco|EmailMirco|Labotecnic1|Labotecnic2,Riccardo,Napolitano,,,,,IT,,,,,,,,,riccardo.napolitano@tim.it,,39338641766300,39338641766300,,,,,,Italia,,,,,,,,,,,,,,,,,,,,GUEST,FREE,,0,18/06/2026,FREDDO,,
SIC02333,2333,PERSONA,81LEAD|ContattiMirco|EmailMirco|Labotecnic1|Labotecnic2,Vanna,Napolitano,,,,,IT,,,,,,,,,vanna.napolitano@libero.it,,,,,,,,,Italia,,,,,,,,,,,,,,,,,,,,GUEST,FREE,,0,18/06/2026,FREDDO,,
SIC02334,2334,PERSONA,81LEAD|ContattiMirco|EmailMirco|Labotecnic1|Labotecnic2,Bertazza,Narciso,,,,,IT,,,,,,,,,bertazza.narciso@libero.it,,,,,,,,,Italia,,,,,,,,,,,,,,,,,,,,GUEST,FREE,,0,18/06/2026,FREDDO,,
SIC02335,2335,PERSONA,81LEAD|ContattiMirco|EmailMirco|Labotecnic1|Labotecnic2,Fedenardi8,Nardini,,,,,IT,,,,,,,,,fedenardi8@yahoo.it,,3934550750980,3934550750980,,,,,,Italia,,,,,,,,,,,,,,,,,,,,GUEST,FREE,,0,18/06/2026,FREDDO,,
SIC02336,2336,PERSONA,81LEAD|ContattiMirco|EmailMirco,Gloria,Naso,,,,,IT,,,,,,,,,gloria.naso@libero.it,,,,,,,,,Italia,,,,,,,,,,,,,,,,,,,,GUEST,FREE,,0,18/06/2026,FREDDO,,
SIC02337,2337,PERSONA,81LEAD|ContattiMirco|EmailMirco,Arch,Nataleromeo,,,,,IT,,,,,,,,,arch.nataleromeo@gmail.com,,,,,,,,,Italia,,,,,,,,,,,,,,,,,,,,GUEST,FREE,,0,18/06/2026,FREDDO,,
SIC02338,2338,PERSONA,81LEAD|ContattiMirco|EmailMirco|Labotecnic1|Labotecnic2,Alessia,Natta,,,,,IT,,,,,,,,,alessia.natta@gmail.com,,3934087448240,3934087448240,,,,,,Italia,,,,,,,,,,,,,,,,,,,,GUEST,FREE,,0,18/06/2026,FREDDO,,
SIC02339,2339,PERSONA,81LEAD|ContattiMirco|EmailMirco|Labotecnic1|Labotecnic2,Arte,Nautica Mattana,,,,,IT,,,,,,,,,artenautica@libero.it,,3934946920650,3934946920650,,,,,,Italia,,,,,,,,,,,,,,,,,,,,GUEST,FREE,,0,18/06/2026,FREDDO,,
SIC02340,2340,PERSONA,81LEAD|ContattiMirco|EmailMirco|Labotecnic1|Labotecnic2,Geometra,Neodo,,,,,IT,,,,,,,,,geometra.neodo@gmail.com,,,,,,,,,Italia,,,,,,,,,,,,,,,,,,,,GUEST,FREE,,0,18/06/2026,FREDDO,,
SIC02341,2341,PERSONA,81LEAD|ContattiMirco|EmailMirco,Tuan,Nguyen,,,,,IT,,,,,,,,,tuan.nguyen@chipcore.eu,,3933969134350,3933969134350,,,,,,Italia,,,,,,,,,,,,,,,,,,,,GUEST,FREE,,0,18/06/2026,FREDDO,,
SIC02342,2342,PERSONA,81LEAD|ContattiMirco|EmailMirco,Webinar,Nicolas,,,,,IT,,,,,,,,,webinar@scalpingwithbull.com,,3934715019140,3934715019140,,,,,,Italia,,,,,,,,,,,,,,,,,,,,GUEST,FREE,,0,18/06/2026,FREDDO,,
SIC02343,2343,PERSONA,81LEAD|ContattiMirco,Calcestruzzi,Nicolò errante,,,,,IT,,,,,,,,,calcestruzzierrante@alice.it,,39092519558850,39092519558850,,,,,,Italia,,,,,,,,,,,,,,,,,,,,GUEST,FREE,,0,18/06/2026,FREDDO,,
SIC02344,2344,PERSONA,81LEAD|ContattiMirco|EmailMirco|Labotecnic1|Labotecnic2,Bovolenta,Nicoló,,,,,IT,,,,,,,,,bovolentanicolo@live.it,,3934932900850,3934932900850,,,,,,Italia,,,,,,,,,,,,,,,,,,,,GUEST,FREE,,0,18/06/2026,FREDDO,,
SIC02345,2345,PERSONA,81LEAD|ContattiMirco|EmailMirco,Massimilianonocehd,Noce,,,,,IT,,,,,,,,,massimilianonocehd@gmail.com,,3933575837880,3933575837880,,,,,,Italia,,,,,,,,,,,,,,,,,,,,GUEST,FREE,,0,18/06/2026,FREDDO,,
SIC02346,2346,PERSONA,81LEAD|EmailMirco,La,Nuova Gronda,,,,,IT,,,,,,,,,privacy@lanuovagronda.com,,390414209140,390414209140,,,,,,Italia,,,,,,,,,,,,,,,,,,,,GUEST,FREE,,0,18/06/2026,FREDDO,,
SIC02347,2347,PERSONA,81LEAD|EmailMirco,Officine,Nuove,,,,,IT,,,,,,,,,info@officinenuove.it,,3904325615860,3904325615860,,,,,,Italia,,,,,,,,,,,,,,,,,,,,GUEST,FREE,,0,18/06/2026,FREDDO,,
SIC02348,2348,PERSONA,81LEAD|ContattiMirco|Labotecnic1|Labotecnic2,Massimo,Nuvoletto,,,,,IT,,,,,,,,,massimo@puntaadige.it,,39335762757200,39335762757200,,,,,,Italia,,,,,,,,,,,,,,,,,,,,GUEST,FREE,,0,18/06/2026,FREDDO,,
SIC02349,2349,PERSONA,81LEAD|ContattiMirco|EmailMirco|Labotecnic1|Labotecnic2,Matteo,ONEAN,,,,,IT,,,,,,,,,mattebreschi@yahoo.it,,3934978656380,3934978656380,,,,,,Italia,,,,,,,,,,,,,,,,,,,,GUEST,FREE,,0,18/06/2026,FREDDO,,
SIC02350,2350,PERSONA,81LEAD|EmailMirco|Labotecnic1|Labotecnic2,Alessandro,Obinu,,,,,IT,,,,,,,,,marco.orsini13@libero.it,,3933924203360,3933924203360,,,,,,Italia,,,,,,,,,,,,,,,,,,,,GUEST,FREE,,0,18/06/2026,FREDDO,,
SIC02351,2351,PERSONA,81LEAD|ContattiMirco|EmailMirco|Labotecnic1|Labotecnic2,Ferdo,Ogliani,,,,,IT,,,,,,,,,fernando.ogliani@libero.it,,,,,,,,,Italia,,,,,,,,,,,,,,,,,,,,GUEST,FREE,,0,18/06/2026,FREDDO,,
SIC02352,2352,PERSONA,81LEAD|ContattiMirco|EmailMirco|Labotecnic1|Labotecnic2,Anna,Olimpia,,,,,IT,,,,,,,,,a.olimpia@tiscali.it,,,,,,,,,Italia,,,,,,,,,,,,,,,,,,,,GUEST,FREE,,0,18/06/2026,FREDDO,,
SIC02353,2353,PERSONA,81LEAD|ContattiMirco|EmailMirco|Labotecnic1|Labotecnic2,Antonio,Oltramari,,,,,IT,,,,,,,,,antonio.oltramari@emic.it,,,,,,,,,Italia,,,,,,,,,,,,,,,,,,,,GUEST,FREE,,0,18/06/2026,FREDDO,,
SIC02354,2354,PERSONA,ContattiMirco|Labotecnic1|Labotecnic2,Drago,Omar,,,,,IT,,,,,,,,,drago.omar@libero.it,,,,,,,,,Italia,,,,,,,,,,,,,,,,,,,,GUEST,FREE,,0,18/06/2026,FREDDO,,
SIC02355,2355,PERSONA,81LEAD|ContattiMirco|EmailMirco,Maite,Onean,,,,,IT,,,,,,,,,m.perez@onean.com,,328368447900,328368447900,,,,,,Italia,,,,,,,,,,,,,,,,,,,,GUEST,FREE,,0,18/06/2026,FREDDO,,
SIC02356,2356,PERSONA,81LEAD|ContattiMirco|EmailMirco|Labotecnic1|Labotecnic2,Simonedelo,Onean,,,,,IT,,,,,,,,,simonedelo@gmail.com,,3934950442560,3934950442560,,,,,,Italia,,,,,,,,,,,,,,,,,,,,GUEST,FREE,,0,18/06/2026,FREDDO,,
SIC02357,2357,PERSONA,81LEAD|ContattiMirco|EmailMirco|Labotecnic1|Labotecnic2,Filippo,Ong,,,,,IT,,,,,,,,,filippo.ong@gmail.com,,39379241626100,39379241626100,,,,,,Italia,,,,,,,,,,,,,,,,,,,,GUEST,FREE,,0,18/06/2026,FREDDO,,
SIC02358,2358,PERSONA,81LEAD|ContattiMirco|EmailMirco,Sicurissimo,Online,,,,,IT,,,,,,,,,sicurissimo.online@gmail.com,,,,,,,,,Italia,,,,,,,,,,,,,,,,,,,,GUEST,FREE,,0,18/06/2026,FREDDO,,
SIC02359,2359,PERSONA,81LEAD|ContattiMirco|EmailMirco,Harley-Davidson,Onlineshop Dresden,,,,,IT,,,,,,,,,newsletter@shop-harley-dresden.com,,328102144200,328102144200,,,,,,Italia,,,,,,,,,,,,,,,,,,,,GUEST,FREE,,0,18/06/2026,FREDDO,,
SIC02360,2360,PERSONA,81LEAD|ContattiMirco|EmailMirco,Gam,Opere edili,,,,,IT,,,,,,,,,info@gamelettroimpianti.it,,3932041342950,3932041342950,,,,,,Italia,,,,,,,,,,,,,,,,,,,,GUEST,FREE,,0,18/06/2026,FREDDO,,
SIC02361,2361,PERSONA,81LEAD|ContattiMirco|EmailMirco,Sangiusto,Oratorio,,,,,IT,,,,,,,,,sangiusto.oratorio@gmail.com,,,,,,,,,Italia,,,,,,,,,,,,,,,,,,,,GUEST,FREE,,0,18/06/2026,FREDDO,,
SIC02362,2362,PERSONA,81LEAD|ContattiMirco|EmailMirco|Labotecnic1|Labotecnic2,Valter,Orogel,,,,,IT,,,,,,,,,vzino@orogel.it,,3933957817200,3933957817200,,,,,,Italia,,,,,,,,,,,,,,,,,,,,GUEST,FREE,,0,18/06/2026,FREDDO,,
SIC02363,2363,PERSONA,81LEAD|ContattiMirco|EmailMirco|Labotecnic1|Labotecnic2,Errys,Orsi,,,,,IT,,,,,,,,,errys.orsi@libero.it,,,,,,,,,Italia,,,,,,,,,,,,,,,,,,,,GUEST,FREE,,0,18/06/2026,FREDDO,,
SIC02364,2364,PERSONA,81LEAD|ContattiMirco|EmailMirco|Labotecnic1|Labotecnic2,Toad1,Ottobon,,,,,IT,,,,,,,,,toad1@live.it,,,,,,,,,Italia,,,,,,,,,,,,,,,,,,,,GUEST,FREE,,0,18/06/2026,FREDDO,,
SIC02365,2365,PERSONA,81LEAD|ContattiMirco|EmailMirco|Labotecnic1|Labotecnic2,Bisaglia,Ottorino,,,,,IT,,,,,,,,,bisaglia.ottorino@libero.it,,,,,,,,,Italia,,,,,,,,,,,,,,,,,,,,GUEST,FREE,,0,18/06/2026,FREDDO,,
SIC02366,2366,PERSONA,81LEAD|ContattiMirco|Labotecnic1|Labotecnic2,Bertilla,P,,,,,IT,,,,,,,,,bertilla.p@alice.it,,,,,,,,,Italia,,,,,,,,,,,,,,,,,,,,GUEST,FREE,,0,18/06/2026,FREDDO,,
SIC02367,2367,PERSONA,81LEAD|ContattiMirco|EmailMirco,Alessandro,PA CARD Travaini,,,,,IT,,,,,,,,,ale.trava.seller4you@gmail.com,,3932821928970,3932821928970,,,,,,Italia,,,,,,,,,,,,,,,,,,,,GUEST,FREE,,0,18/06/2026,FREDDO,,
SIC02368,2368,PERSONA,81LEAD|ContattiMirco|EmailMirco|Labotecnic1|Labotecnic2,Roberto,Paccagnella,,,,,IT,,,,,,,,,roberto.paccagnella@antonveneta.it,,39328477633000,39328477633000,,,,,,Italia,,,,,,,,,,,,,,,,,,,,GUEST,FREE,,0,18/06/2026,FREDDO,,
SIC02369,2369,PERSONA,81LEAD|ContattiMirco|EmailMirco|Labotecnic1|Labotecnic2,Stefania,Padoan,,,,,IT,,,,,,,,,stefania.padoan@attivamenteonlus.it,,3934884354720,3934884354720,,,,,,Italia,,,,,,,,,,,,,,,,,,,,GUEST,FREE,,0,18/06/2026,FREDDO,,
SIC02370,2370,PERSONA,81LEAD|ContattiMirco|EmailMirco|Labotecnic1|Labotecnic2,Ivan,Padovan,,,,,IT,,,,,,,,,ivanpadovan78@gmail.com,,3932822192800,3932822192800,,,,,,Italia,,,,,,,,,,,,,,,,,,,,GUEST,FREE,,0,18/06/2026,FREDDO,,
SIC02371,2371,PERSONA,81LEAD|ContattiMirco|EmailMirco|Labotecnic1|Labotecnic2,Carlo,Pagan,,,,,IT,,,,,,,,,carlo.pagan@hastudio.it,,,,,,,,,Italia,,,,,,,,,,,,,,,,,,,,GUEST,FREE,,0,18/06/2026,FREDDO,,
SIC02372,2372,PERSONA,81LEAD|ContattiMirco|EmailMirco|Labotecnic1|Labotecnic2,Matteo,Pagan,,,,,IT,,,,,,,,,pagan.matteo@virgilio.it,,39347555983700,39347555983700,,,,,,Italia,,,,,,,,,,,,,,,,,,,,GUEST,FREE,,0,18/06/2026,FREDDO,,
SIC02373,2373,PERSONA,81LEAD|ContattiMirco|EmailMirco|Labotecnic1|Labotecnic2,Raffaele,Pagan,,,,,IT,,,,,,,,,raffaelepagan88@gmail.com,,3934876376700,3934876376700,,,,,,Italia,,,,,,,,,,,,,,,,,,,,GUEST,FREE,,0,18/06/2026,FREDDO,,
SIC02374,2374,PERSONA,81LEAD|ContattiMirco|EmailMirco|Labotecnic1|Labotecnic2,Genny,Pagliai,,,,,IT,,,,,,,,,genny.pagliai@tiscali.it,,,,,,,,,Italia,,,,,,,,,,,,,,,,,,,,GUEST,FREE,,0,18/06/2026,FREDDO,,
SIC02375,2375,PERSONA,81LEAD|ContattiMirco|EmailMirco|Labotecnic1|Labotecnic2,Orazio,Paiola,,,,,IT,,,,,,,,,o.paiola@alice.it,,3933829001210,3933829001210,,,,,,Italia,,,,,,,,,,,,,,,,,,,,GUEST,FREE,,0,18/06/2026,FREDDO,,
SIC02376,2376,PERSONA,81LEAD|ContattiMirco|EmailMirco|Labotecnic1|Labotecnic2,Mihaipoke,Palade,,,,,IT,,,,,,,,,mihaipoke@yahoo.com,,,,,,,,,Italia,,,,,,,,,,,,,,,,,,,,GUEST,FREE,,0,18/06/2026,FREDDO,,
SIC02377,2377,PERSONA,81LEAD|ContattiMirco|EmailMirco|Labotecnic1|Labotecnic2,Sonia,Palmisano,,,,,IT,,,,,,,,,sonia.palmisano@tiscali.it,,3933510024150,3933510024150,,,,,,Italia,,,,,,,,,,,,,,,,,,,,GUEST,FREE,,0,18/06/2026,FREDDO,,
SIC02378,2378,PERSONA,81LEAD|ContattiMirco|Labotecnic1|Labotecnic2,Alessio_panaro,Panaro,,,,,IT,,,,,,,,,alessio_panaro@libero.it,,3934833842530,3934833842530,,,,,,Italia,,,,,,,,,,,,,,,,,,,,GUEST,FREE,,0,18/06/2026,FREDDO,,
SIC02379,2379,PERSONA,81LEAD|ContattiMirco|EmailMirco|Labotecnic1|Labotecnic2,Chiara,Pannella,,,,,IT,,,,,,,,,chiara.pannella@hotmail.it,,3934404821730,3934404821730,,,,,,Italia,,,,,,,,,,,,,,,,,,,,GUEST,FREE,,0,18/06/2026,FREDDO,,
SIC02380,2380,PERSONA,81LEAD|ContattiMirco|EmailMirco,Federico,Panza,,,,,IT,,,,,,,,,federico.panza@damiani.com,,,,,,,,,Italia,,,,,,,,,,,,,,,,,,,,GUEST,FREE,,0,18/06/2026,FREDDO,,
SIC02381,2381,PERSONA,81LEAD|ContattiMirco|EmailMirco|Labotecnic1|Labotecnic2,Bertolaso,Paolo,,,,,IT,,,,,,,,,bertolaso.paolo@libero.it,,,,,,,,,Italia,,,,,,,,,,,,,,,,,,,,GUEST,FREE,,0,18/06/2026,FREDDO,,
SIC02382,2382,PERSONA,81LEAD|ContattiMirco|EmailMirco|Labotecnic1|Labotecnic2,Graziano,Paolo,,,,,IT,,,,,,,,,graziano@bbsgroup.it,,3934851159310,3934851159310,,,,,,Italia,,,,,,,,,,,,,,,,,,,,GUEST,FREE,,0,18/06/2026,FREDDO,,
SIC02383,2383,PERSONA,81LEAD|ContattiMirco|EmailMirco|Labotecnic1|Labotecnic2,Ing,Paoloborin,,,,,IT,,,,,,,,,ing.paoloborin@libero.it,,,,,,,,,Italia,,,,,,,,,,,,,,,,,,,,GUEST,FREE,,0,18/06/2026,FREDDO,,
SIC02384,2384,PERSONA,81LEAD|ContattiMirco|EmailMirco|Labotecnic1|Labotecnic2,Paparazzosalvatore,Paparazzo,,,,,IT,,,,,,,,,paparazzosalvatore@libero.it,,,,,,,,,Italia,,,,,,,,,,,,,,,,,,,,GUEST,FREE,,0,18/06/2026,FREDDO,,
SIC02385,2385,PERSONA,81LEAD|ContattiMirco|EmailMirco|Labotecnic1|Labotecnic2,Nicola,Paparella,,,,,IT,,,,,,,,,servizioclienti@bipiemme.it,,3933810187160,3933810187160,,,,,,Italia,,,,,,,,,,,,,,,,,,,,GUEST,FREE,,0,18/06/2026,FREDDO,,
SIC02386,2386,PERSONA,81LEAD|ContattiMirco|EmailMirco|Labotecnic1|Labotecnic2,Mt,Parente,,,,,IT,,,,,,,,,mt.parente@yahoo.it,,,,,,,,,Italia,,,,,,,,,,,,,,,,,,,,GUEST,FREE,,0,18/06/2026,FREDDO,,
SIC02387,2387,PERSONA,81LEAD|ContattiMirco|EmailMirco|Labotecnic1|Labotecnic2,Luca,Parnisari,,,,,IT,,,,,,,,,luca.parnisari@gmail.com,,,,,,,,,Italia,,,,,,,,,,,,,,,,,,,,GUEST,FREE,,0,18/06/2026,FREDDO,,
SIC02388,2388,PERSONA,81LEAD|ContattiMirco|EmailMirco|Labotecnic1|Labotecnic2,Claudio,Parrino,,,,,IT,,,,,,,,,claudio.parrino@gmail.com,,3933931462120,3933931462120,,,,,,Italia,,,,,,,,,,,,,,,,,,,,GUEST,FREE,,0,18/06/2026,FREDDO,,
SIC02389,2389,PERSONA,81LEAD|ContattiMirco|EmailMirco,Cashback,Partner,,,,,IT,,,,,,,,,onlinepartner.it@cashbackworld.com,,340276500100,340276500100,,,,,,Italia,,,,,,,,,,,,,,,,,,,,GUEST,FREE,,0,18/06/2026,FREDDO,,
SIC02390,2390,PERSONA,81LEAD|ContattiMirco|EmailMirco,Cashback,Partner,,,,,IT,,,,,,,,,accounting.it@cashbackworld.com,,320286619000,320286619000,,,,,,Italia,,,,,,,,,,,,,,,,,,,,GUEST,FREE,,0,18/06/2026,FREDDO,,
SIC02391,2391,PERSONA,81LEAD|ContattiMirco|EmailMirco|Labotecnic1|Labotecnic2,Franco,Pasqua59,,,,,IT,,,,,,,,,franco.pasqua59@gmail.com,,39328070794600,39328070794600,,,,,,Italia,,,,,,,,,,,,,,,,,,,,GUEST,FREE,,0,18/06/2026,FREDDO,,
SIC02392,2392,PERSONA,81LEAD|ContattiMirco|EmailMirco|Labotecnic1|Labotecnic2,Dario,Passarella,,,,,IT,,,,,,,,,dario.passarella@libero.it,,,,,,,,,Italia,,,,,,,,,,,,,,,,,,,,GUEST,FREE,,0,18/06/2026,FREDDO,,
SIC02393,2393,PERSONA,81LEAD|ContattiMirco|EmailMirco|Labotecnic1|Labotecnic2,Ingguglielmo,Passarella,,,,,IT,,,,,,,,,ingguglielmo.passarella@gmail.com,,,,,,,,,Italia,,,,,,,,,,,,,,,,,,,,GUEST,FREE,,0,18/06/2026,FREDDO,,
SIC02394,2394,PERSONA,81LEAD|ContattiMirco|EmailMirco|Labotecnic1|Labotecnic2,Nicole,Passarella,,,,,IT,,,,,,,,,nicole.passarella@outlook.it,,3933962153950,3933962153950,,,,,,Italia,,,,,,,,,,,,,,,,,,,,GUEST,FREE,,0,18/06/2026,FREDDO,,
SIC02395,2395,PERSONA,81LEAD|ContattiMirco|EmailMirco,Silvia,Passarella,,,,,IT,,,,,,,,,silvia.passarella@allenza.it,,,,,,,,,Italia,,,,,,,,,,,,,,,,,,,,GUEST,FREE,,0,18/06/2026,FREDDO,,
SIC02396,2396,PERSONA,81LEAD|ContattiMirco|EmailMirco,Silvia,Passarella,,,,,IT,,,,,,,,,silvia.passarella@alleanza.it,,3934007133970,3934007133970,,,,,,Italia,,,,,,,,,,,,,,,,,,,,GUEST,FREE,,0,18/06/2026,FREDDO,,
SIC02397,2397,PERSONA,81LEAD|ContattiMirco,Nicola,Passerini,,,,,IT,,,,,,,,,nicola.passerini@studiolegalepasserini.it,,,,,,,,,Italia,,,,,,,,,,,,,,,,,,,,GUEST,FREE,,0,18/06/2026,FREDDO,,
SIC02398,2398,PERSONA,81LEAD|ContattiMirco|EmailMirco,Francesco,Passoni,,,,,IT,,,,,,,,,francesco.passoni@unionextrusion.it,,3933891682730,3933891682730,,,,,,Italia,,,,,,,,,,,,,,,,,,,,GUEST,FREE,,0,18/06/2026,FREDDO,,
SIC02399,2399,PERSONA,81LEAD|ContattiMirco|EmailMirco|Labotecnic1|Labotecnic2,Guolo,Patrick,,,,,IT,,,,,,,,,guolo.patrick@alice.it,,,,,,,,,Italia,,,,,,,,,,,,,,,,,,,,GUEST,FREE,,0,18/06/2026,FREDDO,,
SIC02400,2400,PERSONA,81LEAD|ContattiMirco|EmailMirco|Labotecnic1|Labotecnic2,Guolo,Patrick,,,,,IT,,,,,,,,,guolo.patrick@gmail.com,,,,,,,,,Italia,,,,,,,,,,,,,,,,,,,,GUEST,FREE,,0,18/06/2026,FREDDO,,
SIC02401,2401,PERSONA,ContattiMirco|Labotecnic1|Labotecnic2,Geom,Patrizia,,,,,IT,,,,,,,,,geom.patrizia@gmail.com,,,,,,,,,Italia,,,,,,,,,,,,,,,,,,,,GUEST,FREE,,0,18/06/2026,FREDDO,,
SIC02402,2402,PERSONA,81LEAD|ContattiMirco|EmailMirco|Labotecnic1|Labotecnic2,Manca,Patrizio,,,,,IT,,,,,,,,,manca.patrizio@gmail.com,,,,,,,,,Italia,,,,,,,,,,,,,,,,,,,,GUEST,FREE,,0,18/06/2026,FREDDO,,
SIC02403,2403,PERSONA,81LEAD|ContattiMirco|EmailMirco|Labotecnic1|Labotecnic2,E,Pavan,,,,,IT,,,,,,,,,e.pavan@studio-geotech.it,,,,,,,,,Italia,,,,,,,,,,,,,,,,,,,,GUEST,FREE,,0,18/06/2026,FREDDO,,
SIC02404,2404,PERSONA,81LEAD|ContattiMirco|EmailMirco|Labotecnic1|Labotecnic2,Monica,Pavan,,,,,IT,,,,,,,,,monica.pavan@libero.it,,3934584163460,3934584163460,,,,,,Italia,,,,,,,,,,,,,,,,,,,,GUEST,FREE,,0,18/06/2026,FREDDO,,
SIC02405,2405,PERSONA,81LEAD|ContattiMirco|EmailMirco|Labotecnic1|Labotecnic2,Tito,Pavan,,,,,IT,,,,,,,,,tito.pavan@gmail.com,,,,,,,,,Italia,,,,,,,,,,,,,,,,,,,,GUEST,FREE,,0,18/06/2026,FREDDO,,
SIC02406,2406,PERSONA,81LEAD|ContattiMirco|EmailMirco,Validazioni,Pellegrin,,,,,IT,,,,,,,,,validazioni@anfos.it,,3933895912050,3933895912050,,,,,,Italia,,,,,,,,,,,,,,,,,,,,GUEST,FREE,,0,18/06/2026,FREDDO,,
SIC02407,2407,PERSONA,81LEAD|ContattiMirco|EmailMirco|Labotecnic1|Labotecnic2,Martina,Penzo,,,,,IT,,,,,,,,,martina.penzo@euroports.it,,39335538954100,39335538954100,,,,,,Italia,,,,,,,,,,,,,,,,,,,,GUEST,FREE,,0,18/06/2026,FREDDO,,
SIC02408,2408,PERSONA,ContattiMirco|EmailMirco|Labotecnic1|Labotecnic2,Fausto,Peratello,,,,,IT,,,,,,,,,gustame.sottomarina@gmail.com,,3934536091680,3934536091680,,,,,,Italia,,,,,,,,,,,,,,,,,,,,GUEST,FREE,,0,18/06/2026,FREDDO,,
SIC02409,2409,PERSONA,81LEAD|ContattiMirco|EmailMirco|Labotecnic1|Labotecnic2,Stefaniazeta72,Perin,,,,,IT,,,,,,,,,stefaniazeta72@hotmail.com,,3932797541510,3932797541510,,,,,,Italia,,,,,,,,,,,,,,,,,,,,GUEST,FREE,,0,18/06/2026,FREDDO,,
SIC02410,2410,PERSONA,81LEAD|ContattiMirco|EmailMirco|Labotecnic1|Labotecnic2,Insieme,Perlapace,,,,,IT,,,,,,,,,insieme.perlapace@hotmail.it,,,,,,,,,Italia,,,,,,,,,,,,,,,,,,,,GUEST,FREE,,0,18/06/2026,FREDDO,,
SIC02411,2411,PERSONA,81LEAD|ContattiMirco|EmailMirco|Labotecnic1|Labotecnic2,Daniele,Peruzzo,,,,,IT,,,,,,,,,daniele.peruzzo@agenziarolando.it,,3933514334470,3933514334470,,,,,,Italia,,,,,,,,,,,,,,,,,,,,GUEST,FREE,,0,18/06/2026,FREDDO,,
SIC02412,2412,PERSONA,81LEAD|ContattiMirco|EmailMirco|Labotecnic1|Labotecnic2,Danielepes,Pes,,,,,IT,,,,,,,,,danielepes@hotmail.com,,3932884514860,3932884514860,,,,,,Italia,,,,,,,,,,,,,,,,,,,,GUEST,FREE,,0,18/06/2026,FREDDO,,
SIC02413,2413,PERSONA,81LEAD|ContattiMirco|EmailMirco|Labotecnic1|Labotecnic2,Simo,Pesci,,,,,IT,,,,,,,,,simo.pesci@virgilio.it,,,,,,,,,Italia,,,,,,,,,,,,,,,,,,,,GUEST,FREE,,0,18/06/2026,FREDDO,,
SIC02414,2414,PERSONA,81LEAD|ContattiMirco|EmailMirco,Nicola,Pessot,,,,,IT,,,,,,,,,nicola.pessot@gmail.com,,3933338442820,3933338442820,,,,,,Italia,,,,,,,,,,,,,,,,,,,,GUEST,FREE,,0,18/06/2026,FREDDO,,
SIC02415,2415,PERSONA,81LEAD|ContattiMirco|EmailMirco|Labotecnic1|Labotecnic2,Razum,Petra,,,,,IT,,,,,,,,,razum.petra@gmail.com,,,,,,,,,Italia,,,,,,,,,,,,,,,,,,,,GUEST,FREE,,0,18/06/2026,FREDDO,,
SIC02416,2416,PERSONA,81LEAD|ContattiMirco,Clapspietro,Petrella jetboard,,,,,IT,,,,,,,,,clapspietro@gmail.com,,3937918638330,3937918638330,,,,,,Italia,,,,,,,,,,,,,,,,,,,,GUEST,FREE,,0,18/06/2026,FREDDO,,
SIC02417,2417,PERSONA,81LEAD|ContattiMirco|EmailMirco|Labotecnic1|Labotecnic2,Debora,Petrina,,,,,IT,,,,,,,,,debora.petrina@gmail.com,,3933514410780,3933514410780,,,,,,Italia,,,,,,,,,,,,,,,,,,,,GUEST,FREE,,0,18/06/2026,FREDDO,,
SIC02418,2418,PERSONA,81LEAD|EmailMirco,Edil,Petrozzi,,,,,IT,,,,,,,,,info@edilpetrozzi.it,,390665838540,390665838540,,,,,,Italia,,,,,,,,,,,,,,,,,,,,GUEST,FREE,,0,18/06/2026,FREDDO,,
SIC02419,2419,PERSONA,81LEAD|ContattiMirco|EmailMirco|Labotecnic1|Labotecnic2,Roberto,Pettenello,,,,,IT,,,,,,,,,roberto.pettenello@libero.it,,3934835283460,3934835283460,,,,,,Italia,,,,,,,,,,,,,,,,,,,,GUEST,FREE,,0,18/06/2026,FREDDO,,
SIC02420,2420,PERSONA,81LEAD|ContattiMirco|EmailMirco,Michele,Pezzolato,,,,,IT,,,,,,,,,michelepezzolato@gmail.com,,3934856228610,3934856228610,,,,,,Italia,,,,,,,,,,,,,,,,,,,,GUEST,FREE,,0,18/06/2026,FREDDO,,
SIC02421,2421,PERSONA,81LEAD|ContattiMirco|EmailMirco,P,Pezzotta,,,,,IT,,,,,,,,,p.pezzotta@soluzionetasse.com,,,,,,,,,Italia,,,,,,,,,,,,,,,,,,,,GUEST,FREE,,0,18/06/2026,FREDDO,,
SIC02422,2422,PERSONA,81LEAD|ContattiMirco|EmailMirco,Meganleva19,Pf treviso,,,,,IT,,,,,,,,,meganleva19@gmail.com,,3934874763180,3934874763180,,,,,,Italia,,,,,,,,,,,,,,,,,,,,GUEST,FREE,,0,18/06/2026,FREDDO,,
SIC02423,2423,PERSONA,81LEAD|EmailMirco,La,Piastrella Italia,,,,,IT,,,,,,,,,info@lapiastrellaitalia.it,,3909858491250,3909858491250,,,,,,Italia,,,,,,,,,,,,,,,,,,,,GUEST,FREE,,0,18/06/2026,FREDDO,,
SIC02424,2424,PERSONA,81LEAD|ContattiMirco|EmailMirco|Labotecnic1|Labotecnic2,Nicolapiccoli,Piccoli,,,,,IT,,,,,,,,,nicolapiccoli.piccoli@gmail.com,,,,,,,,,Italia,,,,,,,,,,,,,,,,,,,,GUEST,FREE,,0,18/06/2026,FREDDO,,
SIC02425,2425,PERSONA,81LEAD|ContattiMirco|EmailMirco|Labotecnic1|Labotecnic2,F,Picelli,,,,,IT,,,,,,,,,f.picelli@picellieassociati.com,,,,,,,,,Italia,,,,,,,,,,,,,,,,,,,,GUEST,FREE,,0,18/06/2026,FREDDO,,
SIC02426,2426,PERSONA,81LEAD|EmailMirco,Campochiaro,Piero,,,,,IT,,,,,,,,,info@ceramichecampochiaro.com,,3905858434120,3905858434120,,,,,,Italia,,,,,,,,,,,,,,,,,,,,GUEST,FREE,,0,18/06/2026,FREDDO,,
SIC02427,2427,PERSONA,81LEAD|EmailMirco,Centro,Pietra Living,,,,,IT,,,,,,,,,roberto.gabrielli@centropietraliving.it,,39046115600830,39046115600830,,,,,,Italia,,,,,,,,,,,,,,,,,,,,GUEST,FREE,,0,18/06/2026,FREDDO,,
SIC02428,2428,PERSONA,81LEAD|ContattiMirco|EmailMirco,Giulia,Pietro,,,,,IT,,,,,,,,,info@giuliaepietro.it,,,,,,,,,Italia,,,,,,,,,,,,,,,,,,,,GUEST,FREE,,0,18/06/2026,FREDDO,,
SIC02429,2429,PERSONA,81LEAD|ContattiMirco|EmailMirco|Labotecnic1|Labotecnic2,Ivana,Pietrolungo,,,,,IT,,,,,,,,,ivana.pietrolungo@gmail.com,,,,,,,,,Italia,,,,,,,,,,,,,,,,,,,,GUEST,FREE,,0,18/06/2026,FREDDO,,
SIC02430,2430,PERSONA,81LEAD|ContattiMirco|EmailMirco|Labotecnic1|Labotecnic2,Enrico,Piovan,,,,,IT,,,,,,,,,enrico.piovan@gv3.it,,3932820152390,3932820152390,,,,,,Italia,,,,,,,,,,,,,,,,,,,,GUEST,FREE,,0,18/06/2026,FREDDO,,
SIC02431,2431,PERSONA,81LEAD|ContattiMirco|EmailMirco|Labotecnic1|Labotecnic2,Elena,Pirovano,,,,,IT,,,,,,,,,elena.pirovano@tiscali.it,,,,,,,,,Italia,,,,,,,,,,,,,,,,,,,,GUEST,FREE,,0,18/06/2026,FREDDO,,
SIC02432,2432,PERSONA,81LEAD|ContattiMirco|EmailMirco,Capellini,Piu,,,,,IT,,,,,,,,,a.piu@3technology.it,,3932822118290,3932822118290,,,,,,Italia,,,,,,,,,,,,,,,,,,,,GUEST,FREE,,0,18/06/2026,FREDDO,,
SIC02433,2433,PERSONA,81LEAD|ContattiMirco|EmailMirco|Labotecnic1|Labotecnic2,Caborgh,Piwi,,,,,IT,,,,,,,,,caborgh@libero.it,,3934085698580,3934085698580,,,,,,Italia,,,,,,,,,,,,,,,,,,,,GUEST,FREE,,0,18/06/2026,FREDDO,,
SIC02434,2434,PERSONA,81LEAD|ContattiMirco|EmailMirco|Labotecnic1|Labotecnic2,Fausto,Pizza,,,,,IT,,,,,,,,,fausto.pizza@yahoo.it,,3934890108930,3934890108930,,,,,,Italia,,,,,,,,,,,,,,,,,,,,GUEST,FREE,,0,18/06/2026,FREDDO,,
SIC02435,2435,PERSONA,81LEAD|ContattiMirco|EmailMirco,E,Pizzo,,,,,IT,,,,,,,,,e.nobili@kattedra.com,,3932865506760,3932865506760,,,,,,Italia,,,,,,,,,,,,,,,,,,,,GUEST,FREE,,0,18/06/2026,FREDDO,,
SIC02436,2436,PERSONA,81LEAD|ContattiMirco|EmailMirco,Sergio,Pizzo 1992,,,,,IT,,,,,,,,,sergio.pizzo.1992@gmail.com,,,,,,,,,Italia,,,,,,,,,,,,,,,,,,,,GUEST,FREE,,0,18/06/2026,FREDDO,,
SIC02437,2437,PERSONA,81LEAD|ContattiMirco|EmailMirco|Labotecnic1|Labotecnic2,Eri,Poli41,,,,,IT,,,,,,,,,eri.poli41@gmail.com,,,,,,,,,Italia,,,,,,,,,,,,,,,,,,,,GUEST,FREE,,0,18/06/2026,FREDDO,,
SIC02438,2438,PERSONA,81LEAD|ContattiMirco|EmailMirco|Labotecnic1|Labotecnic2,Ing,Polichetti,,,,,IT,,,,,,,,,ing.polichetti@libero.it,,,,,,,,,Italia,,,,,,,,,,,,,,,,,,,,GUEST,FREE,,0,18/06/2026,FREDDO,,
SIC02439,2439,PERSONA,81LEAD|EmailMirco,A.C.P.,Ponteggi,,,,,IT,,,,,,,,,info@acpponteggi.it,,3904579307490,3904579307490,,,,,,Italia,,,,,,,,,,,,,,,,,,,,GUEST,FREE,,0,18/06/2026,FREDDO,,
SIC02440,2440,PERSONA,81LEAD|ContattiMirco|EmailMirco|Labotecnic1|Labotecnic2,Ep,Ponteggi,,,,,IT,,,,,,,,,ep.ponteggi@gmail.com,,,,,,,,,Italia,,,,,,,,,,,,,,,,,,,,GUEST,FREE,,0,18/06/2026,FREDDO,,
SIC02441,2441,PERSONA,81LEAD|ContattiMirco|EmailMirco|Labotecnic1|Labotecnic2,Stefy,Ponti,,,,,IT,,,,,,,,,stefy.ponti@libero.it,,,,,,,,,Italia,,,,,,,,,,,,,,,,,,,,GUEST,FREE,,0,18/06/2026,FREDDO,,
SIC02442,2442,PERSONA,81LEAD|ContattiMirco|EmailMirco,Elena,Ponticello,,,,,IT,,,,,,,,,elena.ponticello@bmautomazioni.com,,,,,,,,,Italia,,,,,,,,,,,,,,,,,,,,GUEST,FREE,,0,18/06/2026,FREDDO,,
SIC02443,2443,PERSONA,81LEAD|ContattiMirco|EmailMirco|Labotecnic1|Labotecnic2,Giuliano,Ponzilacqua,,,,,IT,,,,,,,,,giuliano.ponzilacqua@uparchitettiassociati.it,,3934879374110,3934879374110,,,,,,Italia,,,,,,,,,,,,,,,,,,,,GUEST,FREE,,0,18/06/2026,FREDDO,,
SIC02444,2444,PERSONA,81LEAD|ContattiMirco|EmailMirco|Labotecnic1|Labotecnic2,Molino,Pordenone,,,,,IT,,,,,,,,,welcome@molinopn.com,,3904343624210,3904343624210,,,,,,Italia,,,,,,,,,,,,,,,,,,,,GUEST,FREE,,0,18/06/2026,FREDDO,,
SIC02445,2445,PERSONA,81LEAD|ContattiMirco|EmailMirco|Labotecnic1|Labotecnic2,Roberto,Porello,,,,,IT,,,,,,,,,roberto.porello@lyoness.it,,39348302255400,39348302255400,,,,,,Italia,,,,,,,,,,,,,,,,,,,,GUEST,FREE,,0,18/06/2026,FREDDO,,
SIC02446,2446,PERSONA,81LEAD|ContattiMirco|EmailMirco|Labotecnic1|Labotecnic2,Raffaela,Portieri,,,,,IT,,,,,,,,,raffaela.portieri@gmail.com,,,,,,,,,Italia,,,,,,,,,,,,,,,,,,,,GUEST,FREE,,0,18/06/2026,FREDDO,,
SIC02447,2447,PERSONA,81LEAD|ContattiMirco|EmailMirco|Labotecnic1|Labotecnic2,Pasticceria,Porto Viro,,,,,IT,,,,,,,,,cristina.melato.89@gmail.com,,3938917976700,3938917976700,,,,,,Italia,,,,,,,,,,,,,,,,,,,,GUEST,FREE,,0,18/06/2026,FREDDO,,
SIC02448,2448,PERSONA,81LEAD|ContattiMirco|EmailMirco|Labotecnic1|Labotecnic2,Stefano,Pozzuolo,,,,,IT,,,,,,,,,stefano.pozzuolo@hotmail.it,,3933571768350,3933571768350,,,,,,Italia,,,,,,,,,,,,,,,,,,,,GUEST,FREE,,0,18/06/2026,FREDDO,,
SIC02449,2449,PERSONA,81LEAD|ContattiMirco|EmailMirco|Labotecnic1|Labotecnic2,Dimitri,Pr,,,,,IT,,,,,,,,,dimitri.pr@hotmail.it,,,,,,,,,Italia,,,,,,,,,,,,,,,,,,,,GUEST,FREE,,0,18/06/2026,FREDDO,,
SIC02450,2450,PERSONA,81LEAD|ContattiMirco|EmailMirco,Lautomobile,Pratiche,,,,,IT,,,,,,,,,lautomobile.pratiche@gmail.com,,334639646500,334639646500,,,,,,Italia,,,,,,,,,,,,,,,,,,,,GUEST,FREE,,0,18/06/2026,FREDDO,,
SIC02451,2451,PERSONA,81LEAD|ContattiMirco|EmailMirco|Labotecnic1|Labotecnic2,B,Pregnolato,,,,,IT,,,,,,,,,b.pregnolato@tiscali.it,,,,,,,,,Italia,,,,,,,,,,,,,,,,,,,,GUEST,FREE,,0,18/06/2026,FREDDO,,
SIC02452,2452,PERSONA,81LEAD|ContattiMirco|EmailMirco,Ing,Pregnolato,,,,,IT,,,,,,,,,studiopregnolato@gmail.com,,3932992621500,3932992621500,,,,,,Italia,,,,,,,,,,,,,,,,,,,,GUEST,FREE,,0,18/06/2026,FREDDO,,
SIC02453,2453,PERSONA,81LEAD|ContattiMirco|EmailMirco,Nico,Pregnolato,,,,,IT,,,,,,,,,nico.pregnolato@gmail.com,,39339418491100,39339418491100,,,,,,Italia,,,,,,,,,,,,,,,,,,,,GUEST,FREE,,0,18/06/2026,FREDDO,,
SIC02454,2454,PERSONA,81LEAD|ContattiMirco|EmailMirco,Sicurissimo,Pregnolato privato,,,,,IT,,,,,,,,,infosicurissimo@gmail.com,,3933887717370,3933887717370,,,,,,Italia,,,,,,,,,,,,,,,,,,,,GUEST,FREE,,0,18/06/2026,FREDDO,,
SIC02455,2455,PERSONA,81LEAD|ContattiMirco|EmailMirco|Labotecnic1|Labotecnic2,Simonacassioli,Pregnolato surf,,,,,IT,,,,,,,,,simonacassioli@gmail.com,,3934945209240,3934945209240,,,,,,Italia,,,,,,,,,,,,,,,,,,,,GUEST,FREE,,0,18/06/2026,FREDDO,,
SIC02456,2456,PERSONA,81LEAD|ContattiMirco|Labotecnic1|Labotecnic2,Lucialocatelli01,President,,,,,IT,,,,,,,,,lucialocatelli01@gmail.com,,3934879449340,3934879449340,,,,,,Italia,,,,,,,,,,,,,,,,,,,,GUEST,FREE,,0,18/06/2026,FREDDO,,
SIC02457,2457,PERSONA,81LEAD|ContattiMirco|EmailMirco|Labotecnic1|Labotecnic2,S,Presti76,,,,,IT,,,,,,,,,s.presti76@gmail.com,,3933864400720,3933864400720,,,,,,Italia,,,,,,,,,,,,,,,,,,,,GUEST,FREE,,0,18/06/2026,FREDDO,,
SIC02458,2458,PERSONA,81LEAD|ContattiMirco|EmailMirco|Labotecnic1|Labotecnic2,I,Prevedello,,,,,IT,,,,,,,,,i.prevedello@gmail.com,,,,,,,,,Italia,,,,,,,,,,,,,,,,,,,,GUEST,FREE,,0,18/06/2026,FREDDO,,
SIC02459,2459,PERSONA,81LEAD|ContattiMirco|EmailMirco|Labotecnic1|Labotecnic2,Cinzia,Previgliano,,,,,IT,,,,,,,,,cinzia.previgliano@icloud.com,,,,,,,,,Italia,,,,,,,,,,,,,,,,,,,,GUEST,FREE,,0,18/06/2026,FREDDO,,
SIC02460,2460,PERSONA,81LEAD|ContattiMirco|EmailMirco|Labotecnic1|Labotecnic2,Nuovaprined,Prined,,,,,IT,,,,,,,,,nuovaprined@gmail.com,,,,,,,,,Italia,,,,,,,,,,,,,,,,,,,,GUEST,FREE,,0,18/06/2026,FREDDO,,
SIC02461,2461,PERSONA,81LEAD|ContattiMirco|EmailMirco,MultiGrafica,Printing,,,,,IT,,,,,,,,,info@multigrafica.net,,,,,,,,,Italia,,,,,,,,,,,,,,,,,,,,GUEST,FREE,,0,18/06/2026,FREDDO,,
SIC02462,2462,PERSONA,81LEAD|ContattiMirco|EmailMirco|Labotecnic1|Labotecnic2,Sbs,Professionisti,,,,,IT,,,,,,,,,sbs.professionisti@gmail.com,,,,,,,,,Italia,,,,,,,,,,,,,,,,,,,,GUEST,FREE,,0,18/06/2026,FREDDO,,
SIC02463,2463,PERSONA,81LEAD|ContattiMirco|EmailMirco|Labotecnic1|Labotecnic2,Boato,Progetti,,,,,IT,,,,,,,,,boato.progetti@libero.it,,,,,,,,,Italia,,,,,,,,,,,,,,,,,,,,GUEST,FREE,,0,18/06/2026,FREDDO,,
SIC02464,2464,PERSONA,81LEAD|ContattiMirco|EmailMirco,Ignazio,Puccio,,,,,IT,,,,,,,,,ignaziopuccio@libero.it,,3939233877760,3939233877760,,,,,,Italia,,,,,,,,,,,,,,,,,,,,GUEST,FREE,,0,18/06/2026,FREDDO,,
SIC02465,2465,PERSONA,81LEAD|ContattiMirco|EmailMirco|Labotecnic1|Labotecnic2,Geom,R sagredin,,,,,IT,,,,,,,,,geom.r.sagredin@virgilio.it,,,,,,,,,Italia,,,,,,,,,,,,,,,,,,,,GUEST,FREE,,0,18/06/2026,FREDDO,,
SIC02466,2466,PERSONA,81LEAD|ContattiMirco|EmailMirco|Labotecnic1|Labotecnic2,Golin,RCM,,,,,IT,,,,,,,,,mat82it@yahoo.it,,3934087180630,3934087180630,,,,,,Italia,,,,,,,,,,,,,,,,,,,,GUEST,FREE,,0,18/06/2026,FREDDO,,
SIC02467,2467,PERSONA,81LEAD|ContattiMirco|EmailMirco,Alessio,RICARICA,,,,,IT,,,,,,,,,alessio.forzan@deledsrl.it,,3933199568330,3933199568330,,,,,,Italia,,,,,,,,,,,,,,,,,,,,GUEST,FREE,,0,18/06/2026,FREDDO,,
SIC02468,2468,PERSONA,81LEAD|ContattiMirco|EmailMirco,Letizia,RICARICA,,,,,IT,,,,,,,,,graficarima@gmail.com,,3939248795430,3939248795430,,,,,,Italia,,,,,,,,,,,,,,,,,,,,GUEST,FREE,,0,18/06/2026,FREDDO,,
SIC02469,2469,PERSONA,81LEAD|ContattiMirco|EmailMirco,Alessandro,ROBBINS,,,,,IT,,,,,,,,,alexander.maganuco@gmail.com,,3934969219250,3934969219250,,,,,,Italia,,,,,,,,,,,,,,,,,,,,GUEST,FREE,,0,18/06/2026,FREDDO,,
SIC02470,2470,PERSONA,81LEAD|ContattiMirco|EmailMirco,Mosnamariano,Radio fibra,,,,,IT,,,,,,,,,mosnamariano@gmail.com,,3938969037050,3938969037050,,,,,,Italia,,,,,,,,,,,,,,,,,,,,GUEST,FREE,,0,18/06/2026,FREDDO,,
SIC02471,2471,PERSONA,81LEAD|ContattiMirco|EmailMirco|Labotecnic1|Labotecnic2,Veronese,Raffaele,,,,,IT,,,,,,,,,veronese.raffaele@tiscali.it,,3932812638300,3932812638300,,,,,,Italia,,,,,,,,,,,,,,,,,,,,GUEST,FREE,,0,18/06/2026,FREDDO,,
SIC02472,2472,PERSONA,81LEAD|ContattiMirco|EmailMirco|Labotecnic1|Labotecnic2,Pietro,Ran,,,,,IT,,,,,,,,,pietro.ran@alice.it,,3933558242020,3933558242020,,,,,,Italia,,,,,,,,,,,,,,,,,,,,GUEST,FREE,,0,18/06/2026,FREDDO,,
SIC02473,2473,PERSONA,81LEAD|ContattiMirco|EmailMirco,Tizi,Raso,,,,,IT,,,,,,,,,tizi.raso@gmail.com,,,,,,,,,Italia,,,,,,,,,,,,,,,,,,,,GUEST,FREE,,0,18/06/2026,FREDDO,,
SIC02474,2474,PERSONA,81LEAD|ContattiMirco|EmailMirco|Labotecnic1|Labotecnic2,Ralumini70,Rauta,,,,,IT,,,,,,,,,ralumini70@yahoo.it,,,,,,,,,Italia,,,,,,,,,,,,,,,,,,,,GUEST,FREE,,0,18/06/2026,FREDDO,,
SIC02475,2475,PERSONA,81LEAD|ContattiMirco|EmailMirco|Labotecnic1|Labotecnic2,Petra,Razum,,,,,IT,,,,,,,,,razumpetra@gmail.com,,39339818286500,39339818286500,,,,,,Italia,,,,,,,,,,,,,,,,,,,,GUEST,FREE,,0,18/06/2026,FREDDO,,
SIC02476,2476,PERSONA,81LEAD|ContattiMirco|EmailMirco,Sara,Renosto,,,,,IT,,,,,,,,,sara.renosto@heslab.it,,3932060536620,3932060536620,,,,,,Italia,,,,,,,,,,,,,,,,,,,,GUEST,FREE,,0,18/06/2026,FREDDO,,
SIC02477,2477,PERSONA,81LEAD|ContattiMirco|EmailMirco|Labotecnic1|Labotecnic2,FD,Rent Event,,,,,IT,,,,,,,,,event@fdrentservice.com,,39333329940900,39333329940900,,,,,,Italia,,,,,,,,,,,,,,,,,,,,GUEST,FREE,,0,18/06/2026,FREDDO,,
SIC02478,2478,PERSONA,81LEAD|ContattiMirco|EmailMirco|Labotecnic1|Labotecnic2,FD,Rent Folini,,,,,IT,,,,,,,,,maurizio.folini@fdrentservice.com,,39340070806900,39340070806900,,,,,,Italia,,,,,,,,,,,,,,,,,,,,GUEST,FREE,,0,18/06/2026,FREDDO,,
SIC02479,2479,PERSONA,81LEAD|ContattiMirco|EmailMirco|Labotecnic1|Labotecnic2,FD,Rent Victor,,,,,IT,,,,,,,,,victor.damiani@fdrentservice.com,,3933811512620,3933811512620,,,,,,Italia,,,,,,,,,,,,,,,,,,,,GUEST,FREE,,0,18/06/2026,FREDDO,,
SIC02480,2480,PERSONA,81LEAD|ContattiMirco|EmailMirco|Labotecnic1|Labotecnic2,FD,Rent info,,,,,IT,,,,,,,,,info@fdrentservice.com,,,,,,,,,Italia,,,,,,,,,,,,,,,,,,,,GUEST,FREE,,0,18/06/2026,FREDDO,,
SIC02481,2481,PERSONA,81LEAD|ContattiMirco|EmailMirco,Documenti,Renzo,,,,,IT,,,,,,,,,documenti@genertel.it,,39348806865000,39348806865000,,,,,,Italia,,,,,,,,,,,,,,,,,,,,GUEST,FREE,,0,18/06/2026,FREDDO,,
SIC02482,2482,PERSONA,81LEAD|EmailMirco,Mega,Restauri,,,,,IT,,,,,,,,,info@megarestauri.it,,3906224283630,3906224283630,,,,,,Italia,,,,,,,,,,,,,,,,,,,,GUEST,FREE,,0,18/06/2026,FREDDO,,
SIC02483,2483,PERSONA,81LEAD|EmailMirco,Verona,Restauri,,,,,IT,,,,,,,,,info@veronarestauri.it,,3934701544250,3934701544250,,,,,,Italia,,,,,,,,,,,,,,,,,,,,GUEST,FREE,,0,18/06/2026,FREDDO,,
SIC02484,2484,PERSONA,81LEAD|ContattiMirco|EmailMirco,Zambon,Riccardo,,,,,IT,,,,,,,,,archeo1@live.it,,3933542434300,3933542434300,,,,,,Italia,,,,,,,,,,,,,,,,,,,,GUEST,FREE,,0,18/06/2026,FREDDO,,
SIC02485,2485,PERSONA,81LEAD|ContattiMirco|EmailMirco|Labotecnic1|Labotecnic2,Monica,Riello,,,,,IT,,,,,,,,,monica.riello@studiosd.it,,,,,,,,,Italia,,,,,,,,,,,,,,,,,,,,GUEST,FREE,,0,18/06/2026,FREDDO,,
SIC02486,2486,PERSONA,81LEAD|ContattiMirco|EmailMirco,Lead,Rilevato,,,,,IT,,,,,,,,,commerciale@compedata.com,,,,,,,,,Italia,,,,,,,,,,,,,,,,,,,,GUEST,FREE,,0,18/06/2026,FREDDO,,
SIC02487,2487,PERSONA,81LEAD|ContattiMirco|EmailMirco|Labotecnic1|Labotecnic2,Ivo,Rinaldin,,,,,IT,,,,,,,,,ivo.rinaldin@alice.it,,,,,,,,,Italia,,,,,,,,,,,,,,,,,,,,GUEST,FREE,,0,18/06/2026,FREDDO,,
SIC02488,2488,PERSONA,81LEAD|ContattiMirco|EmailMirco|Labotecnic1|Labotecnic2,Josephaglieririnella,Rinella,,,,,IT,,,,,,,,,josephaglieririnella@gmail.com,,,,,,,,,Italia,,,,,,,,,,,,,,,,,,,,GUEST,FREE,,0,18/06/2026,FREDDO,,
SIC02489,2489,PERSONA,81LEAD|ContattiMirco|EmailMirco,Lanza,Ristrutturazioni,,,,,IT,,,,,,,,,lanzaristrutturazioni@gmail.com,,3934975353470,3934975353470,,,,,,Italia,,,,,,,,,,,,,,,,,,,,GUEST,FREE,,0,18/06/2026,FREDDO,,
SIC02490,2490,PERSONA,81LEAD|EmailMirco,Lunadei,Ristrutturazioni,,,,,IT,,,,,,,,,info@lunadeiristrutturazioni.it,,390654162840,390654162840,,,,,,Italia,,,,,,,,,,,,,,,,,,,,GUEST,FREE,,0,18/06/2026,FREDDO,,
SIC02491,2491,PERSONA,81LEAD|ContattiMirco|EmailMirco,Tink,Ristrutturazioni,,,,,IT,,,,,,,,,info@tinkristrutturazioni.it,,3937587200280,3937587200280,,,,,,Italia,,,,,,,,,,,,,,,,,,,,GUEST,FREE,,0,18/06/2026,FREDDO,,
SIC02492,2492,PERSONA,81LEAD|EmailMirco,SVR,Ristrutturazioni Roma,,,,,IT,,,,,,,,,info@svrristrutturazioni.it,,3933949728330,3933949728330,,,,,,Italia,,,,,,,,,,,,,,,,,,,,GUEST,FREE,,0,18/06/2026,FREDDO,,
SIC02493,2493,PERSONA,81LEAD|ContattiMirco|EmailMirco|Labotecnic1|Labotecnic2,Celda,Ro,,,,,IT,,,,,,,,,celda.ro@libero.it,,3932882136410,3932882136410,,,,,,Italia,,,,,,,,,,,,,,,,,,,,GUEST,FREE,,0,18/06/2026,FREDDO,,
SIC02494,2494,PERSONA,81LEAD|ContattiMirco|EmailMirco|Labotecnic1|Labotecnic2,Clinicadelcomputer,Ro,,,,,IT,,,,,,,,,clinicadelcomputer.ro@gmail.com,,,,,,,,,Italia,,,,,,,,,,,,,,,,,,,,GUEST,FREE,,0,18/06/2026,FREDDO,,
SIC02495,2495,PERSONA,81LEAD|ContattiMirco|EmailMirco|Labotecnic1|Labotecnic2,Giovannirossato,Ro,,,,,IT,,,,,,,,,giovannirossato.ro@libero.it,,3939175285540,3939175285540,,,,,,Italia,,,,,,,,,,,,,,,,,,,,GUEST,FREE,,0,18/06/2026,FREDDO,,
SIC02496,2496,PERSONA,81LEAD|ContattiMirco|EmailMirco|Labotecnic1|Labotecnic2,Saed,Ro,,,,,IT,,,,,,,,,saed.ro@virgilio.it,,,,,,,,,Italia,,,,,,,,,,,,,,,,,,,,GUEST,FREE,,0,18/06/2026,FREDDO,,
SIC02497,2497,PERSONA,81LEAD|ContattiMirco|EmailMirco|Labotecnic1|Labotecnic2,Botti,Roberta66,,,,,IT,,,,,,,,,botti.roberta66@virgilio.it,,,,,,,,,Italia,,,,,,,,,,,,,,,,,,,,GUEST,FREE,,0,18/06/2026,FREDDO,,
SIC02498,2498,PERSONA,81LEAD|ContattiMirco|EmailMirco|Labotecnic1|Labotecnic2,Maggio,Roberto,,,,,IT,,,,,,,,,maggio.roberto@hotmail.it,,3934673279650,3934673279650,,,,,,Italia,,,,,,,,,,,,,,,,,,,,GUEST,FREE,,0,18/06/2026,FREDDO,,
SIC02499,2499,PERSONA,81LEAD|ContattiMirco|EmailMirco|Labotecnic1|Labotecnic2,Marangoninicoletta,Roberto,,,,,IT,,,,,,,,,marangoninicoletta@gmail.com,,3933571075700,3933571075700,,,,,,Italia,,,,,,,,,,,,,,,,,,,,GUEST,FREE,,0,18/06/2026,FREDDO,,
SIC02500,2500,PERSONA,81LEAD|ContattiMirco|EmailMirco|Labotecnic1|Labotecnic2,Meneghin,Roberto,,,,,IT,,,,,,,,,meneghin.roberto@hotmail.it,,,,,,,,,Italia,,,,,,,,,,,,,,,,,,,,GUEST,FREE,,0,18/06/2026,FREDDO,,
SIC02501,2501,PERSONA,81LEAD|ContattiMirco|EmailMirco|Labotecnic1|Labotecnic2,Targa,Roberto,,,,,IT,,,,,,,,,targa.roberto@alice.it,,3939238502380,3939238502380,,,,,,Italia,,,,,,,,,,,,,,,,,,,,GUEST,FREE,,0,18/06/2026,FREDDO,,
SIC02502,2502,PERSONA,81LEAD|ContattiMirco|EmailMirco,Zuzolo,Roberto71,,,,,IT,,,,,,,,,zuzolo.roberto71@gmail.com,,3938917976700,3938917976700,,,,,,Italia,,,,,,,,,,,,,,,,,,,,GUEST,FREE,,0,18/06/2026,FREDDO,,
SIC02503,2503,PERSONA,81LEAD|ContattiMirco|EmailMirco|Labotecnic1|Labotecnic2,Albe,Rocc,,,,,IT,,,,,,,,,albe.rocc@yahoo.it,,,,,,,,,Italia,,,,,,,,,,,,,,,,,,,,GUEST,FREE,,0,18/06/2026,FREDDO,,
SIC02504,2504,PERSONA,81LEAD|ContattiMirco|EmailMirco|Labotecnic1|Labotecnic2,Andrea,Roccato,,,,,IT,,,,,,,,,a.roccato@studioroccato.com,,3934860677700,3934860677700,,,,,,Italia,,,,,,,,,,,,,,,,,,,,GUEST,FREE,,0,18/06/2026,FREDDO,,
SIC02505,2505,PERSONA,81LEAD|ContattiMirco,Lucia,Roccato,,,,,IT,,,,,,,,,roccato.l@cnaro.it,,3932812149290,3932812149290,,,,,,Italia,,,,,,,,,,,,,,,,,,,,GUEST,FREE,,0,18/06/2026,FREDDO,,
SIC02506,2506,PERSONA,81LEAD|ContattiMirco|EmailMirco|Labotecnic1|Labotecnic2,Franc,Rodella,,,,,IT,,,,,,,,,franc.rodella@tiscali.it,,,,,,,,,Italia,,,,,,,,,,,,,,,,,,,,GUEST,FREE,,0,18/06/2026,FREDDO,,
SIC02507,2507,PERSONA,81LEAD|ContattiMirco|EmailMirco|Labotecnic1|Labotecnic2,Fasiol,Rodolfo,,,,,IT,,,,,,,,,fasiol.rodolfo@azisanrovigo.it,,,,,,,,,Italia,,,,,,,,,,,,,,,,,,,,GUEST,FREE,,0,18/06/2026,FREDDO,,
SIC02508,2508,PERSONA,81LEAD|ContattiMirco|EmailMirco|Labotecnic1|Labotecnic2,Lauramarcucci,Rogi cucine,,,,,IT,,,,,,,,,lauramarcucci@tiscali.it,,3934849409680,3934849409680,,,,,,Italia,,,,,,,,,,,,,,,,,,,,GUEST,FREE,,0,18/06/2026,FREDDO,,
SIC02509,2509,PERSONA,81LEAD|ContattiMirco|EmailMirco,Booking,Roma,,,,,IT,,,,,,,,,booking.roma@campusx.it,,,,,,,,,Italia,,,,,,,,,,,,,,,,,,,,GUEST,FREE,,0,18/06/2026,FREDDO,,
SIC02510,2510,PERSONA,81LEAD|ContattiMirco|EmailMirco|Labotecnic1|Labotecnic2,Geoweb,Roma,,,,,IT,,,,,,,,,info@geoweb.it,,,,,,,,,Italia,,,,,,,,,,,,,,,,,,,,GUEST,FREE,,0,18/06/2026,FREDDO,,
SIC02511,2511,PERSONA,81LEAD|EmailMirco,Acrobatica,Roma Trionfale,,,,,IT,,,,,,,,,m.baldassarre@ediliziacrobatica.com,,398008269690,398008269690,,,,,,Italia,,,,,,,,,,,,,,,,,,,,GUEST,FREE,,0,18/06/2026,FREDDO,,
SIC02512,2512,PERSONA,81LEAD|ContattiMirco|EmailMirco,Tabaccheria,Roma88,,,,,IT,,,,,,,,,tabaccheria.roma88@gmail.com,,,,,,,,,Italia,,,,,,,,,,,,,,,,,,,,GUEST,FREE,,0,18/06/2026,FREDDO,,
SIC02513,2513,PERSONA,81LEAD|ContattiMirco|EmailMirco|Labotecnic1|Labotecnic2,Ing,Romanfra,,,,,IT,,,,,,,,,ing.romanfra@gmail.com,,,,,,,,,Italia,,,,,,,,,,,,,,,,,,,,GUEST,FREE,,0,18/06/2026,FREDDO,,
SIC02514,2514,PERSONA,81LEAD|ContattiMirco|EmailMirco|Labotecnic1|Labotecnic2,Chioggia,Rominatiozzo,,,,,IT,,,,,,,,,chioggia.rominatiozzo@gmail.com,,,,,,,,,Italia,,,,,,,,,,,,,,,,,,,,GUEST,FREE,,0,18/06/2026,FREDDO,,
SIC02515,2515,PERSONA,81LEAD|EmailMirco,Edil,Roncelli,,,,,IT,,,,,,,,,infos@kompass.com,,390355427190,390355427190,,,,,,Italia,,,,,,,,,,,,,,,,,,,,GUEST,FREE,,0,18/06/2026,FREDDO,,
SIC02516,2516,PERSONA,81LEAD|ContattiMirco|EmailMirco|Labotecnic1|Labotecnic2,Stefania,Roncon,,,,,IT,,,,,,,,,stefania.roncon@crveneto.it,,3934885177080,3934885177080,,,,,,Italia,,,,,,,,,,,,,,,,,,,,GUEST,FREE,,0,18/06/2026,FREDDO,,
SIC02517,2517,PERSONA,81LEAD|ContattiMirco|EmailMirco|Labotecnic1|Labotecnic2,Eli,Rondinini,,,,,IT,,,,,,,,,eli.rondinini@hotmail.it,,,,,,,,,Italia,,,,,,,,,,,,,,,,,,,,GUEST,FREE,,0,18/06/2026,FREDDO,,
SIC02518,2518,PERSONA,81LEAD|ContattiMirco|EmailMirco|Labotecnic1|Labotecnic2,Viviani,Rosa,,,,,IT,,,,,,,,,v.mariarosa@alice.it,,3933812119090,3933812119090,,,,,,Italia,,,,,,,,,,,,,,,,,,,,GUEST,FREE,,0,18/06/2026,FREDDO,,
SIC02519,2519,PERSONA,ContattiMirco|Labotecnic1|Labotecnic2,Pietro,Rosin,,,,,IT,,,,,,,,,pietro.rosin@bancamediolanum.it,,3934714717140,3934714717140,,,,,,Italia,,,,,,,,,,,,,,,,,,,,GUEST,FREE,,0,18/06/2026,FREDDO,,
SIC02520,2520,PERSONA,81LEAD|ContattiMirco|EmailMirco,Kevin,Rossante,,,,,IT,,,,,,,,,kevinrossante@yahoo.it,,3932977952720,3932977952720,,,,,,Italia,,,,,,,,,,,,,,,,,,,,GUEST,FREE,,0,18/06/2026,FREDDO,,
SIC02521,2521,PERSONA,81LEAD|ContattiMirco|EmailMirco|Labotecnic1|Labotecnic2,Franco,Rossi,,,,,IT,,,,,,,,,franco.rossi@ater.rovigo.it,,3933581408760,3933581408760,,,,,,Italia,,,,,,,,,,,,,,,,,,,,GUEST,FREE,,0,18/06/2026,FREDDO,,
SIC02522,2522,PERSONA,81LEAD|ContattiMirco|EmailMirco|Labotecnic1|Labotecnic2,Gabriele,Rossi,,,,,IT,,,,,,,,,gabry88.rossi@gmail.com,,3932824223010,3932824223010,,,,,,Italia,,,,,,,,,,,,,,,,,,,,GUEST,FREE,,0,18/06/2026,FREDDO,,
SIC02523,2523,PERSONA,81LEAD|ContattiMirco|EmailMirco|Labotecnic1|Labotecnic2,Paola30,Rossi,,,,,IT,,,,,,,,,paola30.rossi@gmail.com,,,,,,,,,Italia,,,,,,,,,,,,,,,,,,,,GUEST,FREE,,0,18/06/2026,FREDDO,,
SIC02524,2524,PERSONA,81LEAD|ContattiMirco|EmailMirco|Labotecnic1|Labotecnic2,Roberto,Rossi,,,,,IT,,,,,,,,,roberto@harley-davidson-mantova.it,,3934715037500,3934715037500,,,,,,Italia,,,,,,,,,,,,,,,,,,,,GUEST,FREE,,0,18/06/2026,FREDDO,,
SIC02525,2525,PERSONA,81LEAD|ContattiMirco|EmailMirco,Rossigraziano1974,Rossi,,,,,IT,,,,,,,,,rossigraziano1974@gmail.com,,3933937794410,3933937794410,,,,,,Italia,,,,,,,,,,,,,,,,,,,,GUEST,FREE,,0,18/06/2026,FREDDO,,
SIC02526,2526,PERSONA,81LEAD|ContattiMirco|EmailMirco|Labotecnic1|Labotecnic2,Y,Rossi,,,,,IT,,,,,,,,,y.rossi@fornovogas.it,,,,,,,,,Italia,,,,,,,,,,,,,,,,,,,,GUEST,FREE,,0,18/06/2026,FREDDO,,
SIC02527,2527,PERSONA,81LEAD|ContattiMirco|EmailMirco,Paesa80,Rossi mc,,,,,IT,,,,,,,,,paesa80@gmail.com,,39335130717100,39335130717100,,,,,,Italia,,,,,,,,,,,,,,,,,,,,GUEST,FREE,,0,18/06/2026,FREDDO,,
SIC02528,2528,PERSONA,81LEAD|ContattiMirco|EmailMirco|Labotecnic1|Labotecnic2,Ve,Rossidiana,,,,,IT,,,,,,,,,ve.rossidiana@enel.com,,,,,,,,,Italia,,,,,,,,,,,,,,,,,,,,GUEST,FREE,,0,18/06/2026,FREDDO,,
SIC02529,2529,PERSONA,81LEAD|ContattiMirco|EmailMirco|Labotecnic1|Labotecnic2,Geom,Rossinico,,,,,IT,,,,,,,,,geom.rossinico@libero.it,,,,,,,,,Italia,,,,,,,,,,,,,,,,,,,,GUEST,FREE,,0,18/06/2026,FREDDO,,
SIC02530,2530,PERSONA,81LEAD|ContattiMirco|EmailMirco,La,RosticceRA,,,,,IT,,,,,,,,,enricapezzolato@libero.it,,3904260250480,3904260250480,,,,,,Italia,,,,,,,,,,,,,,,,,,,,GUEST,FREE,,0,18/06/2026,FREDDO,,
SIC02531,2531,PERSONA,81LEAD|ContattiMirco|EmailMirco,Sede,Rovigo,,,,,IT,,,,,,,,,sede@collegio.geometri.ro.it,,366680411000,366680411000,,,,,,Italia,,,,,,,,,,,,,,,,,,,,GUEST,FREE,,0,18/06/2026,FREDDO,,
SIC02532,2532,PERSONA,81LEAD|ContattiMirco|EmailMirco|Labotecnic1|Labotecnic2,Ruffo_angela,Ruffo,,,,,IT,,,,,,,,,ruffo_angela@libero.it,,,,,,,,,Italia,,,,,,,,,,,,,,,,,,,,GUEST,FREE,,0,18/06/2026,FREDDO,,
SIC02533,2533,PERSONA,ContattiMirco|EmailMirco,Omar,Ruggeri,,,,,IT,,,,,,,,,omar.ruggeri@gmail.com,,,,,,,,,Italia,,,,,,,,,,,,,,,,,,,,GUEST,FREE,,0,18/06/2026,FREDDO,,
SIC02534,2534,PERSONA,81LEAD|ContattiMirco|EmailMirco|Labotecnic1|Labotecnic2,Veneta,Rulli,,,,,IT,,,,,,,,,info@venetarulli.it,,,,,,,,,Italia,,,,,,,,,,,,,,,,,,,,GUEST,FREE,,0,18/06/2026,FREDDO,,
SIC02535,2535,PERSONA,81LEAD|ContattiMirco,Giorusso,Russo,,,,,IT,,,,,,,,,gio79russo@libero.it,,3933843271310,3933843271310,,,,,,Italia,,,,,,,,,,,,,,,,,,,,GUEST,FREE,,0,18/06/2026,FREDDO,,
SIC02536,2536,PERSONA,81LEAD|ContattiMirco|EmailMirco,Pier,Russo,,,,,IT,,,,,,,,,pierfedericorusso@gmail.com,,39335575727900,39335575727900,,,,,,Italia,,,,,,,,,,,,,,,,,,,,GUEST,FREE,,0,18/06/2026,FREDDO,,
SIC02537,2537,PERSONA,81LEAD|ContattiMirco,Decaromelissa04,Ruzza,,,,,IT,,,,,,,,,decaromelissa04@gmail.com,,3933927753830,3933927753830,,,,,,Italia,,,,,,,,,,,,,,,,,,,,GUEST,FREE,,0,18/06/2026,FREDDO,,
SIC02538,2538,PERSONA,81LEAD|ContattiMirco|EmailMirco|Labotecnic1|Labotecnic2,Remigio,Ruzzante,,,,,IT,,,,,,,,,remigio.ruzzante@libero.it,,,,,,,,,Italia,,,,,,,,,,,,,,,,,,,,GUEST,FREE,,0,18/06/2026,FREDDO,,
SIC02539,2539,PERSONA,81LEAD|ContattiMirco|EmailMirco|Labotecnic1|Labotecnic2,Gobbato,S. l,,,,,IT,,,,,,,,,f.lligobbato@libero.it,,3934808368960,3934808368960,,,,,,Italia,,,,,,,,,,,,,,,,,,,,GUEST,FREE,,0,18/06/2026,FREDDO,,
SIC02540,2540,PERSONA,81LEAD|EmailMirco,Edilmaf,S.a.s.,,,,,IT,,,,,,,,,info@edilmaf.it,,390245621030,390245621030,,,,,,Italia,,,,,,,,,,,,,,,,,,,,GUEST,FREE,,0,18/06/2026,FREDDO,,
SIC02541,2541,PERSONA,81LEAD|EmailMirco,EDIL,SIMONI,,,,,IT,,,,,,,,,info@edilsimoni.com,,3934712996270,3934712996270,,,,,,Italia,,,,,,,,,,,,,,,,,,,,GUEST,FREE,,0,18/06/2026,FREDDO,,
SIC02542,2542,PERSONA,81LEAD|ContattiMirco|EmailMirco,Cappellato,SME,,,,,IT,,,,,,,,,antonello.cappellato@sme.illumia.it,,349063014000,349063014000,,,,,,Italia,,,,,,,,,,,,,,,,,,,,GUEST,FREE,,0,18/06/2026,FREDDO,,
SIC02543,2543,PERSONA,81LEAD|ContattiMirco|EmailMirco,Centro,STS,,,,,IT,,,,,,,,,info@centrodiformazionests.it,,,,,,,,,Italia,,,,,,,,,,,,,,,,,,,,GUEST,FREE,,0,18/06/2026,FREDDO,,
SIC02544,2544,PERSONA,81LEAD|ContattiMirco|Labotecnic1|Labotecnic2,Federico,Sabbadin,,,,,IT,,,,,,,,,federico.sabbadin@alice.it,,3937142272830,3937142272830,,,,,,Italia,,,,,,,,,,,,,,,,,,,,GUEST,FREE,,0,18/06/2026,FREDDO,,
SIC02545,2545,PERSONA,81LEAD|ContattiMirco|EmailMirco|Labotecnic1|Labotecnic2,Tuber,Sabinum,,,,,IT,,,,,,,,,tuber.sabinum@gmail.com,,,,,,,,,Italia,,,,,,,,,,,,,,,,,,,,GUEST,FREE,,0,18/06/2026,FREDDO,,
SIC02546,2546,PERSONA,81LEAD|ContattiMirco|EmailMirco|Labotecnic1|Labotecnic2,Ragazzi,Sabrina68,,,,,IT,,,,,,,,,ragazzi.sabrina68@gmail.com,,,,,,,,,Italia,,,,,,,,,,,,,,,,,,,,GUEST,FREE,,0,18/06/2026,FREDDO,,
SIC02547,2547,PERSONA,81LEAD|ContattiMirco|EmailMirco|Labotecnic1|Labotecnic2,Nadia,Saccardin,,,,,IT,,,,,,,,,nadiasacc@gmail.com,,39335143399600,39335143399600,,,,,,Italia,,,,,,,,,,,,,,,,,,,,GUEST,FREE,,0,18/06/2026,FREDDO,,
SIC02548,2548,PERSONA,81LEAD|ContattiMirco|EmailMirco|Labotecnic1|Labotecnic2,Gianluca,Sacco,,,,,IT,,,,,,,,,gianluca.sacco@libero.it,,3934723767880,3934723767880,,,,,,Italia,,,,,,,,,,,,,,,,,,,,GUEST,FREE,,0,18/06/2026,FREDDO,,
SIC02549,2549,PERSONA,81LEAD|ContattiMirco|EmailMirco|Labotecnic1|Labotecnic2,M,Saccoman,,,,,IT,,,,,,,,,m.saccoman@gmail.com,,,,,,,,,Italia,,,,,,,,,,,,,,,,,,,,GUEST,FREE,,0,18/06/2026,FREDDO,,
SIC02550,2550,PERSONA,81LEAD|ContattiMirco|EmailMirco|Labotecnic1|Labotecnic2,Paola,Saccoman,,,,,IT,,,,,,,,,psaccoman@yahoo.it,,3932067033390,3932067033390,,,,,,Italia,,,,,,,,,,,,,,,,,,,,GUEST,FREE,,0,18/06/2026,FREDDO,,
SIC02551,2551,PERSONA,81LEAD|ContattiMirco|EmailMirco|Labotecnic1|Labotecnic2,Ing,Sacrato,,,,,IT,,,,,,,,,ing.sacrato@libero.it,,,,,,,,,Italia,,,,,,,,,,,,,,,,,,,,GUEST,FREE,,0,18/06/2026,FREDDO,,
SIC02552,2552,PERSONA,81LEAD|ContattiMirco|EmailMirco|Labotecnic1|Labotecnic2,Milena,Saiani,,,,,IT,,,,,,,,,milenasaiani@alice.it,,3934912906810,3934912906810,,,,,,Italia,,,,,,,,,,,,,,,,,,,,GUEST,FREE,,0,18/06/2026,FREDDO,,
SIC02553,2553,PERSONA,81LEAD|ContattiMirco|EmailMirco,Alessandro,Sala,,,,,IT,,,,,,,,,centrosicurezza2020@gmail.com,,3933416404920,3933416404920,,,,,,Italia,,,,,,,,,,,,,,,,,,,,GUEST,FREE,,0,18/06/2026,FREDDO,,
SIC02554,2554,PERSONA,81LEAD|ContattiMirco|EmailMirco|Labotecnic1|Labotecnic2,Davide_zennaro,Sala onde delta,,,,,IT,,,,,,,,,davide_zennaro@libero.it,,3934005662060,3934005662060,,,,,,Italia,,,,,,,,,,,,,,,,,,,,GUEST,FREE,,0,18/06/2026,FREDDO,,
SIC02555,2555,PERSONA,81LEAD|ContattiMirco|EmailMirco|Labotecnic1|Labotecnic2,Milena,Saletta,,,,,IT,,,,,,,,,milena.saletta@gmail.com,,39335129543200,39335129543200,,,,,,Italia,,,,,,,,,,,,,,,,,,,,GUEST,FREE,,0,18/06/2026,FREDDO,,
SIC02556,2556,PERSONA,81LEAD|ContattiMirco|EmailMirco|Labotecnic1|Labotecnic2,Saln,Salnitri lyo,,,,,IT,,,,,,,,,saln@libero.it,,3934890221210,3934890221210,,,,,,Italia,,,,,,,,,,,,,,,,,,,,GUEST,FREE,,0,18/06/2026,FREDDO,,
SIC02557,2557,PERSONA,81LEAD|ContattiMirco|EmailMirco|Labotecnic1|Labotecnic2,Luigi,Salvatore,,,,,IT,,,,,,,,,luigi.salvatore@gtssrl.eu,,3933843898640,3933843898640,,,,,,Italia,,,,,,,,,,,,,,,,,,,,GUEST,FREE,,0,18/06/2026,FREDDO,,
SIC02558,2558,PERSONA,81LEAD|ContattiMirco|EmailMirco|Labotecnic1|Labotecnic2,Onofrio,Salvemini,,,,,IT,,,,,,,,,onofrio.salvemini@gmail.com,,,,,,,,,Italia,,,,,,,,,,,,,,,,,,,,GUEST,FREE,,0,18/06/2026,FREDDO,,
SIC02559,2559,PERSONA,81LEAD|ContattiMirco|EmailMirco|Labotecnic1|Labotecnic2,Confezioni,Samy,,,,,IT,,,,,,,,,confezioni.samy@libero.it,,,,,,,,,Italia,,,,,,,,,,,,,,,,,,,,GUEST,FREE,,0,18/06/2026,FREDDO,,
SIC02560,2560,PERSONA,81LEAD|ContattiMirco|EmailMirco,Nino,San Filippo,,,,,IT,,,,,,,,,nino.sanfilippo@gmail.com,,393353601200,393353601200,,,,,,Italia,,,,,,,,,,,,,,,,,,,,GUEST,FREE,,0,18/06/2026,FREDDO,,
SIC02561,2561,PERSONA,81LEAD|ContattiMirco|EmailMirco,Michele,Sandrin,,,,,IT,,,,,,,,,sm85@libero.it,,3934755015790,3934755015790,,,,,,Italia,,,,,,,,,,,,,,,,,,,,GUEST,FREE,,0,18/06/2026,FREDDO,,
SIC02562,2562,PERSONA,81LEAD|ContattiMirco|EmailMirco|Labotecnic1|Labotecnic2,Geo,Sandro,,,,,IT,,,,,,,,,geo.sandro@virgilio.it,,,,,,,,,Italia,,,,,,,,,,,,,,,,,,,,GUEST,FREE,,0,18/06/2026,FREDDO,,
SIC02563,2563,PERSONA,81LEAD|ContattiMirco|EmailMirco|Labotecnic1|Labotecnic2,Ing,Sandrosignoretto,,,,,IT,,,,,,,,,ing.sandrosignoretto@gmail.com,,,,,,,,,Italia,,,,,,,,,,,,,,,,,,,,GUEST,FREE,,0,18/06/2026,FREDDO,,
SIC02564,2564,PERSONA,81LEAD|ContattiMirco|EmailMirco,Nicola,Sanfelici,,,,,IT,,,,,,,,,rentservice.energia@libero.it,,39349608720200,39349608720200,,,,,,Italia,,,,,,,,,,,,,,,,,,,,GUEST,FREE,,0,18/06/2026,FREDDO,,
SIC02565,2565,PERSONA,81LEAD|ContattiMirco|EmailMirco|Labotecnic1|Labotecnic2,Isis,Sanlucar,,,,,IT,,,,,,,,,isis.sanlucar@gmail.com,,,,,,,,,Italia,,,,,,,,,,,,,,,,,,,,GUEST,FREE,,0,18/06/2026,FREDDO,,
SIC02566,2566,PERSONA,81LEAD|ContattiMirco|EmailMirco|Labotecnic1|Labotecnic2,Ing,Sanna roberto,,,,,IT,,,,,,,,,ing.sanna.roberto@gmail.com,,,,,,,,,Italia,,,,,,,,,,,,,,,,,,,,GUEST,FREE,,0,18/06/2026,FREDDO,,
SIC02567,2567,PERSONA,ContattiMirco|EmailMirco,Specialone,Sannino,,,,,IT,,,,,,,,,specialone.sannino@gmail.com,,,,,,,,,Italia,,,,,,,,,,,,,,,,,,,,GUEST,FREE,,0,18/06/2026,FREDDO,,
SIC02568,2568,PERSONA,81LEAD|ContattiMirco|EmailMirco|Labotecnic1|Labotecnic2,Geom,Sante,,,,,IT,,,,,,,,,studio-ceciliato@libero.it,,3933942134780,3933942134780,,,,,,Italia,,,,,,,,,,,,,,,,,,,,GUEST,FREE,,0,18/06/2026,FREDDO,,
SIC02569,2569,PERSONA,81LEAD|ContattiMirco,Larasantin,Santin lara,,,,,IT,,,,,,,,,larasantin@libero.it,,3933919470810,3933919470810,,,,,,Italia,,,,,,,,,,,,,,,,,,,,GUEST,FREE,,0,18/06/2026,FREDDO,,
SIC02570,2570,PERSONA,81LEAD|ContattiMirco|Labotecnic1|Labotecnic2,Campion,Sara,,,,,IT,,,,,,,,,campion.sara@gmail.com,,,,,,,,,Italia,,,,,,,,,,,,,,,,,,,,GUEST,FREE,,0,18/06/2026,FREDDO,,
SIC02571,2571,PERSONA,81LEAD|ContattiMirco|EmailMirco|Labotecnic1|Labotecnic2,Maria,Sardina,,,,,IT,,,,,,,,,maria.sardina@libero.it,,,,,,,,,Italia,,,,,,,,,,,,,,,,,,,,GUEST,FREE,,0,18/06/2026,FREDDO,,
SIC02572,2572,PERSONA,81LEAD|ContattiMirco|EmailMirco|Labotecnic1|Labotecnic2,Loredana,Sardo,,,,,IT,,,,,,,,,loredana.sardo@tiscali.it,,,,,,,,,Italia,,,,,,,,,,,,,,,,,,,,GUEST,FREE,,0,18/06/2026,FREDDO,,
SIC02573,2573,PERSONA,81LEAD|ContattiMirco|EmailMirco|Labotecnic1|Labotecnic2,Arch,Sargiacomo,,,,,IT,,,,,,,,,arch.sargiacomo@gmail.com,,,,,,,,,Italia,,,,,,,,,,,,,,,,,,,,GUEST,FREE,,0,18/06/2026,FREDDO,,
SIC02574,2574,PERSONA,81LEAD|ContattiMirco|EmailMirco|Labotecnic1|Labotecnic2,Poggio-carlo,Sartor,,,,,IT,,,,,,,,,poggio-carlo@libero.it,,3934014485230,3934014485230,,,,,,Italia,,,,,,,,,,,,,,,,,,,,GUEST,FREE,,0,18/06/2026,FREDDO,,
SIC02575,2575,PERSONA,81LEAD|ContattiMirco|EmailMirco|Labotecnic1|Labotecnic2,Renzo,Satti,,,,,IT,,,,,,,,,renzo.satti@gmail.com,,3933581910300,3933581910300,,,,,,Italia,,,,,,,,,,,,,,,,,,,,GUEST,FREE,,0,18/06/2026,FREDDO,,
SIC02576,2576,PERSONA,81LEAD|ContattiMirco|EmailMirco|Labotecnic1|Labotecnic2,Paghe,Sauro,,,,,IT,,,,,,,,,paghe.sauro@studipozzato.it,,351587852100,351587852100,,,,,,Italia,,,,,,,,,,,,,,,,,,,,GUEST,FREE,,0,18/06/2026,FREDDO,,
SIC02577,2577,PERSONA,81LEAD|ContattiMirco|EmailMirco|Labotecnic1|Labotecnic2,SCIACCHITANO,Savio Giuseppe,,,,,IT,,,,,,,,,sg.sciacchitano@calcestruzzi.it,,334208575600,334208575600,,,,,,Italia,,,,,,,,,,,,,,,,,,,,GUEST,FREE,,0,18/06/2026,FREDDO,,
SIC02578,2578,PERSONA,81LEAD|ContattiMirco|EmailMirco|Labotecnic1|Labotecnic2,Roberta,Scagnolari,,,,,IT,,,,,,,,,roberta.scagnolari@gmail.com,,,,,,,,,Italia,,,,,,,,,,,,,,,,,,,,GUEST,FREE,,0,18/06/2026,FREDDO,,
SIC02579,2579,PERSONA,81LEAD|ContattiMirco|EmailMirco|Labotecnic1|Labotecnic2,F,Scanu,,,,,IT,,,,,,,,,f.scanu@fsbusitalia.it,,,,,,,,,Italia,,,,,,,,,,,,,,,,,,,,GUEST,FREE,,0,18/06/2026,FREDDO,,
SIC02580,2580,PERSONA,81LEAD|ContattiMirco|EmailMirco|Labotecnic1|Labotecnic2,Michelangelo,Scardamaglia,,,,,IT,,,,,,,,,michelangelo.scardamaglia@gmail.com,,,,,,,,,Italia,,,,,,,,,,,,,,,,,,,,GUEST,FREE,,0,18/06/2026,FREDDO,,
SIC02581,2581,PERSONA,81LEAD|ContattiMirco|EmailMirco|Labotecnic1|Labotecnic2,Gianni,Schiavon,,,,,IT,,,,,,,,,janisero@gmail.com,,3934785260000,3934785260000,,,,,,Italia,,,,,,,,,,,,,,,,,,,,GUEST,FREE,,0,18/06/2026,FREDDO,,
SIC02582,2582,PERSONA,81LEAD|ContattiMirco|EmailMirco|Labotecnic1|Labotecnic2,Gianluca,Schio,,,,,IT,,,,,,,,,gianluca.schio@live.it,,3933345977990,3933345977990,,,,,,Italia,,,,,,,,,,,,,,,,,,,,GUEST,FREE,,0,18/06/2026,FREDDO,,
SIC02583,2583,PERSONA,81LEAD|ContattiMirco|EmailMirco|Labotecnic1|Labotecnic2,Francesco,Schioppa,,,,,IT,,,,,,,,,francesco.schioppa@gmail.com,,3934836359180,3934836359180,,,,,,Italia,,,,,,,,,,,,,,,,,,,,GUEST,FREE,,0,18/06/2026,FREDDO,,
SIC02584,2584,PERSONA,81LEAD|ContattiMirco|EmailMirco|Labotecnic1|Labotecnic2,Emanuele,Secci66,,,,,IT,,,,,,,,,emanuele.secci66@gmail.com,,39348086650200,39348086650200,,,,,,Italia,,,,,,,,,,,,,,,,,,,,GUEST,FREE,,0,18/06/2026,FREDDO,,
SIC02585,2585,PERSONA,81LEAD|ContattiMirco|EmailMirco|Labotecnic1|Labotecnic2,Mariano,Seminara,,,,,IT,,,,,,,,,mariano.seminara@yahoo.it,,,,,,,,,Italia,,,,,,,,,,,,,,,,,,,,GUEST,FREE,,0,18/06/2026,FREDDO,,
SIC02586,2586,PERSONA,81LEAD|ContattiMirco|EmailMirco|Labotecnic1|Labotecnic2,Adriana,Semola,,,,,IT,,,,,,,,,adriana.semola@cf.confart.tv,,2753002000,2753002000,,,,,,Italia,,,,,,,,,,,,,,,,,,,,GUEST,FREE,,0,18/06/2026,FREDDO,,
SIC02587,2587,PERSONA,81LEAD|ContattiMirco|EmailMirco|Labotecnic1|Labotecnic2,Renata,Senatore,,,,,IT,,,,,,,,,renata.senatore@live.it,,3934016234360,3934016234360,,,,,,Italia,,,,,,,,,,,,,,,,,,,,GUEST,FREE,,0,18/06/2026,FREDDO,,
SIC02588,2588,PERSONA,81LEAD|ContattiMirco|Labotecnic1|Labotecnic2,Gabriele,Senno,,,,,IT,,,,,,,,,gabriele.senno@amesvenezia.it,,39349159125200,39349159125200,,,,,,Italia,,,,,,,,,,,,,,,,,,,,GUEST,FREE,,0,18/06/2026,FREDDO,,
SIC02589,2589,PERSONA,81LEAD|ContattiMirco|EmailMirco|Labotecnic1|Labotecnic2,Giu,Sep78,,,,,IT,,,,,,,,,giu.sep78@alice.it,,3933396253510,3933396253510,,,,,,Italia,,,,,,,,,,,,,,,,,,,,GUEST,FREE,,0,18/06/2026,FREDDO,,
SIC02590,2590,PERSONA,81LEAD|ContattiMirco|EmailMirco,Marssignals,Sergio,,,,,IT,,,,,,,,,marssignals@gmail.com,,3932927464570,3932927464570,,,,,,Italia,,,,,,,,,,,,,,,,,,,,GUEST,FREE,,0,18/06/2026,FREDDO,,
SIC02591,2591,PERSONA,81LEAD|ContattiMirco|EmailMirco|Labotecnic1|Labotecnic2,Idrotecno,Sf,,,,,IT,,,,,,,,,idrotecno.sf@libero.it,,,,,,,,,Italia,,,,,,,,,,,,,,,,,,,,GUEST,FREE,,0,18/06/2026,FREDDO,,
SIC02592,2592,PERSONA,81LEAD|ContattiMirco|EmailMirco|Labotecnic1|Labotecnic2,A,Sgualdo,,,,,IT,,,,,,,,,a.sgualdo@inwind.it,,,,,,,,,Italia,,,,,,,,,,,,,,,,,,,,GUEST,FREE,,0,18/06/2026,FREDDO,,
SIC02593,2593,PERSONA,81LEAD|ContattiMirco|EmailMirco,Payment,Shahin,,,,,IT,,,,,,,,,payment.shahin@gmail.com,,,,,,,,,Italia,,,,,,,,,,,,,,,,,,,,GUEST,FREE,,0,18/06/2026,FREDDO,,
SIC02594,2594,PERSONA,81LEAD|ContattiMirco|EmailMirco,Bagni,Shock,,,,,IT,,,,,,,,,info@bagnishock.com,,3933969436020,3933969436020,,,,,,Italia,,,,,,,,,,,,,,,,,,,,GUEST,FREE,,0,18/06/2026,FREDDO,,
SIC02595,2595,PERSONA,81LEAD|ContattiMirco|EmailMirco|Labotecnic1|Labotecnic2,Carla,Siboni,,,,,IT,,,,,,,,,carla.siboni@gmail.com,,,,,,,,,Italia,,,,,,,,,,,,,,,,,,,,GUEST,FREE,,0,18/06/2026,FREDDO,,
SIC02596,2596,PERSONA,81LEAD|ContattiMirco|EmailMirco,Cecilia,Sicurezza,,,,,IT,,,,,,,,,chichij@hotmail.it,,3934789422900,3934789422900,,,,,,Italia,,,,,,,,,,,,,,,,,,,,GUEST,FREE,,0,18/06/2026,FREDDO,,
SIC02597,2597,PERSONA,81LEAD|ContattiMirco|EmailMirco,Antonio,Sicurezza Farina,,,,,IT,,,,,,,,,farinaimpianti@libero.it,,3933566305380,3933566305380,,,,,,Italia,,,,,,,,,,,,,,,,,,,,GUEST,FREE,,0,18/06/2026,FREDDO,,
SIC02598,2598,PERSONA,EmailMirco,Marco,Sicurezza Lusso,,,,,IT,,,,,,,,,marco.lusso@bcs-ais.com,,,,,,,,,Italia,,,,,,,,,,,,,,,,,,,,GUEST,FREE,,0,18/06/2026,FREDDO,,
SIC02599,2599,PERSONA,81LEAD|ContattiMirco|EmailMirco,Roberto,Sicurezza Mengozzi,,,,,IT,,,,,,,,,mengozziroberto1972@gmail.com,,3933473771810,3933473771810,,,,,,Italia,,,,,,,,,,,,,,,,,,,,GUEST,FREE,,0,18/06/2026,FREDDO,,
SIC02600,2600,PERSONA,81LEAD|ContattiMirco|EmailMirco,Luigi,Sicurezza Salzano,,,,,IT,,,,,,,,,luigi.salzano.76@gmail.com,,3933859653080,3933859653080,,,,,,Italia,,,,,,,,,,,,,,,,,,,,GUEST,FREE,,0,18/06/2026,FREDDO,,
SIC02601,2601,PERSONA,81LEAD|ContattiMirco|EmailMirco|Labotecnic1|Labotecnic2,Sergio,Silecchia,,,,,IT,,,,,,,,,sergio.silecchia@gmail.com,,3934048390270,3934048390270,,,,,,Italia,,,,,,,,,,,,,,,,,,,,GUEST,FREE,,0,18/06/2026,FREDDO,,
SIC02602,2602,PERSONA,81LEAD|ContattiMirco|EmailMirco|Labotecnic1|Labotecnic2,Bertoni,Silvia,,,,,IT,,,,,,,,,bertoni.silvia@libero.it,,3934865417000,3934865417000,,,,,,Italia,,,,,,,,,,,,,,,,,,,,GUEST,FREE,,0,18/06/2026,FREDDO,,
SIC02603,2603,PERSONA,81LEAD|ContattiMirco|EmailMirco,Poli,Silvia,,,,,IT,,,,,,,,,silvia.p@luxia.it,,3933566503230,3933566503230,,,,,,Italia,,,,,,,,,,,,,,,,,,,,GUEST,FREE,,0,18/06/2026,FREDDO,,
SIC02604,2604,PERSONA,81LEAD|ContattiMirco,Poli,Silvia,,,,,IT,,,,,,,,,info@luxia.it,,3933566503230,3933566503230,,,,,,Italia,,,,,,,,,,,,,,,,,,,,GUEST,FREE,,0,18/06/2026,FREDDO,,
SIC02605,2605,PERSONA,81LEAD|ContattiMirco|EmailMirco|Labotecnic1|Labotecnic2,Galluppi,Simona,,,,,IT,,,,,,,,,galluppi.simona@libero.it,,3937754598770,3937754598770,,,,,,Italia,,,,,,,,,,,,,,,,,,,,GUEST,FREE,,0,18/06/2026,FREDDO,,
SIC02606,2606,PERSONA,81LEAD|ContattiMirco|EmailMirco|Labotecnic1|Labotecnic2,S,Simone81,,,,,IT,,,,,,,,,s.simone81@gmail.com,,3939237692960,3939237692960,,,,,,Italia,,,,,,,,,,,,,,,,,,,,GUEST,FREE,,0,18/06/2026,FREDDO,,
SIC02607,2607,PERSONA,81LEAD|ContattiMirco|EmailMirco|Labotecnic1|Labotecnic2,Pregnolato,Simonetta,,,,,IT,,,,,,,,,pregnolato.simonetta@virgilio.it,,,,,,,,,Italia,,,,,,,,,,,,,,,,,,,,GUEST,FREE,,0,18/06/2026,FREDDO,,
SIC02608,2608,PERSONA,81LEAD|EmailMirco,Fratelli,Sindoni,,,,,IT,,,,,,,,,info@fratellisindoni.com,,3909314633530,3909314633530,,,,,,Italia,,,,,,,,,,,,,,,,,,,,GUEST,FREE,,0,18/06/2026,FREDDO,,
SIC02609,2609,PERSONA,81LEAD|ContattiMirco|EmailMirco|Labotecnic1|Labotecnic2,Emiliosiriakki,Sirianni,,,,,IT,,,,,,,,,emiliosiriakki@gmail.com,,3933566503230,3933566503230,,,,,,Italia,,,,,,,,,,,,,,,,,,,,GUEST,FREE,,0,18/06/2026,FREDDO,,
SIC02610,2610,PERSONA,81LEAD|ContattiMirco|EmailMirco,Marzio,Sisti,,,,,IT,,,,,,,,,marzio.sisti@yahoo.it,,39333348882600,39333348882600,,,,,,Italia,,,,,,,,,,,,,,,,,,,,GUEST,FREE,,0,18/06/2026,FREDDO,,
SIC02611,2611,PERSONA,81LEAD|ContattiMirco|EmailMirco|Labotecnic1|Labotecnic2,Michele,Siviero,,,,,IT,,,,,,,,,michele.siviero@libero.it,,39342098418100,39342098418100,,,,,,Italia,,,,,,,,,,,,,,,,,,,,GUEST,FREE,,0,18/06/2026,FREDDO,,
SIC02612,2612,PERSONA,81LEAD|ContattiMirco|EmailMirco,Fgcxvbsjb,Sjb,,,,,IT,,,,,,,,,fgcxvb4sjb@privaterelay.appleid.com,,,,,,,,,Italia,,,,,,,,,,,,,,,,,,,,GUEST,FREE,,0,18/06/2026,FREDDO,,
SIC02613,2613,PERSONA,81LEAD|ContattiMirco|EmailMirco,Fra,Ska ssl,,,,,IT,,,,,,,,,fra.ska.ssl@gmail.com,,3932988765340,3932988765340,,,,,,Italia,,,,,,,,,,,,,,,,,,,,GUEST,FREE,,0,18/06/2026,FREDDO,,
SIC02614,2614,PERSONA,81LEAD|ContattiMirco|EmailMirco|Labotecnic1|Labotecnic2,Simonemoro,Sm,,,,,IT,,,,,,,,,simonemoro.sm@gmail.com,,3934963623300,3934963623300,,,,,,Italia,,,,,,,,,,,,,,,,,,,,GUEST,FREE,,0,18/06/2026,FREDDO,,
SIC02615,2615,PERSONA,81LEAD|ContattiMirco|EmailMirco,Stefano,Smeratdi,,,,,IT,,,,,,,,,stefano.smeraldi@venetoformazione.it,,3933964077830,3933964077830,,,,,,Italia,,,,,,,,,,,,,,,,,,,,GUEST,FREE,,0,18/06/2026,FREDDO,,
SIC02616,2616,PERSONA,81LEAD|ContattiMirco|EmailMirco|Labotecnic1|Labotecnic2,Education,Smile cremona,,,,,IT,,,,,,,,,education.smile.cremona@gmail.com,,3934727929420,3934727929420,,,,,,Italia,,,,,,,,,,,,,,,,,,,,GUEST,FREE,,0,18/06/2026,FREDDO,,
SIC02617,2617,PERSONA,81LEAD|ContattiMirco|EmailMirco,Courtney,Smith,,,,,IT,,,,,,,,,courtney.smith@keap.com,,320648473800,320648473800,,,,,,Italia,,,,,,,,,,,,,,,,,,,,GUEST,FREE,,0,18/06/2026,FREDDO,,
SIC02618,2618,PERSONA,81LEAD|ContattiMirco|EmailMirco|Labotecnic1|Labotecnic2,Gaetano,Soardo,,,,,IT,,,,,,,,,gaetano.soardo@gmail.com,,3934822580040,3934822580040,,,,,,Italia,,,,,,,,,,,,,,,,,,,,GUEST,FREE,,0,18/06/2026,FREDDO,,
SIC02619,2619,PERSONA,81LEAD|ContattiMirco|EmailMirco,Laurasolinas73,Solinas,,,,,IT,,,,,,,,,laurasolinas73@gmail.com,,,,,,,,,Italia,,,,,,,,,,,,,,,,,,,,GUEST,FREE,,0,18/06/2026,FREDDO,,
SIC02620,2620,PERSONA,81LEAD|ContattiMirco|EmailMirco|Labotecnic1|Labotecnic2,Erika,Solmi,,,,,IT,,,,,,,,,erika.solmi@gv3.it,,,,,,,,,Italia,,,,,,,,,,,,,,,,,,,,GUEST,FREE,,0,18/06/2026,FREDDO,,
SIC02621,2621,PERSONA,81LEAD|ContattiMirco|EmailMirco,Inguscio,Solsonica,,,,,IT,,,,,,,,,noisanmichele@gmail.com,,3934879194340,3934879194340,,,,,,Italia,,,,,,,,,,,,,,,,,,,,GUEST,FREE,,0,18/06/2026,FREDDO,,
SIC02622,2622,PERSONA,81LEAD|EmailMirco,BigMat,Soluzioni Edili,,,,,IT,,,,,,,,,info@soluzioniedili.eu,,3904572000220,3904572000220,,,,,,Italia,,,,,,,,,,,,,,,,,,,,GUEST,FREE,,0,18/06/2026,FREDDO,,
SIC02623,2623,PERSONA,81LEAD|ContattiMirco|EmailMirco|Labotecnic1|Labotecnic2,Miki,Soncin,,,,,IT,,,,,,,,,info@chioggia-immobiliare.it,,3932863812300,3932863812300,,,,,,Italia,,,,,,,,,,,,,,,,,,,,GUEST,FREE,,0,18/06/2026,FREDDO,,
SIC02624,2624,PERSONA,81LEAD|ContattiMirco|EmailMirco,Francesco,Soncini,,,,,IT,,,,,,,,,soncini.francesco@alice.it,,3932839191970,3932839191970,,,,,,Italia,,,,,,,,,,,,,,,,,,,,GUEST,FREE,,0,18/06/2026,FREDDO,,
SIC02625,2625,PERSONA,81LEAD|ContattiMirco|EmailMirco|Labotecnic1|Labotecnic2,Pressendo,Sonia,,,,,IT,,,,,,,,,pressendo.sonia@gmail.com,,3934907342700,3934907342700,,,,,,Italia,,,,,,,,,,,,,,,,,,,,GUEST,FREE,,0,18/06/2026,FREDDO,,
SIC02626,2626,PERSONA,81LEAD|ContattiMirco|Labotecnic1|Labotecnic2,Radice,Sonora,,,,,IT,,,,,,,,,radice.sonora@libero.it,,,,,,,,,Italia,,,,,,,,,,,,,,,,,,,,GUEST,FREE,,0,18/06/2026,FREDDO,,
SIC02627,2627,PERSONA,81LEAD|ContattiMirco|EmailMirco|Labotecnic1|Labotecnic2,Angelina,Soravia,,,,,IT,,,,,,,,,angelina.soravia@gmail.com,,,,,,,,,Italia,,,,,,,,,,,,,,,,,,,,GUEST,FREE,,0,18/06/2026,FREDDO,,
SIC02628,2628,PERSONA,81LEAD|EmailMirco,Botti,Sperandio Materiali Edili,,,,,IT,,,,,,,,,info@bottisperandio.it,,390308817540,390308817540,,,,,,Italia,,,,,,,,,,,,,,,,,,,,GUEST,FREE,,0,18/06/2026,FREDDO,,
SIC02629,2629,PERSONA,81LEAD|ContattiMirco|EmailMirco|Labotecnic1|Labotecnic2,Martina,Speri,,,,,IT,,,,,,,,,martina.speri@sacrocuore.it,,3933458517040,3933458517040,,,,,,Italia,,,,,,,,,,,,,,,,,,,,GUEST,FREE,,0,18/06/2026,FREDDO,,
SIC02630,2630,PERSONA,81LEAD|ContattiMirco|EmailMirco|Labotecnic1|Labotecnic2,Diesis,Spettacoli,,,,,IT,,,,,,,,,macondospettacoli@libero.it,,3934727640810,3934727640810,,,,,,Italia,,,,,,,,,,,,,,,,,,,,GUEST,FREE,,0,18/06/2026,FREDDO,,
SIC02631,2631,PERSONA,81LEAD|ContattiMirco|EmailMirco|Labotecnic1|Labotecnic2,Mluisa,Spezzati,,,,,IT,,,,,,,,,mluisa.spezzati@gmail.com,,,,,,,,,Italia,,,,,,,,,,,,,,,,,,,,GUEST,FREE,,0,18/06/2026,FREDDO,,
SIC02632,2632,PERSONA,81LEAD|ContattiMirco|EmailMirco|Labotecnic1|Labotecnic2,Monica,Spiga79,,,,,IT,,,,,,,,,monica.spiga79@gmail.com,,,,,,,,,Italia,,,,,,,,,,,,,,,,,,,,GUEST,FREE,,0,18/06/2026,FREDDO,,
SIC02633,2633,PERSONA,81LEAD|ContattiMirco|EmailMirco|Labotecnic1|Labotecnic2,Chiara,Spinello,,,,,IT,,,,,,,,,chiara.spinello@alice.it,,3934768528310,3934768528310,,,,,,Italia,,,,,,,,,,,,,,,,,,,,GUEST,FREE,,0,18/06/2026,FREDDO,,
SIC02634,2634,PERSONA,81LEAD|ContattiMirco|EmailMirco|Labotecnic1|Labotecnic2,Valeria,Spoladori,,,,,IT,,,,,,,,,valeria.spoladori@studioagm.eu,,,,,,,,,Italia,,,,,,,,,,,,,,,,,,,,GUEST,FREE,,0,18/06/2026,FREDDO,,
SIC02635,2635,PERSONA,81LEAD|ContattiMirco|EmailMirco|Labotecnic1|Labotecnic2,Mariangela,Spolaor,,,,,IT,,,,,,,,,mariangela.spolaor@confve.it,,39346333652500,39346333652500,,,,,,Italia,,,,,,,,,,,,,,,,,,,,GUEST,FREE,,0,18/06/2026,FREDDO,,
SIC02636,2636,PERSONA,81LEAD|ContattiMirco|EmailMirco|Labotecnic1|Labotecnic2,Gerardo,Stefan,,,,,IT,,,,,,,,,gerardo.stefan@libero.it,,,,,,,,,Italia,,,,,,,,,,,,,,,,,,,,GUEST,FREE,,0,18/06/2026,FREDDO,,
SIC02637,2637,PERSONA,81LEAD|ContattiMirco|EmailMirco|Labotecnic1|Labotecnic2,Morello,Stefania,,,,,IT,,,,,,,,,stefania.morello@venetica.org,,3939298809220,3939298809220,,,,,,Italia,,,,,,,,,,,,,,,,,,,,GUEST,FREE,,0,18/06/2026,FREDDO,,
SIC02638,2638,PERSONA,81LEAD|ContattiMirco|EmailMirco|Labotecnic1|Labotecnic2,Balbo,Stefano,,,,,IT,,,,,,,,,balbo.stefano@alice.it,,3933816269220,3933816269220,,,,,,Italia,,,,,,,,,,,,,,,,,,,,GUEST,FREE,,0,18/06/2026,FREDDO,,
SIC02639,2639,PERSONA,81LEAD|ContattiMirco|EmailMirco|Labotecnic1|Labotecnic2,Gelindo,Stoppa,,,,,IT,,,,,,,,,gelindo.stoppa@alice.it,,,,,,,,,Italia,,,,,,,,,,,,,,,,,,,,GUEST,FREE,,0,18/06/2026,FREDDO,,
SIC02640,2640,PERSONA,81LEAD|ContattiMirco|EmailMirco|Labotecnic1|Labotecnic2,Michela_tassotti,Stoppa,,,,,IT,,,,,,,,,michela_tassotti@yahoo.it,,39347957194100,39347957194100,,,,,,Italia,,,,,,,,,,,,,,,,,,,,GUEST,FREE,,0,18/06/2026,FREDDO,,
SIC02641,2641,PERSONA,81LEAD|ContattiMirco|EmailMirco,Andrea,Subito,,,,,IT,,,,,,,,,utente-mftgpv5qi@messaggi.subito.it,,3939208889340,3939208889340,,,,,,Italia,,,,,,,,,,,,,,,,,,,,GUEST,FREE,,0,18/06/2026,FREDDO,,
SIC02642,2642,PERSONA,81LEAD|ContattiMirco|EmailMirco,Nicola,Subito,,,,,IT,,,,,,,,,utente-nvifgh2rj@messaggi.subito.it,,347725077100,347725077100,,,,,,Italia,,,,,,,,,,,,,,,,,,,,GUEST,FREE,,0,18/06/2026,FREDDO,,
SIC02643,2643,PERSONA,81LEAD|ContattiMirco|EmailMirco,Emily,Sun,,,,,IT,,,,,,,,,emily@yeehaw3d.com,,3934509129540,3934509129540,,,,,,Italia,,,,,,,,,,,,,,,,,,,,GUEST,FREE,,0,18/06/2026,FREDDO,,
SIC02644,2644,PERSONA,81LEAD|ContattiMirco|EmailMirco|Labotecnic1|Labotecnic2,Franz,Suono,,,,,IT,,,,,,,,,franz.suono@gmail.com,,,,,,,,,Italia,,,,,,,,,,,,,,,,,,,,GUEST,FREE,,0,18/06/2026,FREDDO,,
SIC02645,2645,PERSONA,81LEAD|ContattiMirco|EmailMirco,It,Support,,,,,IT,,,,,,,,,it.support@lyconet.com,,,,,,,,,Italia,,,,,,,,,,,,,,,,,,,,GUEST,FREE,,0,18/06/2026,FREDDO,,
SIC02646,2646,PERSONA,81LEAD|ContattiMirco|EmailMirco,Piattaforma,Sv,,,,,IT,,,,,,,,,piattaforma.sv@gmail.com,,3933512954320,3933512954320,,,,,,Italia,,,,,,,,,,,,,,,,,,,,GUEST,FREE,,0,18/06/2026,FREDDO,,
SIC02647,2647,PERSONA,81LEAD|ContattiMirco|EmailMirco|Labotecnic1|Labotecnic2,Varagnolosara94,Sv,,,,,IT,,,,,,,,,varagnolosara94.sv@gmail.com,,3933953507440,3933953507440,,,,,,Italia,,,,,,,,,,,,,,,,,,,,GUEST,FREE,,0,18/06/2026,FREDDO,,
SIC02648,2648,PERSONA,81LEAD|ContattiMirco|Labotecnic1|Labotecnic2,Nicola,Svaizer,,,,,IT,,,,,,,,,nicola.svaizer@jlbbooks.it,,3933947008670,3933947008670,,,,,,Italia,,,,,,,,,,,,,,,,,,,,GUEST,FREE,,0,18/06/2026,FREDDO,,
SIC02649,2649,PERSONA,81LEAD|ContattiMirco|EmailMirco,Dret,System,,,,,IT,,,,,,,,,info@dretsystem.com,,3938843320060,3938843320060,,,,,,Italia,,,,,,,,,,,,,,,,,,,,GUEST,FREE,,0,18/06/2026,FREDDO,,
SIC02650,2650,PERSONA,81LEAD|ContattiMirco|EmailMirco|Labotecnic1|Labotecnic2,Power,System,,,,,IT,,,,,,,,,powersystem.gm@gmail.com,,39349135240600,39349135240600,,,,,,Italia,,,,,,,,,,,,,,,,,,,,GUEST,FREE,,0,18/06/2026,FREDDO,,
SIC02651,2651,PERSONA,81LEAD|ContattiMirco|EmailMirco,Pubbly,System,,,,,IT,,,,,,,,,info@pubblysystem.it,,,,,,,,,Italia,,,,,,,,,,,,,,,,,,,,GUEST,FREE,,0,18/06/2026,FREDDO,,
SIC02652,2652,PERSONA,81LEAD|ContattiMirco|EmailMirco|Labotecnic1|Labotecnic2,GENERTEL,TRIESTE,,,,,IT,,,,,,,,,richiestainfo@genertel.it,,,,,,,,,Italia,,,,,,,,,,,,,,,,,,,,GUEST,FREE,,0,18/06/2026,FREDDO,,
SIC02653,2653,PERSONA,81LEAD|ContattiMirco|EmailMirco,Dalila,Tacchetto,,,,,IT,,,,,,,,,dalila.tacchetto@tntitaly.it,,,,,,,,,Italia,,,,,,,,,,,,,,,,,,,,GUEST,FREE,,0,18/06/2026,FREDDO,,
SIC02654,2654,PERSONA,EmailMirco,Biomarket,Talamona,,,,,IT,,,,,,,,,info@biomarketsrl.com,,,,,,,,,Italia,,,,,,,,,,,,,,,,,,,,GUEST,FREE,,0,18/06/2026,FREDDO,,
SIC02655,2655,PERSONA,81LEAD|ContattiMirco|EmailMirco|Labotecnic1|Labotecnic2,Deina,Taloni,,,,,IT,,,,,,,,,deina.taloni@gmail.com,,,,,,,,,Italia,,,,,,,,,,,,,,,,,,,,GUEST,FREE,,0,18/06/2026,FREDDO,,
SIC02656,2656,PERSONA,81LEAD|ContattiMirco|EmailMirco|Labotecnic1|Labotecnic2,Arch,Tamburin,,,,,IT,,,,,,,,,archtamburin@libero.it,,39042619006170,39042619006170,,,,,,Italia,,,,,,,,,,,,,,,,,,,,GUEST,FREE,,0,18/06/2026,FREDDO,,
SIC02657,2657,PERSONA,81LEAD|ContattiMirco|EmailMirco|Labotecnic1|Labotecnic2,Isabellatammaro,Tammaro,,,,,IT,,,,,,,,,isabellatammaro@gmail.com,,3934701441140,3934701441140,,,,,,Italia,,,,,,,,,,,,,,,,,,,,GUEST,FREE,,0,18/06/2026,FREDDO,,
SIC02658,2658,PERSONA,81LEAD|ContattiMirco|EmailMirco|Labotecnic1|Labotecnic2,Roberto,Targa,,,,,IT,,,,,,,,,roberto.targa@alice.it,,3933357470250,3933357470250,,,,,,Italia,,,,,,,,,,,,,,,,,,,,GUEST,FREE,,0,18/06/2026,FREDDO,,
SIC02659,2659,PERSONA,81LEAD|ContattiMirco|EmailMirco|Labotecnic1|Labotecnic2,Michele,Tarroni,,,,,IT,,,,,,,,,michele@cpmshop.it,,3933318945580,3933318945580,,,,,,Italia,,,,,,,,,,,,,,,,,,,,GUEST,FREE,,0,18/06/2026,FREDDO,,
SIC02660,2660,PERSONA,81LEAD|ContattiMirco|Labotecnic1|Labotecnic2,Giulio,Tartuferi elettricista,,,,,IT,,,,,,,,,amministrazione@caspita.biz,,,,,,,,,Italia,,,,,,,,,,,,,,,,,,,,GUEST,FREE,,0,18/06/2026,FREDDO,,
SIC02661,2661,PERSONA,81LEAD|ContattiMirco|EmailMirco|Labotecnic1|Labotecnic2,Giorgia,Tasso,,,,,IT,,,,,,,,,giorgia.tasso@alice.it,,,,,,,,,Italia,,,,,,,,,,,,,,,,,,,,GUEST,FREE,,0,18/06/2026,FREDDO,,
SIC02662,2662,PERSONA,81LEAD|ContattiMirco|EmailMirco|Labotecnic1|Labotecnic2,Cl,Tassone,,,,,IT,,,,,,,,,cl.tassone@gmail.com,,,,,,,,,Italia,,,,,,,,,,,,,,,,,,,,GUEST,FREE,,0,18/06/2026,FREDDO,,
SIC02663,2663,PERSONA,81LEAD|ContattiMirco|EmailMirco|Labotecnic1|Labotecnic2,Brina,Tatiana,,,,,IT,,,,,,,,,brina.tatiana@gmail.com,,,,,,,,,Italia,,,,,,,,,,,,,,,,,,,,GUEST,FREE,,0,18/06/2026,FREDDO,,
SIC02664,2664,PERSONA,EmailMirco|Labotecnic1|Labotecnic2,Bury,Tattoo Marco Pregnolato,,,,,IT,,,,,,,,,marco.buriolo@libero.it,,,,,,,,,Italia,,,,,,,,,,,,,,,,,,,,GUEST,FREE,,0,18/06/2026,FREDDO,,
SIC02665,2665,PERSONA,81LEAD|ContattiMirco|EmailMirco,Hyperfund,Team,,,,,IT,,,,,,,,,compliance@thehyperfund.com,,329246492100,329246492100,,,,,,Italia,,,,,,,,,,,,,,,,,,,,GUEST,FREE,,0,18/06/2026,FREDDO,,
SIC02666,2666,PERSONA,81LEAD|EmailMirco,T.A.T.,Tecno Assistenza Trentina,,,,,IT,,,,,,,,,info@tecnoassistenzatrentina.it,,3904618222780,3904618222780,,,,,,Italia,,,,,,,,,,,,,,,,,,,,GUEST,FREE,,0,18/06/2026,FREDDO,,
SIC02667,2667,PERSONA,81LEAD|ContattiMirco|EmailMirco|Labotecnic1|Labotecnic2,Stenaglia,Tenaglia,,,,,IT,,,,,,,,,stenaglia@remax.it,,3933581564680,3933581564680,,,,,,Italia,,,,,,,,,,,,,,,,,,,,GUEST,FREE,,0,18/06/2026,FREDDO,,
SIC02668,2668,PERSONA,81LEAD|EmailMirco,Domus,Tende,,,,,IT,,,,,,,,,info@domustende.it,,390666894560,390666894560,,,,,,Italia,,,,,,,,,,,,,,,,,,,,GUEST,FREE,,0,18/06/2026,FREDDO,,
SIC02669,2669,PERSONA,81LEAD|ContattiMirco|EmailMirco|Labotecnic1|Labotecnic2,P,Teramo51,,,,,IT,,,,,,,,,p.teramo51@gmail.com,,,,,,,,,Italia,,,,,,,,,,,,,,,,,,,,GUEST,FREE,,0,18/06/2026,FREDDO,,
SIC02670,2670,PERSONA,81LEAD|ContattiMirco|EmailMirco,Faasema,Teryima,,,,,IT,,,,,,,,,samabrahamsnigltd@yahoo.com,,333445999400,333445999400,,,,,,Italia,,,,,,,,,,,,,,,,,,,,GUEST,FREE,,0,18/06/2026,FREDDO,,
SIC02671,2671,PERSONA,81LEAD|ContattiMirco|EmailMirco,Debora,Terzi,,,,,IT,,,,,,,,,debora.terzi@gmail.com,,39338689608600,39338689608600,,,,,,Italia,,,,,,,,,,,,,,,,,,,,GUEST,FREE,,0,18/06/2026,FREDDO,,
SIC02672,2672,PERSONA,81LEAD|EmailMirco,Il,Tetto,,,,,IT,,,,,,,,,iltettocasesnc@gmail.com,,3904639732300,3904639732300,,,,,,Italia,,,,,,,,,,,,,,,,,,,,GUEST,FREE,,0,18/06/2026,FREDDO,,
SIC02673,2673,PERSONA,81LEAD|ContattiMirco|EmailMirco,Giosga,Tiengo,,,,,IT,,,,,,,,,giosga77@yahoo.it,,3934748435090,3934748435090,,,,,,Italia,,,,,,,,,,,,,,,,,,,,GUEST,FREE,,0,18/06/2026,FREDDO,,
SIC02674,2674,PERSONA,81LEAD|ContattiMirco|EmailMirco,Sara,Tiozzo,,,,,IT,,,,,,,,,sara.tiozzo@attivamenteonlus.it,,3935196463020,3935196463020,,,,,,Italia,,,,,,,,,,,,,,,,,,,,GUEST,FREE,,0,18/06/2026,FREDDO,,
SIC02675,2675,PERSONA,81LEAD|ContattiMirco|EmailMirco|Labotecnic1|Labotecnic2,Davide,Tiozzo1,,,,,IT,,,,,,,,,davide.tiozzo1@libero.it,,3934685500010,3934685500010,,,,,,Italia,,,,,,,,,,,,,,,,,,,,GUEST,FREE,,0,18/06/2026,FREDDO,,
SIC02676,2676,PERSONA,81LEAD|ContattiMirco|EmailMirco,Fatture,Tipog,,,,,IT,,,,,,,,,fatture@credimi.com,,39347963721200,39347963721200,,,,,,Italia,,,,,,,,,,,,,,,,,,,,GUEST,FREE,,0,18/06/2026,FREDDO,,
SIC02677,2677,PERSONA,81LEAD|ContattiMirco|EmailMirco|Labotecnic1|Labotecnic2,Bacci,Tiziana,,,,,IT,,,,,,,,,bacci.tiziana@gmail.com,,,,,,,,,Italia,,,,,,,,,,,,,,,,,,,,GUEST,FREE,,0,18/06/2026,FREDDO,,
SIC02678,2678,PERSONA,81LEAD|ContattiMirco|EmailMirco|Labotecnic1|Labotecnic2,Daniele,Tiziano,,,,,IT,,,,,,,,,daniele.tiziano@alice.it,,3933372547550,3933372547550,,,,,,Italia,,,,,,,,,,,,,,,,,,,,GUEST,FREE,,0,18/06/2026,FREDDO,,
SIC02679,2679,PERSONA,81LEAD|ContattiMirco|EmailMirco|Labotecnic1|Labotecnic2,Antonio,Tizzani,,,,,IT,,,,,,,,,antonio.tizzani@libero.it,,3932805532200,3932805532200,,,,,,Italia,,,,,,,,,,,,,,,,,,,,GUEST,FREE,,0,18/06/2026,FREDDO,,
SIC02680,2680,PERSONA,81LEAD|ContattiMirco|EmailMirco,Amministrazione,Tizè,,,,,IT,,,,,,,,,amministrazione@tize.it,,,,,,,,,Italia,,,,,,,,,,,,,,,,,,,,GUEST,FREE,,0,18/06/2026,FREDDO,,
SIC02681,2681,PERSONA,81LEAD|ContattiMirco|EmailMirco|Labotecnic1|Labotecnic2,Samantha,To,,,,,IT,,,,,,,,,samantha.to@alice.it,,,,,,,,,Italia,,,,,,,,,,,,,,,,,,,,GUEST,FREE,,0,18/06/2026,FREDDO,,
SIC02682,2682,PERSONA,81LEAD|ContattiMirco|EmailMirco,Refund,Token,,,,,IT,,,,,,,,,refundhypertoken@secretary.net,,339194708100,339194708100,,,,,,Italia,,,,,,,,,,,,,,,,,,,,GUEST,FREE,,0,18/06/2026,FREDDO,,
SIC02683,2683,PERSONA,81LEAD|ContattiMirco|EmailMirco|Labotecnic1|Labotecnic2,Arch,Tomassettipaolo,,,,,IT,,,,,,,,,arch.tomassettipaolo@gmail.com,,,,,,,,,Italia,,,,,,,,,,,,,,,,,,,,GUEST,FREE,,0,18/06/2026,FREDDO,,
SIC02684,2684,PERSONA,81LEAD|ContattiMirco|EmailMirco|Labotecnic1|Labotecnic2,Dav,Tone,,,,,IT,,,,,,,,,dav.tone@alice.it,,,,,,,,,Italia,,,,,,,,,,,,,,,,,,,,GUEST,FREE,,0,18/06/2026,FREDDO,,
SIC02685,2685,PERSONA,81LEAD|EmailMirco,Roberto,Tortello,,,,,IT,,,,,,,,,tortello1tortelloroberto@gmail.com,,,,,,,,,Italia,,,,,,,,,,,,,,,,,,,,GUEST,FREE,,0,18/06/2026,FREDDO,,
SIC02686,2686,PERSONA,81LEAD|ContattiMirco|EmailMirco,Sandro,Tortello,,,,,IT,,,,,,,,,sandrotortello@gmail.com,,3932848293180,3932848293180,,,,,,Italia,,,,,,,,,,,,,,,,,,,,GUEST,FREE,,0,18/06/2026,FREDDO,,
SIC02687,2687,PERSONA,81LEAD|ContattiMirco|EmailMirco|Labotecnic1|Labotecnic2,Touchwindows,Touchwindows,,,,,IT,,,,,,,,,info@touchwindow.it,,,,,,,,,Italia,,,,,,,,,,,,,,,,,,,,GUEST,FREE,,0,18/06/2026,FREDDO,,
SIC02688,2688,PERSONA,81LEAD|ContattiMirco|EmailMirco|Labotecnic1|Labotecnic2,Touchwindows,Touchwindows,,,,,IT,,,,,,,,,amministrazione@touchwindow.it,,,,,,,,,Italia,,,,,,,,,,,,,,,,,,,,GUEST,FREE,,0,18/06/2026,FREDDO,,
SIC02689,2689,PERSONA,81LEAD|ContattiMirco|EmailMirco|Labotecnic1|Labotecnic2,Touchwindows,Touchwindows,,,,,IT,,,,,,,,,services@touchwindow.it,,,,,,,,,Italia,,,,,,,,,,,,,,,,,,,,GUEST,FREE,,0,18/06/2026,FREDDO,,
SIC02690,2690,PERSONA,81LEAD|ContattiMirco|EmailMirco,Mestaghanmimed,Tra,,,,,IT,,,,,,,,,mestaghanmimed.tra@gmail.com,,,,,,,,,Italia,,,,,,,,,,,,,,,,,,,,GUEST,FREE,,0,18/06/2026,FREDDO,,
SIC02691,2691,PERSONA,81LEAD|ContattiMirco,Giacomotrabalzini,Trabalzini,,,,,IT,,,,,,,,,giacomotrabalzini@hotmail.com,,3935182903770,3935182903770,,,,,,Italia,,,,,,,,,,,,,,,,,,,,GUEST,FREE,,0,18/06/2026,FREDDO,,
SIC02692,2692,PERSONA,81LEAD|EmailMirco,Profilgessi,Trapani,,,,,IT,,,,,,,,,luminatenetworks@gmail.com,,390923226690,390923226690,,,,,,Italia,,,,,,,,,,,,,,,,,,,,GUEST,FREE,,0,18/06/2026,FREDDO,,
SIC02693,2693,PERSONA,81LEAD|ContattiMirco|EmailMirco|Labotecnic1|Labotecnic2,Olmes,Trapella,,,,,IT,,,,,,,,,olmes.trapella@libero.it,,,,,,,,,Italia,,,,,,,,,,,,,,,,,,,,GUEST,FREE,,0,18/06/2026,FREDDO,,
SIC02694,2694,PERSONA,81LEAD|ContattiMirco|EmailMirco,Pepa,Trasporti,,,,,IT,,,,,,,,,m.pepa@pepatrasporti.it,,,,,,,,,Italia,,,,,,,,,,,,,,,,,,,,GUEST,FREE,,0,18/06/2026,FREDDO,,
SIC02695,2695,PERSONA,81LEAD|ContattiMirco|EmailMirco|Labotecnic1|Labotecnic2,Pam,Trentin,,,,,IT,,,,,,,,,pam.trentin@live.it,,,,,,,,,Italia,,,,,,,,,,,,,,,,,,,,GUEST,FREE,,0,18/06/2026,FREDDO,,
SIC02696,2696,PERSONA,81LEAD|EmailMirco,OBI,Trento,,,,,IT,,,,,,,,,fabio.fiani@obi-italia.it,,3904614202940,3904614202940,,,,,,Italia,,,,,,,,,,,,,,,,,,,,GUEST,FREE,,0,18/06/2026,FREDDO,,
SIC02697,2697,PERSONA,81LEAD|ContattiMirco|EmailMirco,Mister,Trevi,,,,,IT,,,,,,,,,mister.trevi@libero.it,,3933387928620,3933387928620,,,,,,Italia,,,,,,,,,,,,,,,,,,,,GUEST,FREE,,0,18/06/2026,FREDDO,,
SIC02698,2698,PERSONA,81LEAD|ContattiMirco|EmailMirco|Labotecnic1|Labotecnic2,M,Trombetti,,,,,IT,,,,,,,,,m.trombetti@libero.it,,,,,,,,,Italia,,,,,,,,,,,,,,,,,,,,GUEST,FREE,,0,18/06/2026,FREDDO,,
SIC02699,2699,PERSONA,81LEAD|ContattiMirco|EmailMirco,Giacomo,Trombini,,,,,IT,,,,,,,,,giacomo.trombini@virgilio.it,,,,,,,,,Italia,,,,,,,,,,,,,,,,,,,,GUEST,FREE,,0,18/06/2026,FREDDO,,
SIC02700,2700,PERSONA,81LEAD|ContattiMirco|EmailMirco|Labotecnic1|Labotecnic2,Carmelotudisco54,Tudisco,,,,,IT,,,,,,,,,carmelotudisco54@gmail.com,,,,,,,,,Italia,,,,,,,,,,,,,,,,,,,,GUEST,FREE,,0,18/06/2026,FREDDO,,
SIC02701,2701,PERSONA,81LEAD|ContattiMirco|EmailMirco|Labotecnic1|Labotecnic2,Fabio,Turcatel,,,,,IT,,,,,,,,,fabio.turcatel@tecnolines.it,,3934943546990,3934943546990,,,,,,Italia,,,,,,,,,,,,,,,,,,,,GUEST,FREE,,0,18/06/2026,FREDDO,,
SIC02702,2702,PERSONA,81LEAD|EmailMirco,Gigi,Turla,,,,,IT,,,,,,,,,gigiturla@gmail.com,,,,,,,,,Italia,,,,,,,,,,,,,,,,,,,,GUEST,FREE,,0,18/06/2026,FREDDO,,
SIC02703,2703,PERSONA,81LEAD|ContattiMirco|EmailMirco,Sgsprogetti,Tv,,,,,IT,,,,,,,,,sgsprogetti.tv@gmail.com,,3933328732700,3933328732700,,,,,,Italia,,,,,,,,,,,,,,,,,,,,GUEST,FREE,,0,18/06/2026,FREDDO,,
SIC02704,2704,PERSONA,81LEAD|ContattiMirco|EmailMirco|Labotecnic1|Labotecnic2,Calcio,UISP,,,,,IT,,,,,,,,,calcio.rovigo@uisp.it,,,,,,,,,Italia,,,,,,,,,,,,,,,,,,,,GUEST,FREE,,0,18/06/2026,FREDDO,,
SIC02705,2705,PERSONA,81LEAD|ContattiMirco|EmailMirco,Rovigo,UISP,,,,,IT,,,,,,,,,rovigo@uisp.it,,,,,,,,,Italia,,,,,,,,,,,,,,,,,,,,GUEST,FREE,,0,18/06/2026,FREDDO,,
SIC02706,2706,PERSONA,81LEAD|ContattiMirco|EmailMirco|Labotecnic1|Labotecnic2,Mazza,Ugo,,,,,IT,,,,,,,,,mazzaugo61@gmail.com,,,,,,,,,Italia,,,,,,,,,,,,,,,,,,,,GUEST,FREE,,0,18/06/2026,FREDDO,,
SIC02707,2707,PERSONA,81LEAD|ContattiMirco|EmailMirco|Labotecnic1|Labotecnic2,Claudio,Unimetal,,,,,IT,,,,,,,,,claudio.unimetal@alice.it,,3932866684660,3932866684660,,,,,,Italia,,,,,,,,,,,,,,,,,,,,GUEST,FREE,,0,18/06/2026,FREDDO,,
SIC02708,2708,PERSONA,81LEAD|ContattiMirco|Labotecnic1|Labotecnic2,Jon,Uriarte,,,,,IT,,,,,,,,,preorder@onean.com,,346345557780,346345557780,,,,,,Italia,,,,,,,,,,,,,,,,,,,,GUEST,FREE,,0,18/06/2026,FREDDO,,
SIC02709,2709,PERSONA,81LEAD|ContattiMirco|EmailMirco,Jon,Uriarte,,,,,IT,,,,,,,,,j.uriarte@aquilasurf.com,,346345557780,346345557780,,,,,,Italia,,,,,,,,,,,,,,,,,,,,GUEST,FREE,,0,18/06/2026,FREDDO,,
SIC02710,2710,PERSONA,81LEAD|ContattiMirco|EmailMirco|Labotecnic1|Labotecnic2,Jon,Uriarte,,,,,IT,,,,,,,,,j.uriarte@onean.com,,346345557780,346345557780,,,,,,Italia,,,,,,,,,,,,,,,,,,,,GUEST,FREE,,0,18/06/2026,FREDDO,,
SIC02711,2711,PERSONA,81LEAD|ContattiMirco|EmailMirco|Labotecnic1|Labotecnic2,Darievalentin79,Valentin,,,,,IT,,,,,,,,,darievalentin79@gmail.com,,,,,,,,,Italia,,,,,,,,,,,,,,,,,,,,GUEST,FREE,,0,18/06/2026,FREDDO,,
SIC02712,2712,PERSONA,81LEAD,Avv,Valentinavalenti,,,,,IT,,,,,,,,,avv.valentinavalenti@barzazi.com,,,,,,,,,Italia,,,,,,,,,,,,,,,,,,,,GUEST,FREE,,0,18/06/2026,FREDDO,,
SIC02713,2713,PERSONA,81LEAD|ContattiMirco|EmailMirco|Labotecnic1|Labotecnic2,Diego,Valentini,,,,,IT,,,,,,,,,diego.valentini@libero.it,,3933577399420,3933577399420,,,,,,Italia,,,,,,,,,,,,,,,,,,,,GUEST,FREE,,0,18/06/2026,FREDDO,,
SIC02714,2714,PERSONA,81LEAD|ContattiMirco|EmailMirco|Labotecnic1|Labotecnic2,Vincenzo,Valenza,,,,,IT,,,,,,,,,vincenzo.valenza@hotmail.it,,,,,,,,,Italia,,,,,,,,,,,,,,,,,,,,GUEST,FREE,,0,18/06/2026,FREDDO,,
SIC02715,2715,PERSONA,81LEAD|ContattiMirco|EmailMirco|Labotecnic1|Labotecnic2,Zaniboni,Valeria,,,,,IT,,,,,,,,,zaniboni.valeria@gmail.com,,,,,,,,,Italia,,,,,,,,,,,,,,,,,,,,GUEST,FREE,,0,18/06/2026,FREDDO,,
SIC02716,2716,PERSONA,81LEAD|ContattiMirco|EmailMirco|Labotecnic1|Labotecnic2,Pelizzo,Valerio,,,,,IT,,,,,,,,,pelizzo.valerio@gmail.com,,3933825433610,3933825433610,,,,,,Italia,,,,,,,,,,,,,,,,,,,,GUEST,FREE,,0,18/06/2026,FREDDO,,
SIC02717,2717,PERSONA,81LEAD|ContattiMirco|EmailMirco|Labotecnic1|Labotecnic2,Fuad,Vand,,,,,IT,,,,,,,,,fuad.vand@gmail.com,,,,,,,,,Italia,,,,,,,,,,,,,,,,,,,,GUEST,FREE,,0,18/06/2026,FREDDO,,
SIC02718,2718,PERSONA,81LEAD|ContattiMirco|EmailMirco|Labotecnic1|Labotecnic2,F,Vanzelli,,,,,IT,,,,,,,,,f.vanzelli@synergysystem.it,,,,,,,,,Italia,,,,,,,,,,,,,,,,,,,,GUEST,FREE,,0,18/06/2026,FREDDO,,
SIC02719,2719,PERSONA,81LEAD|EmailMirco,Ponteggi,Veloci | Noleggio-Montaggio-Smontaggio,,,,,IT,,,,,,,,,ponteggiveloci@gmail.com,,3905725085200,3905725085200,,,,,,Italia,,,,,,,,,,,,,,,,,,,,GUEST,FREE,,0,18/06/2026,FREDDO,,
SIC02720,2720,PERSONA,81LEAD|ContattiMirco|EmailMirco,Alice,Vendemiati,,,,,IT,,,,,,,,,alice.vendemiati@gmail.com,,39333415210600,39333415210600,,,,,,Italia,,,,,,,,,,,,,,,,,,,,GUEST,FREE,,0,18/06/2026,FREDDO,,
SIC02721,2721,PERSONA,81LEAD|ContattiMirco|EmailMirco|Labotecnic1|Labotecnic2,Rinodj,Vendemiati,,,,,IT,,,,,,,,,rinodj.vendemiati@gmail.com,,,,,,,,,Italia,,,,,,,,,,,,,,,,,,,,GUEST,FREE,,0,18/06/2026,FREDDO,,
SIC02722,2722,PERSONA,81LEAD|ContattiMirco|EmailMirco,Daniele,Vendramin,,,,,IT,,,,,,,,,daniele.vendramin@gmail.com,,,,,,,,,Italia,,,,,,,,,,,,,,,,,,,,GUEST,FREE,,0,18/06/2026,FREDDO,,
SIC02723,2723,PERSONA,81LEAD|ContattiMirco|EmailMirco|Labotecnic1|Labotecnic2,Marina,Venegoni,,,,,IT,,,,,,,,,marina.venegoni@libero.it,,39347382998100,39347382998100,,,,,,Italia,,,,,,,,,,,,,,,,,,,,GUEST,FREE,,0,18/06/2026,FREDDO,,
SIC02724,2724,PERSONA,81LEAD|ContattiMirco|EmailMirco|Labotecnic1|Labotecnic2,Estetica,Venere miriam,,,,,IT,,,,,,,,,estetica.venere.miriam@gmail.com,,,,,,,,,Italia,,,,,,,,,,,,,,,,,,,,GUEST,FREE,,0,18/06/2026,FREDDO,,
SIC02725,2725,PERSONA,81LEAD|ContattiMirco|EmailMirco|Labotecnic1|Labotecnic2,Calcio,Veneto UISP,,,,,IT,,,,,,,,,calcio.veneto@uisp.it,,3240614600,3240614600,,,,,,Italia,,,,,,,,,,,,,,,,,,,,GUEST,FREE,,0,18/06/2026,FREDDO,,
SIC02726,2726,PERSONA,81LEAD|ContattiMirco|EmailMirco,Edil,Venezia,,,,,IT,,,,,,,,,info@edilvenezia.it,,3934851637200,3934851637200,,,,,,Italia,,,,,,,,,,,,,,,,,,,,GUEST,FREE,,0,18/06/2026,FREDDO,,
SIC02727,2727,PERSONA,81LEAD|ContattiMirco|EmailMirco|Labotecnic1|Labotecnic2,Gd,Verniciature,,,,,IT,,,,,,,,,gd.verniciature@yahoo.it,,,,,,,,,Italia,,,,,,,,,,,,,,,,,,,,GUEST,FREE,,0,18/06/2026,FREDDO,,
SIC02728,2728,PERSONA,81LEAD|ContattiMirco|EmailMirco|Labotecnic1|Labotecnic2,Pier,Veron,,,,,IT,,,,,,,,,pier.veron@gmail.com,,,,,,,,,Italia,,,,,,,,,,,,,,,,,,,,GUEST,FREE,,0,18/06/2026,FREDDO,,
SIC02729,2729,PERSONA,81LEAD|ContattiMirco|EmailMirco|Labotecnic1|Labotecnic2,Fedeemi,Verona,,,,,IT,,,,,,,,,fedeemi@libero.it,,3932821745560,3932821745560,,,,,,Italia,,,,,,,,,,,,,,,,,,,,GUEST,FREE,,0,18/06/2026,FREDDO,,
SIC02730,2730,PERSONA,81LEAD|ContattiMirco|Labotecnic1|Labotecnic2,Barbara,Veronese,,,,,IT,,,,,,,,,barbara.veronese@enaip.veneto.it,,3934404821730,3934404821730,,,,,,Italia,,,,,,,,,,,,,,,,,,,,GUEST,FREE,,0,18/06/2026,FREDDO,,
SIC02731,2731,PERSONA,81LEAD|ContattiMirco|EmailMirco|Labotecnic1|Labotecnic2,Cristian,Veronese,,,,,IT,,,,,,,,,cristianveronese@hotmail.it,,3934799566240,3934799566240,,,,,,Italia,,,,,,,,,,,,,,,,,,,,GUEST,FREE,,0,18/06/2026,FREDDO,,
SIC02732,2732,PERSONA,81LEAD|ContattiMirco|EmailMirco|Labotecnic1|Labotecnic2,Ivan,Veronese,,,,,IT,,,,,,,,,ivan.veronese@alice.it,,39348823944800,39348823944800,,,,,,Italia,,,,,,,,,,,,,,,,,,,,GUEST,FREE,,0,18/06/2026,FREDDO,,
SIC02733,2733,PERSONA,81LEAD|ContattiMirco|EmailMirco|Labotecnic1|Labotecnic2,Tacu_v_nicoleta,Veronica,,,,,IT,,,,,,,,,tacu_v_nicoleta@libero.it,,,,,,,,,Italia,,,,,,,,,,,,,,,,,,,,GUEST,FREE,,0,18/06/2026,FREDDO,,
SIC02734,2734,PERSONA,81LEAD|ContattiMirco|EmailMirco|Labotecnic1|Labotecnic2,Katiuscia,Vertua,,,,,IT,,,,,,,,,katiuscia.vertua@simtree.it,,39349070452400,39349070452400,,,,,,Italia,,,,,,,,,,,,,,,,,,,,GUEST,FREE,,0,18/06/2026,FREDDO,,
SIC02735,2735,PERSONA,81LEAD|EmailMirco,Basile,Vetri,,,,,IT,,,,,,,,,info@basilevetri.com,,390958702240,390958702240,,,,,,Italia,,,,,,,,,,,,,,,,,,,,GUEST,FREE,,0,18/06/2026,FREDDO,,
SIC02736,2736,PERSONA,81LEAD|ContattiMirco|EmailMirco|Labotecnic1|Labotecnic2,Nico,Vettore,,,,,IT,,,,,,,,,nico.vettore@hotmail.it,,39349078172900,39349078172900,,,,,,Italia,,,,,,,,,,,,,,,,,,,,GUEST,FREE,,0,18/06/2026,FREDDO,,
SIC02737,2737,PERSONA,81LEAD|ContattiMirco|EmailMirco|Labotecnic1|Labotecnic2,Paolo,Vianello,,,,,IT,,,,,,,,,paolo.vianello@alice.it,,39348723626400,39348723626400,,,,,,Italia,,,,,,,,,,,,,,,,,,,,GUEST,FREE,,0,18/06/2026,FREDDO,,
SIC02738,2738,PERSONA,81LEAD|ContattiMirco|EmailMirco|Labotecnic1|Labotecnic2,Geom,Vicentini,,,,,IT,,,,,,,,,geom.vicentini@libero.it,,,,,,,,,Italia,,,,,,,,,,,,,,,,,,,,GUEST,FREE,,0,18/06/2026,FREDDO,,
SIC02739,2739,PERSONA,81LEAD|ContattiMirco|EmailMirco|Labotecnic1|Labotecnic2,Stefano,Video club ok,,,,,IT,,,,,,,,,stefano@essetiservice.com,,3934742193790,3934742193790,,,,,,Italia,,,,,,,,,,,,,,,,,,,,GUEST,FREE,,0,18/06/2026,FREDDO,,
SIC02740,2740,PERSONA,81LEAD|ContattiMirco|EmailMirco,Robipoltro57,Videoclub,,,,,IT,,,,,,,,,robipoltro57@gmail.com,,39389106016600,39389106016600,,,,,,Italia,,,,,,,,,,,,,,,,,,,,GUEST,FREE,,0,18/06/2026,FREDDO,,
SIC02741,2741,PERSONA,81LEAD|EmailMirco,C.,Viro,,,,,IT,,,,,,,,,cssportoviro@aulss5.veneto.it,,,,,,,,,Italia,,,,,,,,,,,,,,,,,,,,GUEST,FREE,,0,18/06/2026,FREDDO,,
SIC02742,2742,PERSONA,81LEAD|ContattiMirco|EmailMirco,Edil,Virruto,,,,,IT,,,,,,,,,info@edilvirruto.it,,3934849394490,3934849394490,,,,,,Italia,,,,,,,,,,,,,,,,,,,,GUEST,FREE,,0,18/06/2026,FREDDO,,
SIC02743,2743,PERSONA,81LEAD|ContattiMirco|EmailMirco,G,Visentin,,,,,IT,,,,,,,,,g.visentin@yahoo.it,,,,,,,,,Italia,,,,,,,,,,,,,,,,,,,,GUEST,FREE,,0,18/06/2026,FREDDO,,
SIC02744,2744,PERSONA,81LEAD|ContattiMirco|EmailMirco,Post,Vita,,,,,IT,,,,,,,,,postvenditavita@alleanza.it,,333335052400,333335052400,,,,,,Italia,,,,,,,,,,,,,,,,,,,,GUEST,FREE,,0,18/06/2026,FREDDO,,
SIC02745,2745,PERSONA,81LEAD|ContattiMirco|EmailMirco|Labotecnic1|Labotecnic2,F,Vitale,,,,,IT,,,,,,,,,f.vitale@sepsrl.com,,,,,,,,,Italia,,,,,,,,,,,,,,,,,,,,GUEST,FREE,,0,18/06/2026,FREDDO,,
SIC02746,2746,PERSONA,81LEAD|ContattiMirco|EmailMirco|Labotecnic1|Labotecnic2,Capitanjackpeenses,Vivaldi,,,,,IT,,,,,,,,,capitanjackpeenses@gmail.com,,3937101288800,3937101288800,,,,,,Italia,,,,,,,,,,,,,,,,,,,,GUEST,FREE,,0,18/06/2026,FREDDO,,
SIC02747,2747,PERSONA,81LEAD|ContattiMirco|EmailMirco|Labotecnic1|Labotecnic2,Leander,Vocaj,,,,,IT,,,,,,,,,leander.vocaj@yahoo.it,,,,,,,,,Italia,,,,,,,,,,,,,,,,,,,,GUEST,FREE,,0,18/06/2026,FREDDO,,
SIC02748,2748,PERSONA,81LEAD|ContattiMirco|EmailMirco|Labotecnic1|Labotecnic2,Enzo,Vollono,,,,,IT,,,,,,,,,enzo.vollono@gmail.com,,,,,,,,,Italia,,,,,,,,,,,,,,,,,,,,GUEST,FREE,,0,18/06/2026,FREDDO,,
SIC02749,2749,PERSONA,81LEAD|ContattiMirco|EmailMirco,Valeriovolpini5,Volpini,,,,,IT,,,,,,,,,valeriovolpini5@gmail.com,,3934598041520,3934598041520,,,,,,Italia,,,,,,,,,,,,,,,,,,,,GUEST,FREE,,0,18/06/2026,FREDDO,,
SIC02750,2750,PERSONA,81LEAD|ContattiMirco|EmailMirco|Labotecnic1|Labotecnic2,Mariangela,Voltarel,,,,,IT,,,,,,,,,mariangela.voltarel@alice.it,,39335752582100,39335752582100,,,,,,Italia,,,,,,,,,,,,,,,,,,,,GUEST,FREE,,0,18/06/2026,FREDDO,,
SIC02751,2751,PERSONA,81LEAD|ContattiMirco|EmailMirco|Labotecnic1|Labotecnic2,Concetta,Voltlina,,,,,IT,,,,,,,,,kosseimc@hotmail.com,,3934942911380,3934942911380,,,,,,Italia,,,,,,,,,,,,,,,,,,,,GUEST,FREE,,0,18/06/2026,FREDDO,,
SIC02752,2752,PERSONA,81LEAD|ContattiMirco|EmailMirco|Labotecnic1|Labotecnic2,Anna,Vy,,,,,IT,,,,,,,,,anna.vy@libero.it,,,,,,,,,Italia,,,,,,,,,,,,,,,,,,,,GUEST,FREE,,0,18/06/2026,FREDDO,,
SIC02753,2753,PERSONA,81LEAD|ContattiMirco|EmailMirco|Labotecnic1|Labotecnic2,Glen,White,,,,,IT,,,,,,,,,glen.white@libero.it,,,,,,,,,Italia,,,,,,,,,,,,,,,,,,,,GUEST,FREE,,0,18/06/2026,FREDDO,,
SIC02754,2754,PERSONA,81LEAD|EmailMirco,Luxury,Windows Italia,,,,,IT,,,,,,,,,gibus@luxurywindowsitalia.com,,390654118150,390654118150,,,,,,Italia,,,,,,,,,,,,,,,,,,,,GUEST,FREE,,0,18/06/2026,FREDDO,,
SIC02755,2755,PERSONA,81LEAD|ContattiMirco|Labotecnic1|Labotecnic2,Roberto,Zaccaro,,,,,IT,,,,,,,,,roberto.zaccaro@gmail.com,,3934822270920,3934822270920,,,,,,Italia,,,,,,,,,,,,,,,,,,,,GUEST,FREE,,0,18/06/2026,FREDDO,,
SIC02756,2756,PERSONA,81LEAD|ContattiMirco|EmailMirco|Labotecnic1|Labotecnic2,Paola,Zambello69,,,,,IT,,,,,,,,,paola.zambello69@vodafone.it,,3933843271310,3933843271310,,,,,,Italia,,,,,,,,,,,,,,,,,,,,GUEST,FREE,,0,18/06/2026,FREDDO,,
SIC02757,2757,PERSONA,81LEAD|ContattiMirco|Labotecnic1|Labotecnic2,Nicola,Zambon,,,,,IT,,,,,,,,,nic@avvzambon.com,,3933961169990,3933961169990,,,,,,Italia,,,,,,,,,,,,,,,,,,,,GUEST,FREE,,0,18/06/2026,FREDDO,,
SIC02758,2758,PERSONA,81LEAD|ContattiMirco|EmailMirco|Labotecnic1|Labotecnic2,Annalisa,Zampini,,,,,IT,,,,,,,,,annalisa.zampini@tin.it,,,,,,,,,Italia,,,,,,,,,,,,,,,,,,,,GUEST,FREE,,0,18/06/2026,FREDDO,,
SIC02759,2759,PERSONA,81LEAD|ContattiMirco|EmailMirco|Labotecnic1|Labotecnic2,F,Zampini,,,,,IT,,,,,,,,,f.zampini@libero.it,,,,,,,,,Italia,,,,,,,,,,,,,,,,,,,,GUEST,FREE,,0,18/06/2026,FREDDO,,
SIC02760,2760,PERSONA,81LEAD|ContattiMirco|EmailMirco|Labotecnic1|Labotecnic2,Lucia,Zampini 63,,,,,IT,,,,,,,,,lucia.zampini.63@gmail.com,,2127121000,2127121000,,,,,,Italia,,,,,,,,,,,,,,,,,,,,GUEST,FREE,,0,18/06/2026,FREDDO,,
SIC02761,2761,PERSONA,81LEAD|ContattiMirco|EmailMirco|Labotecnic1|Labotecnic2,Giovanni,Zampirolo,,,,,IT,,,,,,,,,giovanni.zampirolo@itstecnologie.it,,3936665685310,3936665685310,,,,,,Italia,,,,,,,,,,,,,,,,,,,,GUEST,FREE,,0,18/06/2026,FREDDO,,
SIC02762,2762,PERSONA,81LEAD|ContattiMirco|EmailMirco,P,Zamponi,,,,,IT,,,,,,,,,p.zamponi@gmail.com,,,,,,,,,Italia,,,,,,,,,,,,,,,,,,,,GUEST,FREE,,0,18/06/2026,FREDDO,,
SIC02763,2763,PERSONA,81LEAD|ContattiMirco|EmailMirco|Labotecnic1|Labotecnic2,Massimo,Zanardo,,,,,IT,,,,,,,,,massimo.zanardo@interprostudio.it,,,,,,,,,Italia,,,,,,,,,,,,,,,,,,,,GUEST,FREE,,0,18/06/2026,FREDDO,,
SIC02764,2764,PERSONA,81LEAD|ContattiMirco|EmailMirco|Labotecnic1|Labotecnic2,Mg,Zandarin,,,,,IT,,,,,,,,,mg.zandarin@gmail.com,,,,,,,,,Italia,,,,,,,,,,,,,,,,,,,,GUEST,FREE,,0,18/06/2026,FREDDO,,
SIC02765,2765,PERSONA,81LEAD|ContattiMirco|Labotecnic1|Labotecnic2,Simone,Zanella,,,,,IT,,,,,,,,,simone.zanella@libero.it,,3934023275680,3934023275680,,,,,,Italia,,,,,,,,,,,,,,,,,,,,GUEST,FREE,,0,18/06/2026,FREDDO,,
SIC02766,2766,PERSONA,81LEAD|ContattiMirco|EmailMirco|Labotecnic1|Labotecnic2,Silvia,Zanellato87,,,,,IT,,,,,,,,,silvia.zanellato87@gmail.com,,,,,,,,,Italia,,,,,,,,,,,,,,,,,,,,GUEST,FREE,,0,18/06/2026,FREDDO,,
SIC02767,2767,PERSONA,81LEAD|ContattiMirco|EmailMirco,Alessandro,Zaninello,,,,,IT,,,,,,,,,zani79@gmail.com,,3933397557180,3933397557180,,,,,,Italia,,,,,,,,,,,,,,,,,,,,GUEST,FREE,,0,18/06/2026,FREDDO,,
SIC02768,2768,PERSONA,81LEAD|ContattiMirco|EmailMirco|Labotecnic1|Labotecnic2,Francesco,Zanirato,,,,,IT,,,,,,,,,francesco.zanirato@yahoo.it,,3933483745490,3933483745490,,,,,,Italia,,,,,,,,,,,,,,,,,,,,GUEST,FREE,,0,18/06/2026,FREDDO,,
SIC02769,2769,PERSONA,81LEAD|ContattiMirco|EmailMirco|Labotecnic1|Labotecnic2,Gabriele,Zanirato,,,,,IT,,,,,,,,,gabriele.zanirato@hotmail.it,,3933973850120,3933973850120,,,,,,Italia,,,,,,,,,,,,,,,,,,,,GUEST,FREE,,0,18/06/2026,FREDDO,,
SIC02770,2770,PERSONA,81LEAD|ContattiMirco|EmailMirco|Labotecnic1|Labotecnic2,Francesco,Zantedeschi,,,,,IT,,,,,,,,,francesco.zantedeschi@isolabio.eu,,3932088585670,3932088585670,,,,,,Italia,,,,,,,,,,,,,,,,,,,,GUEST,FREE,,0,18/06/2026,FREDDO,,
SIC02771,2771,PERSONA,81LEAD|ContattiMirco|EmailMirco|Labotecnic1|Labotecnic2,Zavalele,Zavattiero,,,,,IT,,,,,,,,,zavalele@gmail.com,,3934779062230,3934779062230,,,,,,Italia,,,,,,,,,,,,,,,,,,,,GUEST,FREE,,0,18/06/2026,FREDDO,,
SIC02772,2772,PERSONA,EmailMirco,Marco,Zeke 99 ONEAN,,,,,IT,,,,,,,,,marco.zeke99@gmail.com,,,,,,,,,Italia,,,,,,,,,,,,,,,,,,,,GUEST,FREE,,0,18/06/2026,FREDDO,,
SIC02773,2773,PERSONA,81LEAD|ContattiMirco|EmailMirco,Linogiuseppe,Zen,,,,,IT,,,,,,,,,linogiuseppe.zen@icportoviro.edu.it,,329945155600,329945155600,,,,,,Italia,,,,,,,,,,,,,,,,,,,,GUEST,FREE,,0,18/06/2026,FREDDO,,
SIC02774,2774,PERSONA,81LEAD|ContattiMirco|EmailMirco,Alessandro,Zennaro,,,,,IT,,,,,,,,,alessandrozennaro@hotmail.it,,3934844210680,3934844210680,,,,,,Italia,,,,,,,,,,,,,,,,,,,,GUEST,FREE,,0,18/06/2026,FREDDO,,
SIC02775,2775,PERSONA,81LEAD|ContattiMirco|EmailMirco|Labotecnic1|Labotecnic2,Paki,Zennaro,,,,,IT,,,,,,,,,paki.zennaro@gmail.com,,,,,,,,,Italia,,,,,,,,,,,,,,,,,,,,GUEST,FREE,,0,18/06/2026,FREDDO,,
SIC02776,2776,PERSONA,81LEAD|ContattiMirco|EmailMirco|Labotecnic1|Labotecnic2,Gloria,Zerbinati,,,,,IT,,,,,,,,,gloria.zerbinati@libero.it,,,,,,,,,Italia,,,,,,,,,,,,,,,,,,,,GUEST,FREE,,0,18/06/2026,FREDDO,,
SIC02777,2777,PERSONA,81LEAD|ContattiMirco|EmailMirco|Labotecnic1|Labotecnic2,Erikarossi,Zeus,,,,,IT,,,,,,,,,erikarossi.zeus@gmail.com,,,,,,,,,Italia,,,,,,,,,,,,,,,,,,,,GUEST,FREE,,0,18/06/2026,FREDDO,,
SIC02778,2778,PERSONA,81LEAD|ContattiMirco|EmailMirco|Labotecnic1|Labotecnic2,Benito,Zio,,,,,IT,,,,,,,,,info@astolfipelletterie.com,,3932804858790,3932804858790,,,,,,Italia,,,,,,,,,,,,,,,,,,,,GUEST,FREE,,0,18/06/2026,FREDDO,,
SIC02779,2779,PERSONA,81LEAD|ContattiMirco|EmailMirco|Labotecnic1|Labotecnic2,Anna,Zompa,,,,,IT,,,,,,,,,anna.zompa@virgilio.it,,,,,,,,,Italia,,,,,,,,,,,,,,,,,,,,GUEST,FREE,,0,18/06/2026,FREDDO,,
SIC02780,2780,PERSONA,81LEAD|ContattiMirco|EmailMirco,Roberto,Zucchetto Polenta,,,,,IT,,,,,,,,,info@zucchettonoleggi.com,,3933570735530,3933570735530,,,,,,Italia,,,,,,,,,,,,,,,,,,,,GUEST,FREE,,0,18/06/2026,FREDDO,,
SIC02781,2781,PERSONA,81LEAD|ContattiMirco|EmailMirco|Labotecnic1|Labotecnic2,G,Zuolo,,,,,IT,,,,,,,,,g.zuolo@politecnaeng.it,,,,,,,,,Italia,,,,,,,,,,,,,,,,,,,,GUEST,FREE,,0,18/06/2026,FREDDO,,
SIC02782,2782,PERSONA,81LEAD|ContattiMirco|EmailMirco|Labotecnic1|Labotecnic2,claudia,acevedo,,,,,IT,,,,,,,,,clapatri.v@gmail.com,,3932954847100,3932954847100,,,,,,Italia,,,,,,,,,,,,,,,,,,,,GUEST,FREE,,0,18/06/2026,FREDDO,,
SIC02783,2783,PERSONA,81LEAD|ContattiMirco|EmailMirco,Dal,al Successo,,,,,IT,,,,,,,,,info@dalsognoalsuccesso.com,,,,,,,,,Italia,,,,,,,,,,,,,,,,,,,,GUEST,FREE,,0,18/06/2026,FREDDO,,
SIC02784,2784,PERSONA,81LEAD|ContattiMirco|EmailMirco,Rebuilding,ancona,,,,,IT,,,,,,,,,info@rebuildingancona.com,,3907120720210,3907120720210,,,,,,Italia,,,,,,,,,,,,,,,,,,,,GUEST,FREE,,0,18/06/2026,FREDDO,,
SIC02785,2785,PERSONA,81LEAD|ContattiMirco|EmailMirco,michele,assistedil,,,,,IT,,,,,,,,,cocchieri@assistedil.it,,3934018045450,3934018045450,,,,,,Italia,,,,,,,,,,,,,,,,,,,,GUEST,FREE,,0,18/06/2026,FREDDO,,
SIC02786,2786,PERSONA,81LEAD|ContattiMirco|EmailMirco,tiberio,bacci,,,,,IT,,,,,,,,,tiberiobacci@libero.it,,3934986801420,3934986801420,,,,,,Italia,,,,,,,,,,,,,,,,,,,,GUEST,FREE,,0,18/06/2026,FREDDO,,
SIC02787,2787,PERSONA,81LEAD|ContattiMirco|EmailMirco|Labotecnic1|Labotecnic2,cristian,barbieri,,,,,IT,,,,,,,,,cristian.barbieri73@gmail.com,,3934710098880,3934710098880,,,,,,Italia,,,,,,,,,,,,,,,,,,,,GUEST,FREE,,0,18/06/2026,FREDDO,,
SIC02788,2788,PERSONA,81LEAD|ContattiMirco|EmailMirco,Cagnoni,brico giardinaggio ferramenta,,,,,IT,,,,,,,,,info@cagnoni.it,,390712899810,390712899810,,,,,,Italia,,,,,,,,,,,,,,,,,,,,GUEST,FREE,,0,18/06/2026,FREDDO,,
SIC02789,2789,PERSONA,81LEAD|ContattiMirco|EmailMirco|Labotecnic1|Labotecnic2,publiARTE,brusaferro,,,,,IT,,,,,,,,,info@publiarte.it,,,,,,,,,Italia,,,,,,,,,,,,,,,,,,,,GUEST,FREE,,0,18/06/2026,FREDDO,,
SIC02790,2790,PERSONA,81LEAD|ContattiMirco|EmailMirco,Alessandro,calamante,,,,,IT,,,,,,,,,info@acgroupsrls.it,,,,,,,,,Italia,,,,,,,,,,,,,,,,,,,,GUEST,FREE,,0,18/06/2026,FREDDO,,
SIC02791,2791,PERSONA,81LEAD|ContattiMirco|EmailMirco,Okoroafor,chisom,,,,,IT,,,,,,,,,okoroaforanaelechisom@yahoo.com,,333659132200,333659132200,,,,,,Italia,,,,,,,,,,,,,,,,,,,,GUEST,FREE,,0,18/06/2026,FREDDO,,
SIC02792,2792,PERSONA,81LEAD|ContattiMirco|EmailMirco,Averie,com,,,,,IT,,,,,,,,,averie@cryptocom.intercom-mail.com,,331791449400,331791449400,,,,,,Italia,,,,,,,,,,,,,,,,,,,,GUEST,FREE,,0,18/06/2026,FREDDO,,
SIC02793,2793,PERSONA,81LEAD|ContattiMirco|EmailMirco,Crypto.,com,,,,,IT,,,,,,,,,operator@cryptocom.intercom-mail.com,,335758378900,335758378900,,,,,,Italia,,,,,,,,,,,,,,,,,,,,GUEST,FREE,,0,18/06/2026,FREDDO,,
SIC02794,2794,PERSONA,81LEAD|ContattiMirco|EmailMirco,Hank,com,,,,,IT,,,,,,,,,hank@cryptocom.intercom-mail.com,,329215674400,329215674400,,,,,,Italia,,,,,,,,,,,,,,,,,,,,GUEST,FREE,,0,18/06/2026,FREDDO,,
SIC02795,2795,PERSONA,81LEAD|ContattiMirco|EmailMirco,Kimberly,com,,,,,IT,,,,,,,,,kimberly@cryptocom.intercom-mail.com,,348915440800,348915440800,,,,,,Italia,,,,,,,,,,,,,,,,,,,,GUEST,FREE,,0,18/06/2026,FREDDO,,
SIC02796,2796,PERSONA,81LEAD|ContattiMirco|EmailMirco,Marina,com,,,,,IT,,,,,,,,,marina.bancheva@cryptocom.intercom-mail.com,,334654893300,334654893300,,,,,,Italia,,,,,,,,,,,,,,,,,,,,GUEST,FREE,,0,18/06/2026,FREDDO,,
SIC02797,2797,PERSONA,81LEAD|ContattiMirco|EmailMirco,Bagni,dal Moro Antonio,,,,,IT,,,,,,,,,info@bagnidalmoro.it,,390426680460,390426680460,,,,,,Italia,,,,,,,,,,,,,,,,,,,,GUEST,FREE,,0,18/06/2026,FREDDO,,
SIC02798,2798,PERSONA,81LEAD|ContattiMirco|EmailMirco|Labotecnic1|Labotecnic2,Milan,davide,,,,,IT,,,,,,,,,milan.geometra@libero.it,,3933915561720,3933915561720,,,,,,Italia,,,,,,,,,,,,,,,,,,,,GUEST,FREE,,0,18/06/2026,FREDDO,,
SIC02799,2799,PERSONA,81LEAD|EmailMirco,Compagnia,del Sale,,,,,IT,,,,,,,,,info@compagniadelsale.it,,3906455824600,3906455824600,,,,,,Italia,,,,,,,,,,,,,,,,,,,,GUEST,FREE,,0,18/06/2026,FREDDO,,
SIC02800,2800,PERSONA,ContattiMirco|EmailMirco|Labotecnic1|Labotecnic2,Cassa,del Veneto,,,,,IT,,,,,,,,,novita@comunicazione.intesasanpaolo.com,,2671942600,2671942600,,,,,,Italia,,,,,,,,,,,,,,,,,,,,GUEST,FREE,,0,18/06/2026,FREDDO,,
SIC02801,2801,PERSONA,81LEAD|ContattiMirco|EmailMirco,Sicurezza.,della sicurezza,,,,,IT,,,,,,,,,info@sicurezza.pro,,,,,,,,,Italia,,,,,,,,,,,,,,,,,,,,GUEST,FREE,,0,18/06/2026,FREDDO,,
SIC02802,2802,PERSONA,81LEAD|EmailMirco,Artedil,e Avesani,,,,,IT,,,,,,,,,info@artedileavesani.com,,390459179220,390459179220,,,,,,Italia,,,,,,,,,,,,,,,,,,,,GUEST,FREE,,0,18/06/2026,FREDDO,,
SIC02803,2803,PERSONA,81LEAD|ContattiMirco|EmailMirco,Materiali,edili c.i.m.m.e.,,,,,IT,,,,,,,,,cimmesrl@libero.it,,3907349370770,3907349370770,,,,,,Italia,,,,,,,,,,,,,,,,,,,,GUEST,FREE,,0,18/06/2026,FREDDO,,
SIC02804,2804,PERSONA,81LEAD|ContattiMirco|EmailMirco,Gardenale,estintori,,,,,IT,,,,,,,,,gardenaleestintori@libero.it,,3904257579060,3904257579060,,,,,,Italia,,,,,,,,,,,,,,,,,,,,GUEST,FREE,,0,18/06/2026,FREDDO,,
SIC02805,2805,PERSONA,81LEAD|ContattiMirco|EmailMirco|Labotecnic1|Labotecnic2,pamela.,folini Rent,,,,,IT,,,,,,,,,pamela.folini@fdrentservice.com,,3935015421520,3935015421520,,,,,,Italia,,,,,,,,,,,,,,,,,,,,GUEST,FREE,,0,18/06/2026,FREDDO,,
SIC02806,2806,PERSONA,81LEAD|ContattiMirco|EmailMirco|Labotecnic1|Labotecnic2,Camisotti,geom,,,,,IT,,,,,,,,,alessandrocamisotti@yahoo.it,,390426717290,390426717290,,,,,,Italia,,,,,,,,,,,,,,,,,,,,GUEST,FREE,,0,18/06/2026,FREDDO,,
SIC02807,2807,PERSONA,EmailMirco|Labotecnic1|Labotecnic2,gianmarco,germini,,,,,IT,,,,,,,,,ggmarco@gmail.com,,,,,,,,,Italia,,,,,,,,,,,,,,,,,,,,GUEST,FREE,,0,18/06/2026,FREDDO,,
SIC02808,2808,PERSONA,81LEAD|ContattiMirco|EmailMirco,susy,gesso,,,,,IT,,,,,,,,,susydalgesso@gmail.com,,3933636736200,3933636736200,,,,,,Italia,,,,,,,,,,,,,,,,,,,,GUEST,FREE,,0,18/06/2026,FREDDO,,
SIC02809,2809,PERSONA,81LEAD|EmailMirco,capsule,houses,,,,,IT,,,,,,,,,usinfo@etonghouses.com,,,,,,,,,Italia,,,,,,,,,,,,,,,,,,,,GUEST,FREE,,0,18/06/2026,FREDDO,,
SIC02810,2810,PERSONA,81LEAD|EmailMirco,capsule,houses,,,,,IT,,,,,,,,,info@etonghouses.com,,,,,,,,,Italia,,,,,,,,,,,,,,,,,,,,GUEST,FREE,,0,18/06/2026,FREDDO,,
SIC02811,2811,PERSONA,81LEAD|ContattiMirco|EmailMirco,Salvamento,informazioni,,,,,IT,,,,,,,,,info@salvamentoacademy.com,,,,,,,,,Italia,,,,,,,,,,,,,,,,,,,,GUEST,FREE,,0,18/06/2026,FREDDO,,
SIC02812,2812,PERSONA,81LEAD|ContattiMirco|EmailMirco,grossatoivaldo@libero,it,,,,,IT,,,,,,,,,grossatoivaldo@libero.it,,333849143700,333849143700,,,,,,Italia,,,,,,,,,,,,,,,,,,,,GUEST,FREE,,0,18/06/2026,FREDDO,,
SIC02813,2813,PERSONA,81LEAD|ContattiMirco|EmailMirco|Labotecnic1|Labotecnic2,CTS,l. - Amministrazione,,,,,IT,,,,,,,,,amministrazione@carpenteriacts.it,,,,,,,,,Italia,,,,,,,,,,,,,,,,,,,,GUEST,FREE,,0,18/06/2026,FREDDO,,
SIC02814,2814,PERSONA,81LEAD|ContattiMirco|EmailMirco,Cisaf,montemarciano,,,,,IT,,,,,,,,,francesco.rocila@refitcompany.com,,3907191582290,3907191582290,,,,,,Italia,,,,,,,,,,,,,,,,,,,,GUEST,FREE,,0,18/06/2026,FREDDO,,
SIC02815,2815,PERSONA,81LEAD|EmailMirco,Rabbiese,p.s.c.a.r.l.,,,,,IT,,,,,,,,,info@rabbiese.it,,3904639854880,3904639854880,,,,,,Italia,,,,,,,,,,,,,,,,,,,,GUEST,FREE,,0,18/06/2026,FREDDO,,
SIC02816,2816,PERSONA,81LEAD|ContattiMirco|EmailMirco|Labotecnic1|Labotecnic2,valeria,pluti,,,,,IT,,,,,,,,,valeria.pluti@gmail.com,,3932870371160,3932870371160,,,,,,Italia,,,,,,,,,,,,,,,,,,,,GUEST,FREE,,0,18/06/2026,FREDDO,,
SIC02817,2817,PERSONA,81LEAD|ContattiMirco|EmailMirco,pixart,printing,,,,,IT,,,,,,,,,info.tecnica@pixartprinting.com,,,,,,,,,Italia,,,,,,,,,,,,,,,,,,,,GUEST,FREE,,0,18/06/2026,FREDDO,,
SIC02818,2818,PERSONA,81LEAD|ContattiMirco|EmailMirco,Romani,remo,,,,,IT,,,,,,,,,studio@romaniremo.it,,390712006960,390712006960,,,,,,Italia,,,,,,,,,,,,,,,,,,,,GUEST,FREE,,0,18/06/2026,FREDDO,,
SIC02819,2819,PERSONA,81LEAD|ContattiMirco|EmailMirco,Bricofer,senigallia,,,,,IT,,,,,,,,,faidate.senigallia@bricofer.it,,390717918310,390717918310,,,,,,Italia,,,,,,,,,,,,,,,,,,,,GUEST,FREE,,0,18/06/2026,FREDDO,,
SIC02820,2820,PERSONA,81LEAD|ContattiMirco,Calcestruzzi,senigallia,,,,,IT,,,,,,,,,calcestruzzi.senigallia@virgilio.it,,3934698485770,3934698485770,,,,,,Italia,,,,,,,,,,,,,,,,,,,,GUEST,FREE,,0,18/06/2026,FREDDO,,
SIC02821,2821,PERSONA,81LEAD|ContattiMirco|EmailMirco,AF,shop,,,,,IT,,,,,,,,,af.interni@hotmail.it,,,,,,,,,Italia,,,,,,,,,,,,,,,,,,,,GUEST,FREE,,0,18/06/2026,FREDDO,,
SIC02822,2822,PERSONA,81LEAD|ContattiMirco|EmailMirco,Fratelli,simonetti,,,,,IT,,,,,,,,,info@fratellisimonetti.com,,3907146005400,3907146005400,,,,,,Italia,,,,,,,,,,,,,,,,,,,,GUEST,FREE,,0,18/06/2026,FREDDO,,
SIC02823,2823,PERSONA,81LEAD|ContattiMirco|EmailMirco,Systeme.,support,,,,,IT,,,,,,,,,support@systeme.io,,,,,,,,,Italia,,,,,,,,,,,,,,,,,,,,GUEST,FREE,,0,18/06/2026,FREDDO,,
SIC02824,2824,PERSONA,81LEAD|EmailMirco,Atelier,tends iDaminelli,,,,,IT,,,,,,,,,info@idaminelli.it,,3903501712060,3903501712060,,,,,,Italia,,,,,,,,,,,,,,,,,,,,GUEST,FREE,,0,18/06/2026,FREDDO,,
SIC02825,2825,PERSONA,EmailMirco|Labotecnic1|Labotecnic2,marco,testacci,,,,,IT,,,,,,,,,marco.testacci@bmautomazioni.com,,,,,,,,,Italia,,,,,,,,,,,,,,,,,,,,GUEST,FREE,,0,18/06/2026,FREDDO,,
SIC02826,2826,PERSONA,81LEAD|ContattiMirco|EmailMirco|Labotecnic1|Labotecnic2,faro,valentina,,,,,IT,,,,,,,,,farosalotti.valentina@gmail.com,,3932959810590,3932959810590,,,,,,Italia,,,,,,,,,,,,,,,,,,,,GUEST,FREE,,0,18/06/2026,FREDDO,,
SIC02827,2827,PERSONA,81LEAD|ContattiMirco|EmailMirco,Francesca,vettorello,,,,,IT,,,,,,,,,francyvettorello@libero.it,,3932895741250,3932895741250,,,,,,Italia,,,,,,,,,,,,,,,,,,,,GUEST,FREE,,0,18/06/2026,FREDDO,,
SIC02828,2828,PERSONA,81LEAD|ContattiMirco|EmailMirco,Alessandro,wind,,,,,IT,,,,,,,,,aleascalone@gmail.com,,3932017451110,3932017451110,,,,,,Italia,,,,,,,,,,,,,,,,,,,,GUEST,FREE,,0,18/06/2026,FREDDO,,
SIC02829,2829,PERSONA,81LEAD|ContattiMirco|EmailMirco,Ecommerce,,,,,,IT,,,,,,,,,ecommerce@levignedisammarco.it,,348222709200,348222709200,,,,,,Italia,,,,,,,,,,,,,,,,,,,,GUEST,FREE,,0,18/06/2026,FREDDO,,
SIC02830,2830,AZIENDA,ClientiFatt1|ClientiFatt2|81LEAD|ContattiMirco|EmailMirco|Labotecnic1|Labotecnic2,,,,,,,IT,BRGCST71H17C383M,,,,,,,,pav_2000@libero.it,,,,,,,,,Italia,,,,,Via XXV Aprile 2/A,45010,Rosolina,RO,,,,,,,,,,,,GUEST,FREE,,0,18/06/2026,FREDDO,,
SIC02831,2831,AZIENDA,81LEAD|Labotecnic1|Labotecnic2,,,,,,,IT,,,,,,,,,marcoginapri71@gmail.com,,,,,,,,,Italia,,,,,,,,,,,,,,,,,,,,GUEST,FREE,,0,18/06/2026,FREDDO,,
SIC02832,2832,AZIENDA,81LEAD|Labotecnic1|Labotecnic2,,,,,,,IT,,,,,,,,,falconi.marco95@gmail.com,,,,,,,,,Italia,,,,,,,,,,,,,,,,,,,,GUEST,FREE,,0,18/06/2026,FREDDO,,
SIC02833,2833,AZIENDA,81LEAD,,,,,,,IT,,,,,,,,,crifillsrl@legalmail.it,,,,,,,,,Italia,,,,,,,,,,,,,,,,,,,,GUEST,FREE,,0,18/06/2026,FREDDO,,
SIC02834,2834,AZIENDA,81LEAD|Labotecnic1|Labotecnic2,,,,,,,IT,,,,,,,,,coop.airone@legalmail.it,,,,,,,,,Italia,,,,,,,,,,,,,,,,,,,,GUEST,FREE,,0,18/06/2026,FREDDO,,
SIC02835,2835,AZIENDA,81LEAD|Labotecnic1|Labotecnic2,,,,,,,IT,,,,,,,,,boscaratoedilizia_sas@legalmail.it,,,,,,,,,Italia,,,,,,,,,,,,,,,,,,,,GUEST,FREE,,0,18/06/2026,FREDDO,,
SIC02836,2836,AZIENDA,81LEAD|Labotecnic1|Labotecnic2,,,,,,,IT,,,,,,,,,marcovservizi@gmail.com,,,,,,,,,Italia,,,,,,,,,,,,,,,,,,,,GUEST,FREE,,0,18/06/2026,FREDDO,,
SIC02837,2837,AZIENDA,81LEAD|Labotecnic1|Labotecnic2,,,,,,,IT,,,,,,,,,marcotanduo@gmail.com,,,,,,,,,Italia,,,,,,,,,,,,,,,,,,,,GUEST,FREE,,0,18/06/2026,FREDDO,,
SIC02838,2838,AZIENDA,81LEAD|Labotecnic1|Labotecnic2,,,,,,,IT,,,,,,,,,llponzettosrl@legalmail.it,,,,,,,,,Italia,,,,,,,,,,,,,,,,,,,,GUEST,FREE,,0,18/06/2026,FREDDO,,
SIC02839,2839,AZIENDA,81LEAD,,,,,,,IT,,,,,,,,,marcocastellanowork@gmail.com,,,,,,,,,Italia,,,,,,,,,,,,,,,,,,,,GUEST,FREE,,0,18/06/2026,FREDDO,,
SIC02840,2840,AZIENDA,81LEAD|Labotecnic1|Labotecnic2,,,,,,,IT,,,,,,,,,marcobenini@ymail.com,,,,,,,,,Italia,,,,,,,,,,,,,,,,,,,,GUEST,FREE,,0,18/06/2026,FREDDO,,
SIC02841,2841,AZIENDA,81LEAD|Labotecnic1|Labotecnic2,,,,,,,IT,,,,,,,,,marco.tiozzo@ferlintiozzo.com,,,,,,,,,Italia,,,,,,,,,,,,,,,,,,,,GUEST,FREE,,0,18/06/2026,FREDDO,,
SIC02842,2842,AZIENDA,81LEAD,,,,,,,IT,,,,,,,,,marco.costa@euroansa.it,,,,,,,,,Italia,,,,,,,,,,,,,,,,,,,,GUEST,FREE,,0,18/06/2026,FREDDO,,
SIC02843,2843,AZIENDA,81LEAD|Labotecnic1|Labotecnic2,,,,,,,IT,,,,,,,,,marco.bizziato@stema.it,,,,,,,,,Italia,,,,,,,,,,,,,,,,,,,,GUEST,FREE,,0,18/06/2026,FREDDO,,
SIC02844,2844,AZIENDA,81LEAD|ContattiMirco|EmailMirco|Labotecnic1|Labotecnic2,,,,,,,IT,,,,,,,,,info@waltercragnolin.it,,,,,,,,,Italia,,,,,,,,,,,,,,,,,,,,GUEST,FREE,,0,18/06/2026,FREDDO,,
SIC02845,2845,AZIENDA,81LEAD|ContattiMirco|EmailMirco|Labotecnic1|Labotecnic2,,,,,,,IT,,,,,,,,,info@tommycar.it,,,,,,,,,Italia,,,,,,,,,,,,,,,,,,,,GUEST,FREE,,0,18/06/2026,FREDDO,,
SIC02846,2846,AZIENDA,81LEAD|ContattiMirco|EmailMirco|Labotecnic1|Labotecnic2,,,,,,,IT,,,,,,,,,info@tiepoloviaggi.com,,,,,,,,,Italia,,,,,,,,,,,,,,,,,,,,GUEST,FREE,,0,18/06/2026,FREDDO,,
SIC02847,2847,AZIENDA,81LEAD|ContattiMirco|EmailMirco,,,,,,,IT,,,,,,,,,info@thehypergame.com,,,,,,,,,Italia,,,,,,,,,,,,,,,,,,,,GUEST,FREE,,0,18/06/2026,FREDDO,,
SIC02848,2848,AZIENDA,81LEAD|ContattiMirco|EmailMirco|Labotecnic1|Labotecnic2,,,,,,,IT,,,,,,,,,info@tfeingegneria.it,,,,,,,,,Italia,,,,,,,,,,,,,,,,,,,,GUEST,FREE,,0,18/06/2026,FREDDO,,
SIC02849,2849,AZIENDA,81LEAD|ContattiMirco|Labotecnic1|Labotecnic2,,,,,,,IT,,,,,,,,,l.battan@avvecomm.it,,,,,,,,,Italia,,,,,,,,,,,,,,,,,,,,GUEST,FREE,,0,18/06/2026,FREDDO,,
SIC02850,2850,AZIENDA,81LEAD|ContattiMirco|EmailMirco|Labotecnic1|Labotecnic2,,,,,,,IT,,,,,,,,,info@zetaservice.net,,,,,,,,,Italia,,,,,,,,,,,,,,,,,,,,GUEST,FREE,,0,18/06/2026,FREDDO,,
SIC02851,2851,AZIENDA,81LEAD|ContattiMirco|EmailMirco,,,,,,,IT,,,,,,,,,info@yeehaw3d.com,,,,,,,,,Italia,,,,,,,,,,,,,,,,,,,,GUEST,FREE,,0,18/06/2026,FREDDO,,
SIC02852,2852,AZIENDA,81LEAD|ContattiMirco|EmailMirco,,,,,,,IT,,,,,,,,,info@xharredocasa.it,,,,,,,,,Italia,,,,,,,,,,,,,,,,,,,,GUEST,FREE,,0,18/06/2026,FREDDO,,
SIC02853,2853,AZIENDA,81LEAD|ContattiMirco|EmailMirco|Labotecnic1|Labotecnic2,,,,,,,IT,,,,,,,,,info@toscanocostruzioni.it,,,,,,,,,Italia,,,,,,,,,,,,,,,,,,,,GUEST,FREE,,0,18/06/2026,FREDDO,,
SIC02854,2854,AZIENDA,81LEAD|ContattiMirco|EmailMirco|Labotecnic1|Labotecnic2,,,,,,,IT,,,,,,,,,info@vienocnc.com,,,,,,,,,Italia,,,,,,,,,,,,,,,,,,,,GUEST,FREE,,0,18/06/2026,FREDDO,,
SIC02855,2855,AZIENDA,81LEAD|ContattiMirco|EmailMirco|Labotecnic1|Labotecnic2,,,,,,,IT,,,,,,,,,info@videofotochinaglia.it,,,,,,,,,Italia,,,,,,,,,,,,,,,,,,,,GUEST,FREE,,0,18/06/2026,FREDDO,,
SIC02856,2856,AZIENDA,81LEAD|ContattiMirco|EmailMirco|Labotecnic1|Labotecnic2,,,,,,,IT,,,,,,,,,info@venetamassettisnc.it,,,,,,,,,Italia,,,,,,,,,,,,,,,,,,,,GUEST,FREE,,0,18/06/2026,FREDDO,,
SIC02857,2857,AZIENDA,81LEAD|ContattiMirco|EmailMirco|Labotecnic1|Labotecnic2,,,,,,,IT,,,,,,,,,segreteria@nservizi.it,,,,,,,,,Italia,,,,,,,,,,,,,,,,,,,,GUEST,FREE,,0,18/06/2026,FREDDO,,
SIC02858,2858,AZIENDA,81LEAD|ContattiMirco|EmailMirco,,,,,,,IT,,,,,,,,,segreteria@laboclodia.com,,,,,,,,,Italia,,,,,,,,,,,,,,,,,,,,GUEST,FREE,,0,18/06/2026,FREDDO,,
SIC02859,2859,AZIENDA,81LEAD|ContattiMirco|EmailMirco|Labotecnic1|Labotecnic2,,,,,,,IT,,,,,,,,,segreteria@itineragroup.it,,,,,,,,,Italia,,,,,,,,,,,,,,,,,,,,GUEST,FREE,,0,18/06/2026,FREDDO,,
SIC02860,2860,AZIENDA,81LEAD|ContattiMirco|EmailMirco|Labotecnic1|Labotecnic2,,,,,,,IT,,,,,,,,,segreteria@istitutodocet.it,,,,,,,,,Italia,,,,,,,,,,,,,,,,,,,,GUEST,FREE,,0,18/06/2026,FREDDO,,
SIC02861,2861,AZIENDA,81LEAD|ContattiMirco|EmailMirco|Labotecnic1|Labotecnic2,,,,,,,IT,,,,,,,,,info@trasecosrl.com,,,,,,,,,Italia,,,,,,,,,,,,,,,,,,,,GUEST,FREE,,0,18/06/2026,FREDDO,,
SIC02862,2862,AZIENDA,81LEAD|ContattiMirco|EmailMirco|Labotecnic1|Labotecnic2,,,,,,,IT,,,,,,,,,info@tutto-vacanze.it,,,,,,,,,Italia,,,,,,,,,,,,,,,,,,,,GUEST,FREE,,0,18/06/2026,FREDDO,,
SIC02863,2863,AZIENDA,81LEAD|ContattiMirco|EmailMirco,,,,,,,IT,,,,,,,,,info@venditaautomatica.com,,,,,,,,,Italia,,,,,,,,,,,,,,,,,,,,GUEST,FREE,,0,18/06/2026,FREDDO,,
SIC02864,2864,AZIENDA,81LEAD|EmailMirco,,,,,,,IT,,,,,,,,,10820712+cq4ks@tickets.livechatinc.com,,,,,,,,,Italia,,,,,,,,,,,,,,,,,,,,GUEST,FREE,,0,18/06/2026,FREDDO,,
SIC02865,2865,AZIENDA,81LEAD|EmailMirco,,,,,,,IT,,,,,,,,,2394647009-fyqj.mv9z.rtjw.9drs@property.booking.com,,,,,,,,,Italia,,,,,,,,,,,,,,,,,,,,GUEST,FREE,,0,18/06/2026,FREDDO,,
SIC02866,2866,AZIENDA,81LEAD|EmailMirco,,,,,,,IT,,,,,,,,,casinialberto77@gmail.com,,,,,,,,,Italia,,,,,,,,,,,,,,,,,,,,GUEST,FREE,,0,18/06/2026,FREDDO,,
SIC02867,2867,AZIENDA,81LEAD|EmailMirco,,,,,,,IT,,,,,,,,,commissione.patenti@aulss5.veneto.it,,,,,,,,,Italia,,,,,,,,,,,,,,,,,,,,GUEST,FREE,,0,18/06/2026,FREDDO,,
SIC02868,2868,AZIENDA,81LEAD|EmailMirco,,,,,,,IT,,,,,,,,,dipendenze.tagliodipo@aulss5.veneto.it,,,,,,,,,Italia,,,,,,,,,,,,,,,,,,,,GUEST,FREE,,0,18/06/2026,FREDDO,,
SIC02869,2869,AZIENDA,81LEAD|EmailMirco,,,,,,,IT,,,,,,,,,lombar_mzwp4329qg@members.ebay.it,,,,,,,,,Italia,,,,,,,,,,,,,,,,,,,,GUEST,FREE,,0,18/06/2026,FREDDO,,
SIC02870,2870,AZIENDA,81LEAD|EmailMirco,,,,,,,IT,,,,,,,,,marco.pizza333@gmail.com,,,,,,,,,Italia,,,,,,,,,,,,,,,,,,,,GUEST,FREE,,0,18/06/2026,FREDDO,,
SIC02871,2871,AZIENDA,81LEAD|EmailMirco,,,,,,,IT,,,,,,,,,mfdq4xbmsvtny5s@marketplace.amazon.it,,,,,,,,,Italia,,,,,,,,,,,,,,,,,,,,GUEST,FREE,,0,18/06/2026,FREDDO,,
SIC02872,2872,AZIENDA,81LEAD|Labotecnic1|Labotecnic2,,,,,,,IT,,,,,,,,,oriana.bianchini@legalmail.it,,,,,,,,,Italia,,,,,,,,,,,,,,,,,,,,GUEST,FREE,,0,18/06/2026,FREDDO,,
SIC02873,2873,AZIENDA,81LEAD|Labotecnic1|Labotecnic2,,,,,,,IT,,,,,,,,,piersimonimarco1@gmail.com,,,,,,,,,Italia,,,,,,,,,,,,,,,,,,,,GUEST,FREE,,0,18/06/2026,FREDDO,,
SIC02874,2874,AZIENDA,81LEAD|Labotecnic1|Labotecnic2,,,,,,,IT,,,,,,,,,schettinonadia@legalmail.it,,,,,,,,,Italia,,,,,,,,,,,,,,,,,,,,GUEST,FREE,,0,18/06/2026,FREDDO,,
SIC02875,2875,AZIENDA,81LEAD|Labotecnic1|Labotecnic2,,,,,,,IT,,,,,,,,,sottozerogelateria.pt@gmail.com,,,,,,,,,Italia,,,,,,,,,,,,,,,,,,,,GUEST,FREE,,0,18/06/2026,FREDDO,,
SIC02876,2876,AZIENDA,81LEAD|ContattiMirco|EmailMirco,,,,,,,IT,,,,,,,,,segreteria@consorziocics.com,,,,,,,,,Italia,,,,,,,,,,,,,,,,,,,,GUEST,FREE,,0,18/06/2026,FREDDO,,
SIC02877,2877,AZIENDA,81LEAD|EmailMirco,,,,,,,IT,,,,,,,,,sunriselab24@gmail.com,,,,,,,,,Italia,,,,,,,,,,,,,,,,,,,,GUEST,FREE,,0,18/06/2026,FREDDO,,
SIC02878,2878,AZIENDA,81LEAD|EmailMirco,,,,,,,IT,,,,,,,,,v4vpbckf2bwfdmd@marketplace.amazon.it,,,,,,,,,Italia,,,,,,,,,,,,,,,,,,,,GUEST,FREE,,0,18/06/2026,FREDDO,,
SIC02879,2879,AZIENDA,81LEAD|EmailMirco,,,,,,,IT,,,,,,,,,vc0sxp2wds72cgz@marketplace.amazon.it,,,,,,,,,Italia,,,,,,,,,,,,,,,,,,,,GUEST,FREE,,0,18/06/2026,FREDDO,,
SIC02880,2880,AZIENDA,81LEAD|EmailMirco,,,,,,,IT,,,,,,,,,mgnwkf18f57mkc9@marketplace.amazon.it,,,,,,,,,Italia,,,,,,,,,,,,,,,,,,,,GUEST,FREE,,0,18/06/2026,FREDDO,,
SIC02881,2881,AZIENDA,81LEAD|EmailMirco,,,,,,,IT,,,,,,,,,nkj95mtkl4bwc8l@marketplace.amazon.it,,,,,,,,,Italia,,,,,,,,,,,,,,,,,,,,GUEST,FREE,,0,18/06/2026,FREDDO,,
SIC02882,2882,AZIENDA,81LEAD|EmailMirco,,,,,,,IT,,,,,,,,,not-5967f403-9cbf-456f-8e79-cb86add5e9b7@expmessaging.tripadvisor.com,,,,,,,,,Italia,,,,,,,,,,,,,,,,,,,,GUEST,FREE,,0,18/06/2026,FREDDO,,
SIC02883,2883,AZIENDA,81LEAD|EmailMirco,,,,,,,IT,,,,,,,,,reply-fe5d1272706400747d14-200_html-477827634-10901677-81141@e.viator.com,,,,,,,,,Italia,,,,,,,,,,,,,,,,,,,,GUEST,FREE,,0,18/06/2026,FREDDO,,
SIC02884,2884,AZIENDA,81LEAD|EmailMirco,,,,,,,IT,,,,,,,,,rois00200a@istruzione.it,,,,,,,,,Italia,,,,,,,,,,,,,,,,,,,,GUEST,FREE,,0,18/06/2026,FREDDO,,
SIC02885,2885,AZIENDA,81LEAD|EmailMirco,,,,,,,IT,,,,,,,,,rois011005@istruzione.it,,,,,,,,,Italia,,,,,,,,,,,,,,,,,,,,GUEST,FREE,,0,18/06/2026,FREDDO,,
SIC02886,2886,AZIENDA,81LEAD|EmailMirco,,,,,,,IT,,,,,,,,,rois01300r@istruzione.it,,,,,,,,,Italia,,,,,,,,,,,,,,,,,,,,GUEST,FREE,,0,18/06/2026,FREDDO,,
SIC02887,2887,AZIENDA,81LEAD|ContattiMirco|EmailMirco|Labotecnic1|Labotecnic2,,,,,,,IT,,,,,,,,,info@magdaconfezioni.com,,,,,,,,,Italia,,,,,,,,,,,,,,,,,,,,GUEST,FREE,,0,18/06/2026,FREDDO,,
SIC02888,2888,AZIENDA,81LEAD|ContattiMirco|EmailMirco|Labotecnic1|Labotecnic2,,,,,,,IT,,,,,,,,,info@ledscreenstore.it,,,,,,,,,Italia,,,,,,,,,,,,,,,,,,,,GUEST,FREE,,0,18/06/2026,FREDDO,,
SIC02889,2889,AZIENDA,81LEAD|ContattiMirco|EmailMirco|Labotecnic1|Labotecnic2,,,,,,,IT,,,,,,,,,info@lakegardawind.com,,,,,,,,,Italia,,,,,,,,,,,,,,,,,,,,GUEST,FREE,,0,18/06/2026,FREDDO,,
SIC02890,2890,AZIENDA,81LEAD|ContattiMirco|EmailMirco|Labotecnic1|Labotecnic2,,,,,,,IT,,,,,,,,,info@mgrpavimenti.eu,,,,,,,,,Italia,,,,,,,,,,,,,,,,,,,,GUEST,FREE,,0,18/06/2026,FREDDO,,
SIC02891,2891,AZIENDA,81LEAD|ContattiMirco|EmailMirco,,,,,,,IT,,,,,,,,,info@mentalitamilionariand.com,,,,,,,,,Italia,,,,,,,,,,,,,,,,,,,,GUEST,FREE,,0,18/06/2026,FREDDO,,
SIC02892,2892,AZIENDA,81LEAD|ContattiMirco|EmailMirco|Labotecnic1|Labotecnic2,,,,,,,IT,,,,,,,,,info@mbtectum.it,,,,,,,,,Italia,,,,,,,,,,,,,,,,,,,,GUEST,FREE,,0,18/06/2026,FREDDO,,
SIC02893,2893,AZIENDA,81LEAD|ContattiMirco|EmailMirco|Labotecnic1|Labotecnic2,,,,,,,IT,,,,,,,,,info@masterbdesign.it,,,,,,,,,Italia,,,,,,,,,,,,,,,,,,,,GUEST,FREE,,0,18/06/2026,FREDDO,,
SIC02894,2894,AZIENDA,81LEAD|ContattiMirco|EmailMirco|Labotecnic1|Labotecnic2,,,,,,,IT,,,,,,,,,info@marazambon.it,,,,,,,,,Italia,,,,,,,,,,,,,,,,,,,,GUEST,FREE,,0,18/06/2026,FREDDO,,
SIC02895,2895,AZIENDA,81LEAD|ContattiMirco|EmailMirco|Labotecnic1|Labotecnic2,,,,,,,IT,,,,,,,,,info@magoandrea.it,,,,,,,,,Italia,,,,,,,,,,,,,,,,,,,,GUEST,FREE,,0,18/06/2026,FREDDO,,
SIC02896,2896,AZIENDA,81LEAD|ContattiMirco|EmailMirco,,,,,,,IT,,,,,,,,,info@leonefell.com,,,,,,,,,Italia,,,,,,,,,,,,,,,,,,,,GUEST,FREE,,0,18/06/2026,FREDDO,,
SIC02897,2897,AZIENDA,81LEAD|ContattiMirco|EmailMirco|Labotecnic1|Labotecnic2,,,,,,,IT,,,,,,,,,info@maciprevenzione.it,,,,,,,,,Italia,,,,,,,,,,,,,,,,,,,,GUEST,FREE,,0,18/06/2026,FREDDO,,
SIC02898,2898,AZIENDA,81LEAD|ContattiMirco|EmailMirco,,,,,,,IT,,,,,,,,,info@murercommercialisti.it,,,,,,,,,Italia,,,,,,,,,,,,,,,,,,,,GUEST,FREE,,0,18/06/2026,FREDDO,,
SIC02899,2899,AZIENDA,81LEAD|ContattiMirco|EmailMirco|Labotecnic1|Labotecnic2,,,,,,,IT,,,,,,,,,info@multimed.it,,,,,,,,,Italia,,,,,,,,,,,,,,,,,,,,GUEST,FREE,,0,18/06/2026,FREDDO,,
SIC02900,2900,AZIENDA,81LEAD|ContattiMirco|EmailMirco,,,,,,,IT,,,,,,,,,info@motorfactory.it,,,,,,,,,Italia,,,,,,,,,,,,,,,,,,,,GUEST,FREE,,0,18/06/2026,FREDDO,,
SIC02901,2901,AZIENDA,81LEAD|ContattiMirco|EmailMirco,,,,,,,IT,,,,,,,,,info@motofactory.it,,,,,,,,,Italia,,,,,,,,,,,,,,,,,,,,GUEST,FREE,,0,18/06/2026,FREDDO,,
SIC02902,2902,AZIENDA,81LEAD|ContattiMirco|EmailMirco|Labotecnic1|Labotecnic2,,,,,,,IT,,,,,,,,,info@modena-antonio.it,,,,,,,,,Italia,,,,,,,,,,,,,,,,,,,,GUEST,FREE,,0,18/06/2026,FREDDO,,
SIC02903,2903,AZIENDA,81LEAD|ContattiMirco|EmailMirco,,,,,,,IT,,,,,,,,,info@misureacustiche.it,,,,,,,,,Italia,,,,,,,,,,,,,,,,,,,,GUEST,FREE,,0,18/06/2026,FREDDO,,
SIC02904,2904,AZIENDA,81LEAD|ContattiMirco|EmailMirco|Labotecnic1|Labotecnic2,,,,,,,IT,,,,,,,,,info@miguelteam.com,,,,,,,,,Italia,,,,,,,,,,,,,,,,,,,,GUEST,FREE,,0,18/06/2026,FREDDO,,
SIC02905,2905,AZIENDA,81LEAD|ContattiMirco|EmailMirco|Labotecnic1|Labotecnic2,,,,,,,IT,,,,,,,,,info@lisandri.it,,,,,,,,,Italia,,,,,,,,,,,,,,,,,,,,GUEST,FREE,,0,18/06/2026,FREDDO,,
SIC02906,2906,AZIENDA,81LEAD|ContattiMirco|EmailMirco|Labotecnic1|Labotecnic2,,,,,,,IT,,,,,,,,,info@lmalimentare.it,,,,,,,,,Italia,,,,,,,,,,,,,,,,,,,,GUEST,FREE,,0,18/06/2026,FREDDO,,
SIC02907,2907,AZIENDA,81LEAD|ContattiMirco|EmailMirco|Labotecnic1|Labotecnic2,,,,,,,IT,,,,,,,,,info@lorcastyle.it,,,,,,,,,Italia,,,,,,,,,,,,,,,,,,,,GUEST,FREE,,0,18/06/2026,FREDDO,,
SIC02908,2908,AZIENDA,81LEAD|ContattiMirco|Labotecnic1|Labotecnic2,,,,,,,IT,,,,,,,,,info@lucamantovani.it,,,,,,,,,Italia,,,,,,,,,,,,,,,,,,,,GUEST,FREE,,0,18/06/2026,FREDDO,,
SIC02909,2909,AZIENDA,81LEAD|ContattiMirco|EmailMirco,,,,,,,IT,,,,,,,,,info@lycloud.info,,,,,,,,,Italia,,,,,,,,,,,,,,,,,,,,GUEST,FREE,,0,18/06/2026,FREDDO,,
SIC02910,2910,AZIENDA,81LEAD|ContattiMirco|EmailMirco|Labotecnic1|Labotecnic2,,,,,,,IT,,,,,,,,,info@schiesaricatering.it,,,,,,,,,Italia,,,,,,,,,,,,,,,,,,,,GUEST,FREE,,0,18/06/2026,FREDDO,,
SIC02911,2911,AZIENDA,81LEAD|ContattiMirco|Labotecnic1|Labotecnic2,,,,,,,IT,,,,,,,,,info@serramenticasaservice.it,,,,,,,,,Italia,,,,,,,,,,,,,,,,,,,,GUEST,FREE,,0,18/06/2026,FREDDO,,
SIC02912,2912,AZIENDA,81LEAD|ContattiMirco|EmailMirco,,,,,,,IT,,,,,,,,,info@serramentitomasini.it,,,,,,,,,Italia,,,,,,,,,,,,,,,,,,,,GUEST,FREE,,0,18/06/2026,FREDDO,,
SIC02913,2913,AZIENDA,81LEAD|ContattiMirco|EmailMirco|Labotecnic1|Labotecnic2,,,,,,,IT,,,,,,,,,info@sgrace.it,,,,,,,,,Italia,,,,,,,,,,,,,,,,,,,,GUEST,FREE,,0,18/06/2026,FREDDO,,
SIC02914,2914,AZIENDA,81LEAD|ContattiMirco|EmailMirco|Labotecnic1|Labotecnic2,,,,,,,IT,,,,,,,,,info@sixte.it,,,,,,,,,Italia,,,,,,,,,,,,,,,,,,,,GUEST,FREE,,0,18/06/2026,FREDDO,,
SIC02915,2915,AZIENDA,81LEAD|ContattiMirco|EmailMirco|Labotecnic1|Labotecnic2,,,,,,,IT,,,,,,,,,info@skaj.it,,,,,,,,,Italia,,,,,,,,,,,,,,,,,,,,GUEST,FREE,,0,18/06/2026,FREDDO,,
SIC02916,2916,AZIENDA,81LEAD|ContattiMirco|EmailMirco|Labotecnic1|Labotecnic2,,,,,,,IT,,,,,,,,,info@sotecasrl.it,,,,,,,,,Italia,,,,,,,,,,,,,,,,,,,,GUEST,FREE,,0,18/06/2026,FREDDO,,
SIC02917,2917,AZIENDA,81LEAD|ContattiMirco|EmailMirco|Labotecnic1|Labotecnic2,,,,,,,IT,,,,,,,,,info@spaziaperti.com,,,,,,,,,Italia,,,,,,,,,,,,,,,,,,,,GUEST,FREE,,0,18/06/2026,FREDDO,,
SIC02918,2918,AZIENDA,81LEAD|ContattiMirco|EmailMirco|Labotecnic1|Labotecnic2,,,,,,,IT,,,,,,,,,info@romeagraf.it,,,,,,,,,Italia,,,,,,,,,,,,,,,,,,,,GUEST,FREE,,0,18/06/2026,FREDDO,,
SIC02919,2919,AZIENDA,81LEAD|ContattiMirco|EmailMirco,,,,,,,IT,,,,,,,,,info@rossante.it,,,,,,,,,Italia,,,,,,,,,,,,,,,,,,,,GUEST,FREE,,0,18/06/2026,FREDDO,,
SIC02920,2920,AZIENDA,81LEAD|ContattiMirco|EmailMirco|Labotecnic1|Labotecnic2,,,,,,,IT,,,,,,,,,info@homefenster.it,,,,,,,,,Italia,,,,,,,,,,,,,,,,,,,,GUEST,FREE,,0,18/06/2026,FREDDO,,
SIC02921,2921,AZIENDA,81LEAD|ContattiMirco|EmailMirco|Labotecnic1|Labotecnic2,,,,,,,IT,,,,,,,,,info@gtridello.it,,,,,,,,,Italia,,,,,,,,,,,,,,,,,,,,GUEST,FREE,,0,18/06/2026,FREDDO,,
SIC02922,2922,AZIENDA,81LEAD|ContattiMirco|EmailMirco,,,,,,,IT,,,,,,,,,info@hotrodgrills.eu,,,,,,,,,Italia,,,,,,,,,,,,,,,,,,,,GUEST,FREE,,0,18/06/2026,FREDDO,,
SIC02923,2923,AZIENDA,81LEAD|ContattiMirco|EmailMirco|Labotecnic1|Labotecnic2,,,,,,,IT,,,,,,,,,info@hotelumbertorosolina.com,,,,,,,,,Italia,,,,,,,,,,,,,,,,,,,,GUEST,FREE,,0,18/06/2026,FREDDO,,
SIC02924,2924,AZIENDA,81LEAD|ContattiMirco|EmailMirco|Labotecnic1|Labotecnic2,,,,,,,IT,,,,,,,,,info@hotelolympia.ro.it,,,,,,,,,Italia,,,,,,,,,,,,,,,,,,,,GUEST,FREE,,0,18/06/2026,FREDDO,,
SIC02925,2925,AZIENDA,81LEAD|ContattiMirco|EmailMirco|Labotecnic1|Labotecnic2,,,,,,,IT,,,,,,,,,info@hotelgrisu.com,,,,,,,,,Italia,,,,,,,,,,,,,,,,,,,,GUEST,FREE,,0,18/06/2026,FREDDO,,
SIC02926,2926,AZIENDA,81LEAD|ContattiMirco|EmailMirco,,,,,,,IT,,,,,,,,,info@hoteleuropa.rn.it,,,,,,,,,Italia,,,,,,,,,,,,,,,,,,,,GUEST,FREE,,0,18/06/2026,FREDDO,,
SIC02927,2927,AZIENDA,81LEAD|ContattiMirco|EmailMirco,,,,,,,IT,,,,,,,,,info@hotelesagono.com,,,,,,,,,Italia,,,,,,,,,,,,,,,,,,,,GUEST,FREE,,0,18/06/2026,FREDDO,,
SIC02928,2928,AZIENDA,81LEAD|ContattiMirco|EmailMirco,,,,,,,IT,,,,,,,,,info@hotelbaiaflaminia.com,,,,,,,,,Italia,,,,,,,,,,,,,,,,,,,,GUEST,FREE,,0,18/06/2026,FREDDO,,
SIC02929,2929,AZIENDA,81LEAD|ContattiMirco|EmailMirco,,,,,,,IT,,,,,,,,,info@guardianservice.com,,,,,,,,,Italia,,,,,,,,,,,,,,,,,,,,GUEST,FREE,,0,18/06/2026,FREDDO,,
SIC02930,2930,AZIENDA,81LEAD|ContattiMirco|EmailMirco|Labotecnic1|Labotecnic2,,,,,,,IT,,,,,,,,,info@islem.it,,,,,,,,,Italia,,,,,,,,,,,,,,,,,,,,GUEST,FREE,,0,18/06/2026,FREDDO,,
SIC02931,2931,AZIENDA,81LEAD|ContattiMirco|EmailMirco|Labotecnic1|Labotecnic2,,,,,,,IT,,,,,,,,,info@irseuropa.it,,,,,,,,,Italia,,,,,,,,,,,,,,,,,,,,GUEST,FREE,,0,18/06/2026,FREDDO,,
SIC02932,2932,AZIENDA,81LEAD|ContattiMirco|EmailMirco|Labotecnic1|Labotecnic2,,,,,,,IT,,,,,,,,,info@iptonline.it,,,,,,,,,Italia,,,,,,,,,,,,,,,,,,,,GUEST,FREE,,0,18/06/2026,FREDDO,,
SIC02933,2933,AZIENDA,81LEAD|ContattiMirco|EmailMirco|Labotecnic1|Labotecnic2,,,,,,,IT,,,,,,,,,info@ioparomatiche.it,,,,,,,,,Italia,,,,,,,,,,,,,,,,,,,,GUEST,FREE,,0,18/06/2026,FREDDO,,
SIC02934,2934,AZIENDA,81LEAD|ContattiMirco|EmailMirco,,,,,,,IT,,,,,,,,,info@immobiliareexcelsior.it,,,,,,,,,Italia,,,,,,,,,,,,,,,,,,,,GUEST,FREE,,0,18/06/2026,FREDDO,,
SIC02935,2935,AZIENDA,81LEAD|ContattiMirco|EmailMirco,,,,,,,IT,,,,,,,,,info@immobiliarecasini.it,,,,,,,,,Italia,,,,,,,,,,,,,,,,,,,,GUEST,FREE,,0,18/06/2026,FREDDO,,
SIC02936,2936,AZIENDA,81LEAD|ContattiMirco|EmailMirco|Labotecnic1|Labotecnic2,,,,,,,IT,,,,,,,,,info@immobiliare-mediocasa.it,,,,,,,,,Italia,,,,,,,,,,,,,,,,,,,,GUEST,FREE,,0,18/06/2026,FREDDO,,
SIC02937,2937,AZIENDA,81LEAD|ContattiMirco|EmailMirco|Labotecnic1|Labotecnic2,,,,,,,IT,,,,,,,,,info@rotoinfissioni.it,,,,,,,,,Italia,,,,,,,,,,,,,,,,,,,,GUEST,FREE,,0,18/06/2026,FREDDO,,
SIC02938,2938,AZIENDA,81LEAD|ContattiMirco|EmailMirco,,,,,,,IT,,,,,,,,,info@guardianservizi.com,,,,,,,,,Italia,,,,,,,,,,,,,,,,,,,,GUEST,FREE,,0,18/06/2026,FREDDO,,
SIC02939,2939,AZIENDA,81LEAD|ContattiMirco|EmailMirco,,,,,,,IT,,,,,,,,,info@gumpab.com,,,,,,,,,Italia,,,,,,,,,,,,,,,,,,,,GUEST,FREE,,0,18/06/2026,FREDDO,,
SIC02940,2940,AZIENDA,81LEAD|ContattiMirco|EmailMirco,,,,,,,IT,,,,,,,,,info@ham-burger.it,,,,,,,,,Italia,,,,,,,,,,,,,,,,,,,,GUEST,FREE,,0,18/06/2026,FREDDO,,
SIC02941,2941,AZIENDA,81LEAD|ContattiMirco|EmailMirco|Labotecnic1|Labotecnic2,,,,,,,IT,,,,,,,,,info@hastudio.it,,,,,,,,,Italia,,,,,,,,,,,,,,,,,,,,GUEST,FREE,,0,18/06/2026,FREDDO,,
SIC02942,2942,AZIENDA,81LEAD|ContattiMirco|EmailMirco|Labotecnic1|Labotecnic2,,,,,,,IT,,,,,,,,,info@henriette-gioielli.com,,,,,,,,,Italia,,,,,,,,,,,,,,,,,,,,GUEST,FREE,,0,18/06/2026,FREDDO,,
SIC02943,2943,AZIENDA,81LEAD|ContattiMirco|EmailMirco,,,,,,,IT,,,,,,,,,info@hiperformance.it,,,,,,,,,Italia,,,,,,,,,,,,,,,,,,,,GUEST,FREE,,0,18/06/2026,FREDDO,,
SIC02944,2944,AZIENDA,81LEAD|ContattiMirco|EmailMirco,,,,,,,IT,,,,,,,,,info@mycashbackbot.com,,,,,,,,,Italia,,,,,,,,,,,,,,,,,,,,GUEST,FREE,,0,18/06/2026,FREDDO,,
SIC02945,2945,AZIENDA,81LEAD|ContattiMirco|EmailMirco|Labotecnic1|Labotecnic2,,,,,,,IT,,,,,,,,,info@navarriniarchitetti.it,,,,,,,,,Italia,,,,,,,,,,,,,,,,,,,,GUEST,FREE,,0,18/06/2026,FREDDO,,
SIC02946,2946,AZIENDA,81LEAD|ContattiMirco|EmailMirco|Labotecnic1|Labotecnic2,,,,,,,IT,,,,,,,,,info@negriricevimenti.com,,,,,,,,,Italia,,,,,,,,,,,,,,,,,,,,GUEST,FREE,,0,18/06/2026,FREDDO,,
SIC02947,2947,AZIENDA,81LEAD|ContattiMirco|EmailMirco|Labotecnic1|Labotecnic2,,,,,,,IT,,,,,,,,,info@newcalorsystem.it,,,,,,,,,Italia,,,,,,,,,,,,,,,,,,,,GUEST,FREE,,0,18/06/2026,FREDDO,,
SIC02948,2948,AZIENDA,81LEAD|ContattiMirco|EmailMirco,,,,,,,IT,,,,,,,,,info@nuovacasadellosterzo.com,,,,,,,,,Italia,,,,,,,,,,,,,,,,,,,,GUEST,FREE,,0,18/06/2026,FREDDO,,
SIC02949,2949,AZIENDA,81LEAD|ContattiMirco|EmailMirco|Labotecnic1|Labotecnic2,,,,,,,IT,,,,,,,,,info@nuovamarinasirenella.it,,,,,,,,,Italia,,,,,,,,,,,,,,,,,,,,GUEST,FREE,,0,18/06/2026,FREDDO,,
SIC02950,2950,AZIENDA,81LEAD|ContattiMirco|EmailMirco|Labotecnic1|Labotecnic2,,,,,,,IT,,,,,,,,,info@obmsrl.com,,,,,,,,,Italia,,,,,,,,,,,,,,,,,,,,GUEST,FREE,,0,18/06/2026,FREDDO,,
SIC02951,2951,AZIENDA,81LEAD|ContattiMirco|EmailMirco|Labotecnic1|Labotecnic2,,,,,,,IT,,,,,,,,,info@officeteamsrl.com,,,,,,,,,Italia,,,,,,,,,,,,,,,,,,,,GUEST,FREE,,0,18/06/2026,FREDDO,,
SIC02952,2952,AZIENDA,81LEAD|ContattiMirco|EmailMirco|Labotecnic1|Labotecnic2,,,,,,,IT,,,,,,,,,info@michelebonivento.com,,,,,,,,,Italia,,,,,,,,,,,,,,,,,,,,GUEST,FREE,,0,18/06/2026,FREDDO,,
SIC02953,2953,AZIENDA,81LEAD|ContattiMirco|EmailMirco|Labotecnic1|Labotecnic2,,,,,,,IT,,,,,,,,,info@studiodallamutta.it,,,,,,,,,Italia,,,,,,,,,,,,,,,,,,,,GUEST,FREE,,0,18/06/2026,FREDDO,,
SIC02954,2954,AZIENDA,81LEAD|ContattiMirco|EmailMirco|Labotecnic1|Labotecnic2,,,,,,,IT,,,,,,,,,info@studio-facco.it,,,,,,,,,Italia,,,,,,,,,,,,,,,,,,,,GUEST,FREE,,0,18/06/2026,FREDDO,,
SIC02955,2955,AZIENDA,81LEAD|ContattiMirco|EmailMirco|Labotecnic1|Labotecnic2,,,,,,,IT,,,,,,,,,info@strikesurfshop.it,,,,,,,,,Italia,,,,,,,,,,,,,,,,,,,,GUEST,FREE,,0,18/06/2026,FREDDO,,
SIC02956,2956,AZIENDA,81LEAD|ContattiMirco|EmailMirco|Labotecnic1|Labotecnic2,,,,,,,IT,,,,,,,,,info@stereocarpd.it,,,,,,,,,Italia,,,,,,,,,,,,,,,,,,,,GUEST,FREE,,0,18/06/2026,FREDDO,,
SIC02957,2957,AZIENDA,81LEAD|ContattiMirco,,,,,,,IT,,,,,,,,,info@studiolegalefois.it,,,,,,,,,Italia,,,,,,,,,,,,,,,,,,,,GUEST,FREE,,0,18/06/2026,FREDDO,,
SIC02958,2958,AZIENDA,81LEAD|ContattiMirco|EmailMirco|Labotecnic1|Labotecnic2,,,,,,,IT,,,,,,,,,info@studiogigli.it,,,,,,,,,Italia,,,,,,,,,,,,,,,,,,,,GUEST,FREE,,0,18/06/2026,FREDDO,,
SIC02959,2959,AZIENDA,81LEAD|ContattiMirco|EmailMirco|Labotecnic1|Labotecnic2,,,,,,,IT,,,,,,,,,info@studiofurlandebora.it,,,,,,,,,Italia,,,,,,,,,,,,,,,,,,,,GUEST,FREE,,0,18/06/2026,FREDDO,,
SIC02960,2960,AZIENDA,81LEAD|ContattiMirco|EmailMirco|Labotecnic1|Labotecnic2,,,,,,,IT,,,,,,,,,info@studiofiorinibarbara.it,,,,,,,,,Italia,,,,,,,,,,,,,,,,,,,,GUEST,FREE,,0,18/06/2026,FREDDO,,
SIC02961,2961,AZIENDA,81LEAD|ContattiMirco|EmailMirco|Labotecnic1|Labotecnic2,,,,,,,IT,,,,,,,,,info@studiofimi.it,,,,,,,,,Italia,,,,,,,,,,,,,,,,,,,,GUEST,FREE,,0,18/06/2026,FREDDO,,
SIC02962,2962,AZIENDA,81LEAD|ContattiMirco|EmailMirco|Labotecnic1|Labotecnic2,,,,,,,IT,,,,,,,,,info@studioa2.org,,,,,,,,,Italia,,,,,,,,,,,,,,,,,,,,GUEST,FREE,,0,18/06/2026,FREDDO,,
SIC02963,2963,AZIENDA,81LEAD|ContattiMirco|EmailMirco|Labotecnic1|Labotecnic2,,,,,,,IT,,,,,,,,,info@studiocostanzo.com,,,,,,,,,Italia,,,,,,,,,,,,,,,,,,,,GUEST,FREE,,0,18/06/2026,FREDDO,,
SIC02964,2964,AZIENDA,81LEAD|ContattiMirco|EmailMirco|Labotecnic1|Labotecnic2,,,,,,,IT,,,,,,,,,info@studioborille.it,,,,,,,,,Italia,,,,,,,,,,,,,,,,,,,,GUEST,FREE,,0,18/06/2026,FREDDO,,
SIC02965,2965,AZIENDA,81LEAD|ContattiMirco|EmailMirco|Labotecnic1|Labotecnic2,,,,,,,IT,,,,,,,,,info@studiotomasello.com,,,,,,,,,Italia,,,,,,,,,,,,,,,,,,,,GUEST,FREE,,0,18/06/2026,FREDDO,,
SIC02966,2966,AZIENDA,81LEAD|ContattiMirco|EmailMirco|Labotecnic1|Labotecnic2,,,,,,,IT,,,,,,,,,info@studiotognin.it,,,,,,,,,Italia,,,,,,,,,,,,,,,,,,,,GUEST,FREE,,0,18/06/2026,FREDDO,,
SIC02967,2967,AZIENDA,81LEAD|ContattiMirco|EmailMirco|Labotecnic1|Labotecnic2,,,,,,,IT,,,,,,,,,info@studiopram.ve.it,,,,,,,,,Italia,,,,,,,,,,,,,,,,,,,,GUEST,FREE,,0,18/06/2026,FREDDO,,
SIC02968,2968,AZIENDA,81LEAD|ContattiMirco|EmailMirco|Labotecnic1|Labotecnic2,,,,,,,IT,,,,,,,,,info@studiopadovanefranchini.it,,,,,,,,,Italia,,,,,,,,,,,,,,,,,,,,GUEST,FREE,,0,18/06/2026,FREDDO,,
SIC02969,2969,AZIENDA,81LEAD|ContattiMirco|EmailMirco,,,,,,,IT,,,,,,,,,info@studiomicucciebonello.it,,,,,,,,,Italia,,,,,,,,,,,,,,,,,,,,GUEST,FREE,,0,18/06/2026,FREDDO,,
SIC02970,2970,AZIENDA,81LEAD|ContattiMirco|EmailMirco|Labotecnic1|Labotecnic2,,,,,,,IT,,,,,,,,,info@studiomassarotto.191.it,,,,,,,,,Italia,,,,,,,,,,,,,,,,,,,,GUEST,FREE,,0,18/06/2026,FREDDO,,
SIC02971,2971,AZIENDA,81LEAD|ContattiMirco|EmailMirco|Labotecnic1|Labotecnic2,,,,,,,IT,,,,,,,,,info@studioagm.eu,,,,,,,,,Italia,,,,,,,,,,,,,,,,,,,,GUEST,FREE,,0,18/06/2026,FREDDO,,
SIC02972,2972,AZIENDA,81LEAD|ContattiMirco|EmailMirco|Labotecnic1|Labotecnic2,,,,,,,IT,,,,,,,,,info@studioazzi.it,,,,,,,,,Italia,,,,,,,,,,,,,,,,,,,,GUEST,FREE,,0,18/06/2026,FREDDO,,
SIC02973,2973,AZIENDA,81LEAD|ContattiMirco|EmailMirco|Labotecnic1|Labotecnic2,,,,,,,IT,,,,,,,,,info@studiobaruffaldi.com,,,,,,,,,Italia,,,,,,,,,,,,,,,,,,,,GUEST,FREE,,0,18/06/2026,FREDDO,,
SIC02974,2974,AZIENDA,81LEAD|ContattiMirco|Labotecnic1|Labotecnic2,,,,,,,IT,,,,,,,,,info@studiobertibizzotto.it,,,,,,,,,Italia,,,,,,,,,,,,,,,,,,,,GUEST,FREE,,0,18/06/2026,FREDDO,,
SIC02975,2975,AZIENDA,81LEAD|ContattiMirco|EmailMirco|Labotecnic1|Labotecnic2,,,,,,,IT,,,,,,,,,segreteria@reef.it,,,,,,,,,Italia,,,,,,,,,,,,,,,,,,,,GUEST,FREE,,0,18/06/2026,FREDDO,,
SIC02976,2976,AZIENDA,81LEAD|ContattiMirco|EmailMirco,,,,,,,IT,,,,,,,,,servizioclienti@support.expedia.it,,,,,,,,,Italia,,,,,,,,,,,,,,,,,,,,GUEST,FREE,,0,18/06/2026,FREDDO,,
SIC02977,2977,AZIENDA,81LEAD|ContattiMirco|EmailMirco,,,,,,,IT,,,,,,,,,supporto@anfos.it,,,,,,,,,Italia,,,,,,,,,,,,,,,,,,,,GUEST,FREE,,0,18/06/2026,FREDDO,,
SIC02978,2978,AZIENDA,81LEAD|ContattiMirco|EmailMirco,,,,,,,IT,,,,,,,,,supporto@bbq4all.it,,,,,,,,,Italia,,,,,,,,,,,,,,,,,,,,GUEST,FREE,,0,18/06/2026,FREDDO,,
SIC02979,2979,AZIENDA,81LEAD|ContattiMirco|EmailMirco,,,,,,,IT,,,,,,,,,supporto@omnia.video,,,,,,,,,Italia,,,,,,,,,,,,,,,,,,,,GUEST,FREE,,0,18/06/2026,FREDDO,,
SIC02980,2980,AZIENDA,81LEAD|EmailMirco,,,,,,,IT,,,,,,,,,depenalizzazione.pref_rovigo@interno.it,,,,,,,,,Italia,,,,,,,,,,,,,,,,,,,,GUEST,FREE,,0,18/06/2026,FREDDO,,
SIC02981,2981,AZIENDA,81LEAD|Labotecnic1|Labotecnic2,,,,,,,IT,,,,,,,,,3388389343m@gmail.com,,,,,,,,,Italia,,,,,,,,,,,,,,,,,,,,GUEST,FREE,,0,18/06/2026,FREDDO,,
SIC02982,2982,AZIENDA,81LEAD|ContattiMirco|EmailMirco|Labotecnic1|Labotecnic2,,,,,,,IT,,,,,,,,,segreteria@agefis.it,,,,,,,,,Italia,,,,,,,,,,,,,,,,,,,,GUEST,FREE,,0,18/06/2026,FREDDO,,
SIC02983,2983,AZIENDA,81LEAD|ContattiMirco|EmailMirco,,,,,,,IT,,,,,,,,,info@one-fiber.it,,,,,,,,,Italia,,,,,,,,,,,,,,,,,,,,GUEST,FREE,,0,18/06/2026,FREDDO,,
SIC02984,2984,AZIENDA,81LEAD|ContattiMirco|EmailMirco,,,,,,,IT,,,,,,,,,info@sabbatinisrl.com,,,,,,,,,Italia,,,,,,,,,,,,,,,,,,,,GUEST,FREE,,0,18/06/2026,FREDDO,,
SIC02985,2985,AZIENDA,81LEAD|ContattiMirco|EmailMirco,,,,,,,IT,,,,,,,,,info@safestudio.it,,,,,,,,,Italia,,,,,,,,,,,,,,,,,,,,GUEST,FREE,,0,18/06/2026,FREDDO,,
SIC02986,2986,AZIENDA,81LEAD|ContattiMirco|EmailMirco|Labotecnic1|Labotecnic2,,,,,,,IT,,,,,,,,,info@salataglio-teamgreen.com,,,,,,,,,Italia,,,,,,,,,,,,,,,,,,,,GUEST,FREE,,0,18/06/2026,FREDDO,,
SIC02987,2987,AZIENDA,81LEAD|ContattiMirco|EmailMirco|Labotecnic1|Labotecnic2,,,,,,,IT,,,,,,,,,info@sanadent.it,,,,,,,,,Italia,,,,,,,,,,,,,,,,,,,,GUEST,FREE,,0,18/06/2026,FREDDO,,
SIC02988,2988,AZIENDA,81LEAD|ContattiMirco|EmailMirco|Labotecnic1|Labotecnic2,,,,,,,IT,,,,,,,,,info@sangiulianocompany.it,,,,,,,,,Italia,,,,,,,,,,,,,,,,,,,,GUEST,FREE,,0,18/06/2026,FREDDO,,
SIC02989,2989,AZIENDA,81LEAD|ContattiMirco|EmailMirco,,,,,,,IT,,,,,,,,,info@promofiereverona.com,,,,,,,,,Italia,,,,,,,,,,,,,,,,,,,,GUEST,FREE,,0,18/06/2026,FREDDO,,
SIC02990,2990,AZIENDA,81LEAD|ContattiMirco|EmailMirco|Labotecnic1|Labotecnic2,,,,,,,IT,,,,,,,,,info@pubblifest.com,,,,,,,,,Italia,,,,,,,,,,,,,,,,,,,,GUEST,FREE,,0,18/06/2026,FREDDO,,
SIC02991,2991,AZIENDA,81LEAD|ContattiMirco|EmailMirco|Labotecnic1|Labotecnic2,,,,,,,IT,,,,,,,,,info@punto3arredamenti.it,,,,,,,,,Italia,,,,,,,,,,,,,,,,,,,,GUEST,FREE,,0,18/06/2026,FREDDO,,
SIC02992,2992,AZIENDA,81LEAD|ContattiMirco|EmailMirco,,,,,,,IT,,,,,,,,,info@recostruzioni.it,,,,,,,,,Italia,,,,,,,,,,,,,,,,,,,,GUEST,FREE,,0,18/06/2026,FREDDO,,
SIC02993,2993,AZIENDA,81LEAD|ContattiMirco|EmailMirco|Labotecnic1|Labotecnic2,,,,,,,IT,,,,,,,,,info@reef.it,,,,,,,,,Italia,,,,,,,,,,,,,,,,,,,,GUEST,FREE,,0,18/06/2026,FREDDO,,
SIC02994,2994,AZIENDA,81LEAD|ContattiMirco|EmailMirco,,,,,,,IT,,,,,,,,,info@rendimentoetico.it,,,,,,,,,Italia,,,,,,,,,,,,,,,,,,,,GUEST,FREE,,0,18/06/2026,FREDDO,,
SIC02995,2995,AZIENDA,81LEAD|ContattiMirco|EmailMirco,,,,,,,IT,,,,,,,,,info@ri-carica.com,,,,,,,,,Italia,,,,,,,,,,,,,,,,,,,,GUEST,FREE,,0,18/06/2026,FREDDO,,
SIC02996,2996,AZIENDA,81LEAD|ContattiMirco|EmailMirco|Labotecnic1|Labotecnic2,,,,,,,IT,,,,,,,,,info@rigato.net,,,,,,,,,Italia,,,,,,,,,,,,,,,,,,,,GUEST,FREE,,0,18/06/2026,FREDDO,,
SIC02997,2997,AZIENDA,81LEAD|ContattiMirco|EmailMirco|Labotecnic1|Labotecnic2,,,,,,,IT,,,,,,,,,info@officine-parenti.it,,,,,,,,,Italia,,,,,,,,,,,,,,,,,,,,GUEST,FREE,,0,18/06/2026,FREDDO,,
SIC02998,2998,AZIENDA,81LEAD|ContattiMirco|EmailMirco|Labotecnic1|Labotecnic2,,,,,,,IT,,,,,,,,,info@olivatoassociati.it,,,,,,,,,Italia,,,,,,,,,,,,,,,,,,,,GUEST,FREE,,0,18/06/2026,FREDDO,,
SIC02999,2999,AZIENDA,81LEAD|ContattiMirco|EmailMirco,,,,,,,IT,,,,,,,,,info@or-service.biz,,,,,,,,,Italia,,,,,,,,,,,,,,,,,,,,GUEST,FREE,,0,18/06/2026,FREDDO,,
SIC03000,3000,AZIENDA,81LEAD|ContattiMirco|EmailMirco,,,,,,,IT,,,,,,,,,info@pellicciasrl.it,,,,,,,,,Italia,,,,,,,,,,,,,,,,,,,,GUEST,FREE,,0,18/06/2026,FREDDO,,
SIC03001,3001,AZIENDA,81LEAD|ContattiMirco|EmailMirco|Labotecnic1|Labotecnic2,,,,,,,IT,,,,,,,,,info@petraimpianti.it,,,,,,,,,Italia,,,,,,,,,,,,,,,,,,,,GUEST,FREE,,0,18/06/2026,FREDDO,,
SIC03002,3002,AZIENDA,81LEAD|ContattiMirco|EmailMirco|Labotecnic1|Labotecnic2,,,,,,,IT,,,,,,,,,info@pirotecnicaarquatese.it,,,,,,,,,Italia,,,,,,,,,,,,,,,,,,,,GUEST,FREE,,0,18/06/2026,FREDDO,,
SIC03003,3003,AZIENDA,81LEAD|ContattiMirco|EmailMirco|Labotecnic1|Labotecnic2,,,,,,,IT,,,,,,,,,info@playadelsol.eu,,,,,,,,,Italia,,,,,,,,,,,,,,,,,,,,GUEST,FREE,,0,18/06/2026,FREDDO,,
SIC03004,3004,AZIENDA,81LEAD|ContattiMirco|EmailMirco|Labotecnic1|Labotecnic2,,,,,,,IT,,,,,,,,,info@studiotonon.com,,,,,,,,,Italia,,,,,,,,,,,,,,,,,,,,GUEST,FREE,,0,18/06/2026,FREDDO,,
SIC03005,3005,AZIENDA,81LEAD|ContattiMirco|EmailMirco,,,,,,,IT,,,,,,,,,info@surftolive.com,,,,,,,,,Italia,,,,,,,,,,,,,,,,,,,,GUEST,FREE,,0,18/06/2026,FREDDO,,
SIC03006,3006,AZIENDA,81LEAD|ContattiMirco|EmailMirco|Labotecnic1|Labotecnic2,,,,,,,IT,,,,,,,,,info@svmedicalservice.it,,,,,,,,,Italia,,,,,,,,,,,,,,,,,,,,GUEST,FREE,,0,18/06/2026,FREDDO,,
SIC03007,3007,AZIENDA,81LEAD|ContattiMirco|EmailMirco|Labotecnic1|Labotecnic2,,,,,,,IT,,,,,,,,,info@synthesis-srl.com,,,,,,,,,Italia,,,,,,,,,,,,,,,,,,,,GUEST,FREE,,0,18/06/2026,FREDDO,,
SIC03008,3008,AZIENDA,81LEAD|ContattiMirco|EmailMirco|Labotecnic1|Labotecnic2,,,,,,,IT,,,,,,,,,info@techneprogetti.com,,,,,,,,,Italia,,,,,,,,,,,,,,,,,,,,GUEST,FREE,,0,18/06/2026,FREDDO,,
SIC03009,3009,AZIENDA,81LEAD|ContattiMirco|EmailMirco|Labotecnic1|Labotecnic2,,,,,,,IT,,,,,,,,,info@tecnoclimap.com,,,,,,,,,Italia,,,,,,,,,,,,,,,,,,,,GUEST,FREE,,0,18/06/2026,FREDDO,,
SIC03010,3010,AZIENDA,81LEAD|ContattiMirco|EmailMirco|Labotecnic1|Labotecnic2,,,,,,,IT,,,,,,,,,info@tecnocopy.eu,,,,,,,,,Italia,,,,,,,,,,,,,,,,,,,,GUEST,FREE,,0,18/06/2026,FREDDO,,
SIC03011,3011,AZIENDA,81LEAD|ContattiMirco|EmailMirco|Labotecnic1|Labotecnic2,,,,,,,IT,,,,,,,,,info@tettolares.com,,,,,,,,,Italia,,,,,,,,,,,,,,,,,,,,GUEST,FREE,,0,18/06/2026,FREDDO,,
SIC03012,3012,AZIENDA,81LEAD|ContattiMirco|EmailMirco|Labotecnic1|Labotecnic2,,,,,,,IT,,,,,,,,,info@studiolippiassociato.com,,,,,,,,,Italia,,,,,,,,,,,,,,,,,,,,GUEST,FREE,,0,18/06/2026,FREDDO,,
SIC03013,3013,AZIENDA,81LEAD|ContattiMirco|EmailMirco|Labotecnic1|Labotecnic2,,,,,,,IT,,,,,,,,,info@studiom6.it,,,,,,,,,Italia,,,,,,,,,,,,,,,,,,,,GUEST,FREE,,0,18/06/2026,FREDDO,,
SIC03014,3014,AZIENDA,81LEAD|ContattiMirco|Labotecnic1|Labotecnic2,,,,,,,IT,,,,,,,,,info@immaginails.it,,,,,,,,,Italia,,,,,,,,,,,,,,,,,,,,GUEST,FREE,,0,18/06/2026,FREDDO,,
SIC03015,3015,AZIENDA,81LEAD|ContattiMirco|EmailMirco|Labotecnic1|Labotecnic2,,,,,,,IT,,,,,,,,,info@bridgman.it,,,,,,,,,Italia,,,,,,,,,,,,,,,,,,,,GUEST,FREE,,0,18/06/2026,FREDDO,,
SIC03016,3016,AZIENDA,81LEAD|ContattiMirco|EmailMirco|Labotecnic1|Labotecnic2,,,,,,,IT,,,,,,,,,info@arcleonardo.com,,,,,,,,,Italia,,,,,,,,,,,,,,,,,,,,GUEST,FREE,,0,18/06/2026,FREDDO,,
SIC03017,3017,AZIENDA,81LEAD|ContattiMirco|EmailMirco|Labotecnic1|Labotecnic2,,,,,,,IT,,,,,,,,,info@aqua-consult.it,,,,,,,,,Italia,,,,,,,,,,,,,,,,,,,,GUEST,FREE,,0,18/06/2026,FREDDO,,
SIC03018,3018,AZIENDA,81LEAD|ContattiMirco|EmailMirco,,,,,,,IT,,,,,,,,,info@angeloruggeri.it,,,,,,,,,Italia,,,,,,,,,,,,,,,,,,,,GUEST,FREE,,0,18/06/2026,FREDDO,,
SIC03019,3019,AZIENDA,81LEAD|ContattiMirco|EmailMirco|Labotecnic1|Labotecnic2,,,,,,,IT,,,,,,,,,info@altoadriatiko.it,,,,,,,,,Italia,,,,,,,,,,,,,,,,,,,,GUEST,FREE,,0,18/06/2026,FREDDO,,
SIC03020,3020,AZIENDA,81LEAD|ContattiMirco|EmailMirco|Labotecnic1|Labotecnic2,,,,,,,IT,,,,,,,,,info@alpenboys.it,,,,,,,,,Italia,,,,,,,,,,,,,,,,,,,,GUEST,FREE,,0,18/06/2026,FREDDO,,
SIC03021,3021,AZIENDA,81LEAD|ContattiMirco|EmailMirco|Labotecnic1|Labotecnic2,,,,,,,IT,,,,,,,,,info@allesfisch.it,,,,,,,,,Italia,,,,,,,,,,,,,,,,,,,,GUEST,FREE,,0,18/06/2026,FREDDO,,
SIC03022,3022,AZIENDA,81LEAD|ContattiMirco|EmailMirco,,,,,,,IT,,,,,,,,,info@aistardigital.it,,,,,,,,,Italia,,,,,,,,,,,,,,,,,,,,GUEST,FREE,,0,18/06/2026,FREDDO,,
SIC03023,3023,AZIENDA,81LEAD|ContattiMirco|EmailMirco|Labotecnic1|Labotecnic2,,,,,,,IT,,,,,,,,,info@brimar.it,,,,,,,,,Italia,,,,,,,,,,,,,,,,,,,,GUEST,FREE,,0,18/06/2026,FREDDO,,
SIC03024,3024,AZIENDA,81LEAD|ContattiMirco|EmailMirco|Labotecnic1|Labotecnic2,,,,,,,IT,,,,,,,,,info@artigianatopadovano.it,,,,,,,,,Italia,,,,,,,,,,,,,,,,,,,,GUEST,FREE,,0,18/06/2026,FREDDO,,
SIC03025,3025,AZIENDA,81LEAD|ContattiMirco|EmailMirco,,,,,,,IT,,,,,,,,,info@braviassociati.com,,,,,,,,,Italia,,,,,,,,,,,,,,,,,,,,GUEST,FREE,,0,18/06/2026,FREDDO,,
SIC03026,3026,AZIENDA,81LEAD|ContattiMirco|EmailMirco,,,,,,,IT,,,,,,,,,info@bountyrimini.it,,,,,,,,,Italia,,,,,,,,,,,,,,,,,,,,GUEST,FREE,,0,18/06/2026,FREDDO,,
SIC03027,3027,AZIENDA,81LEAD|ContattiMirco|EmailMirco,,,,,,,IT,,,,,,,,,info@blue-tomato.com,,,,,,,,,Italia,,,,,,,,,,,,,,,,,,,,GUEST,FREE,,0,18/06/2026,FREDDO,,
SIC03028,3028,AZIENDA,81LEAD|ContattiMirco|EmailMirco|Labotecnic1|Labotecnic2,,,,,,,IT,,,,,,,,,info@beltramebevande.it,,,,,,,,,Italia,,,,,,,,,,,,,,,,,,,,GUEST,FREE,,0,18/06/2026,FREDDO,,
SIC03029,3029,AZIENDA,81LEAD|ContattiMirco|EmailMirco|Labotecnic1|Labotecnic2,,,,,,,IT,,,,,,,,,info@begossistudio.com,,,,,,,,,Italia,,,,,,,,,,,,,,,,,,,,GUEST,FREE,,0,18/06/2026,FREDDO,,
SIC03030,3030,AZIENDA,81LEAD|ContattiMirco|EmailMirco,,,,,,,IT,,,,,,,,,info@assistedil.it,,,,,,,,,Italia,,,,,,,,,,,,,,,,,,,,GUEST,FREE,,0,18/06/2026,FREDDO,,
SIC03031,3031,AZIENDA,81LEAD|ContattiMirco|EmailMirco|Labotecnic1|Labotecnic2,,,,,,,IT,,,,,,,,,info@cerealdocks.it,,,,,,,,,Italia,,,,,,,,,,,,,,,,,,,,GUEST,FREE,,0,18/06/2026,FREDDO,,
SIC03032,3032,AZIENDA,81LEAD|ContattiMirco|EmailMirco|Labotecnic1|Labotecnic2,,,,,,,IT,,,,,,,,,info@cecchettiningegneria.it,,,,,,,,,Italia,,,,,,,,,,,,,,,,,,,,GUEST,FREE,,0,18/06/2026,FREDDO,,
SIC03033,3033,AZIENDA,81LEAD|ContattiMirco|EmailMirco|Labotecnic1|Labotecnic2,,,,,,,IT,,,,,,,,,info@a08.it,,,,,,,,,Italia,,,,,,,,,,,,,,,,,,,,GUEST,FREE,,0,18/06/2026,FREDDO,,
SIC03034,3034,AZIENDA,81LEAD|ContattiMirco|EmailMirco|Labotecnic1|Labotecnic2,,,,,,,IT,,,,,,,,,info@adriaticaimmobiliare.eu,,,,,,,,,Italia,,,,,,,,,,,,,,,,,,,,GUEST,FREE,,0,18/06/2026,FREDDO,,
SIC03035,3035,AZIENDA,81LEAD|ContattiMirco|EmailMirco,,,,,,,IT,,,,,,,,,info@agentidoma.it,,,,,,,,,Italia,,,,,,,,,,,,,,,,,,,,GUEST,FREE,,0,18/06/2026,FREDDO,,
SIC03036,3036,AZIENDA,81LEAD|ContattiMirco|EmailMirco|Labotecnic1|Labotecnic2,,,,,,,IT,,,,,,,,,info@agenziaorizzonti.it,,,,,,,,,Italia,,,,,,,,,,,,,,,,,,,,GUEST,FREE,,0,18/06/2026,FREDDO,,
SIC03037,3037,AZIENDA,81LEAD|ContattiMirco|EmailMirco,,,,,,,IT,,,,,,,,,info@agriturismoilleccio.it,,,,,,,,,Italia,,,,,,,,,,,,,,,,,,,,GUEST,FREE,,0,18/06/2026,FREDDO,,
SIC03038,3038,AZIENDA,81LEAD|ContattiMirco|EmailMirco|Labotecnic1|Labotecnic2,,,,,,,IT,,,,,,,,,info@aifos.it,,,,,,,,,Italia,,,,,,,,,,,,,,,,,,,,GUEST,FREE,,0,18/06/2026,FREDDO,,
SIC03039,3039,AZIENDA,81LEAD|ContattiMirco|EmailMirco|Labotecnic1|Labotecnic2,,,,,,,IT,,,,,,,,,info@dittabrignoli.it,,,,,,,,,Italia,,,,,,,,,,,,,,,,,,,,GUEST,FREE,,0,18/06/2026,FREDDO,,
SIC03040,3040,AZIENDA,81LEAD|ContattiMirco|EmailMirco|Labotecnic1|Labotecnic2,,,,,,,IT,,,,,,,,,info@donegacostruzioni.it,,,,,,,,,Italia,,,,,,,,,,,,,,,,,,,,GUEST,FREE,,0,18/06/2026,FREDDO,,
SIC03041,3041,AZIENDA,81LEAD|ContattiMirco|EmailMirco,,,,,,,IT,,,,,,,,,info@ebvenetofvg.it,,,,,,,,,Italia,,,,,,,,,,,,,,,,,,,,GUEST,FREE,,0,18/06/2026,FREDDO,,
SIC03042,3042,AZIENDA,81LEAD|ContattiMirco|EmailMirco|Labotecnic1|Labotecnic2,,,,,,,IT,,,,,,,,,info@ecovie.it,,,,,,,,,Italia,,,,,,,,,,,,,,,,,,,,GUEST,FREE,,0,18/06/2026,FREDDO,,
SIC03043,3043,AZIENDA,81LEAD|ContattiMirco|EmailMirco|Labotecnic1|Labotecnic2,,,,,,,IT,,,,,,,,,info@edilfuturosnc.it,,,,,,,,,Italia,,,,,,,,,,,,,,,,,,,,GUEST,FREE,,0,18/06/2026,FREDDO,,
SIC03044,3044,AZIENDA,81LEAD|ContattiMirco|EmailMirco|Labotecnic1|Labotecnic2,,,,,,,IT,,,,,,,,,info@egointernational.it,,,,,,,,,Italia,,,,,,,,,,,,,,,,,,,,GUEST,FREE,,0,18/06/2026,FREDDO,,
SIC03045,3045,AZIENDA,81LEAD|ContattiMirco|EmailMirco|Labotecnic1|Labotecnic2,,,,,,,IT,,,,,,,,,info@ekoore.com,,,,,,,,,Italia,,,,,,,,,,,,,,,,,,,,GUEST,FREE,,0,18/06/2026,FREDDO,,
SIC03046,3046,AZIENDA,81LEAD|ContattiMirco|EmailMirco|Labotecnic1|Labotecnic2,,,,,,,IT,,,,,,,,,amministrazione@macmanagement.it,,,,,,,,,Italia,,,,,,,,,,,,,,,,,,,,GUEST,FREE,,0,18/06/2026,FREDDO,,
SIC03047,3047,AZIENDA,81LEAD|ContattiMirco|EmailMirco|Labotecnic1|Labotecnic2,,,,,,,IT,,,,,,,,,amministrazione@elettrofor.it,,,,,,,,,Italia,,,,,,,,,,,,,,,,,,,,GUEST,FREE,,0,18/06/2026,FREDDO,,
SIC03048,3048,AZIENDA,81LEAD|ContattiMirco|EmailMirco|Labotecnic1|Labotecnic2,,,,,,,IT,,,,,,,,,amministrazione@costruzionidegiuli.it,,,,,,,,,Italia,,,,,,,,,,,,,,,,,,,,GUEST,FREE,,0,18/06/2026,FREDDO,,
SIC03049,3049,AZIENDA,81LEAD|ContattiMirco|Labotecnic1|Labotecnic2,,,,,,,IT,,,,,,,,,amministrazione@baccaroshoes.it,,,,,,,,,Italia,,,,,,,,,,,,,,,,,,,,GUEST,FREE,,0,18/06/2026,FREDDO,,
SIC03050,3050,AZIENDA,81LEAD|ContattiMirco|Labotecnic1|Labotecnic2,,,,,,,IT,,,,,,,,,amministrazione.glenda@studipozzato.it,,,,,,,,,Italia,,,,,,,,,,,,,,,,,,,,GUEST,FREE,,0,18/06/2026,FREDDO,,
SIC03051,3051,AZIENDA,81LEAD|ContattiMirco,,,,,,,IT,,,,,,,,,info@pipitonealberto.it,,3932865298280,3932865298280,,,,,,Italia,,,,,,,,,,,,,,,,,,,,GUEST,FREE,,0,18/06/2026,FREDDO,,
SIC03052,3052,AZIENDA,81LEAD|ContattiMirco|Labotecnic1|Labotecnic2,,,,,,,IT,,,,,,,,,e.romeo@calcestruzzi.it,,,,,,,,,Italia,,,,,,,,,,,,,,,,,,,,GUEST,FREE,,0,18/06/2026,FREDDO,,
SIC03053,3053,AZIENDA,81LEAD|ContattiMirco|EmailMirco|Labotecnic1|Labotecnic2,,,,,,,IT,,,,,,,,,amministrazione@nuovatipografia.it,,,,,,,,,Italia,,,,,,,,,,,,,,,,,,,,GUEST,FREE,,0,18/06/2026,FREDDO,,
SIC03054,3054,AZIENDA,81LEAD|ContattiMirco|EmailMirco|Labotecnic1|Labotecnic2,,,,,,,IT,,,,,,,,,amministrazione@synthesis-srl.com,,,,,,,,,Italia,,,,,,,,,,,,,,,,,,,,GUEST,FREE,,0,18/06/2026,FREDDO,,
SIC03055,3055,AZIENDA,81LEAD|ContattiMirco|EmailMirco|Labotecnic1|Labotecnic2,,,,,,,IT,,,,,,,,,amministrazione@studioaeditecne.it,,,,,,,,,Italia,,,,,,,,,,,,,,,,,,,,GUEST,FREE,,0,18/06/2026,FREDDO,,
SIC03056,3056,AZIENDA,81LEAD|ContattiMirco|EmailMirco,,,,,,,IT,,,,,,,,,info@elearningsicurezza.com,,,,,,,,,Italia,,,,,,,,,,,,,,,,,,,,GUEST,FREE,,0,18/06/2026,FREDDO,,
SIC03057,3057,AZIENDA,81LEAD|ContattiMirco|EmailMirco|Labotecnic1|Labotecnic2,,,,,,,IT,,,,,,,,,amministrazione@padovaclima.it,,,,,,,,,Italia,,,,,,,,,,,,,,,,,,,,GUEST,FREE,,0,18/06/2026,FREDDO,,
SIC03058,3058,AZIENDA,81LEAD|ContattiMirco|EmailMirco|Labotecnic1|Labotecnic2,,,,,,,IT,,,,,,,,,info@brixiamoto.it,,,,,,,,,Italia,,,,,,,,,,,,,,,,,,,,GUEST,FREE,,0,18/06/2026,FREDDO,,
SIC03059,3059,AZIENDA,81LEAD|ContattiMirco|EmailMirco,,,,,,,IT,,,,,,,,,info@caa-srl.com,,,,,,,,,Italia,,,,,,,,,,,,,,,,,,,,GUEST,FREE,,0,18/06/2026,FREDDO,,
SIC03060,3060,AZIENDA,81LEAD|ContattiMirco,,,,,,,IT,,,,,,,,,info@campanellicostruzioni.it,,,,,,,,,Italia,,,,,,,,,,,,,,,,,,,,GUEST,FREE,,0,18/06/2026,FREDDO,,
SIC03061,3061,AZIENDA,81LEAD|ContattiMirco|EmailMirco|Labotecnic1|Labotecnic2,,,,,,,IT,,,,,,,,,info@carloegiorgio.it,,,,,,,,,Italia,,,,,,,,,,,,,,,,,,,,GUEST,FREE,,0,18/06/2026,FREDDO,,
SIC03062,3062,AZIENDA,81LEAD|ContattiMirco|EmailMirco|Labotecnic1|Labotecnic2,,,,,,,IT,,,,,,,,,info@carpenterieferrari.com,,,,,,,,,Italia,,,,,,,,,,,,,,,,,,,,GUEST,FREE,,0,18/06/2026,FREDDO,,
SIC03063,3063,AZIENDA,81LEAD|ContattiMirco|EmailMirco|Labotecnic1|Labotecnic2,,,,,,,IT,,,,,,,,,info@carservicelusia.it,,,,,,,,,Italia,,,,,,,,,,,,,,,,,,,,GUEST,FREE,,0,18/06/2026,FREDDO,,
SIC03064,3064,AZIENDA,81LEAD|ContattiMirco|EmailMirco|Labotecnic1|Labotecnic2,,,,,,,IT,,,,,,,,,info@fuenteflamenca.com,,,,,,,,,Italia,,,,,,,,,,,,,,,,,,,,GUEST,FREE,,0,18/06/2026,FREDDO,,
SIC03065,3065,AZIENDA,81LEAD|ContattiMirco|EmailMirco|Labotecnic1|Labotecnic2,,,,,,,IT,,,,,,,,,info@faenaedilizia.it,,,,,,,,,Italia,,,,,,,,,,,,,,,,,,,,GUEST,FREE,,0,18/06/2026,FREDDO,,
SIC03066,3066,AZIENDA,81LEAD|ContattiMirco|EmailMirco|Labotecnic1|Labotecnic2,,,,,,,IT,,,,,,,,,info@evomatic.it,,,,,,,,,Italia,,,,,,,,,,,,,,,,,,,,GUEST,FREE,,0,18/06/2026,FREDDO,,
SIC03067,3067,AZIENDA,81LEAD|ContattiMirco|EmailMirco,,,,,,,IT,,,,,,,,,info@evolutionforum.sm,,,,,,,,,Italia,,,,,,,,,,,,,,,,,,,,GUEST,FREE,,0,18/06/2026,FREDDO,,
SIC03068,3068,AZIENDA,81LEAD|ContattiMirco|EmailMirco|Labotecnic1|Labotecnic2,,,,,,,IT,,,,,,,,,info@euromusicart.com,,,,,,,,,Italia,,,,,,,,,,,,,,,,,,,,GUEST,FREE,,0,18/06/2026,FREDDO,,
SIC03069,3069,AZIENDA,81LEAD|ContattiMirco|Labotecnic1|Labotecnic2,,,,,,,IT,,,,,,,,,info@esteticanadia.it,,,,,,,,,Italia,,,,,,,,,,,,,,,,,,,,GUEST,FREE,,0,18/06/2026,FREDDO,,
SIC03070,3070,AZIENDA,81LEAD|ContattiMirco|EmailMirco,,,,,,,IT,,,,,,,,,info@esteticamente.eu,,,,,,,,,Italia,,,,,,,,,,,,,,,,,,,,GUEST,FREE,,0,18/06/2026,FREDDO,,
SIC03071,3071,AZIENDA,81LEAD|ContattiMirco|EmailMirco,,,,,,,IT,,,,,,,,,info@essecimultiservice.com,,,,,,,,,Italia,,,,,,,,,,,,,,,,,,,,GUEST,FREE,,0,18/06/2026,FREDDO,,
SIC03072,3072,AZIENDA,81LEAD|ContattiMirco|EmailMirco,,,,,,,IT,,,,,,,,,info@eshirt.it,,,,,,,,,Italia,,,,,,,,,,,,,,,,,,,,GUEST,FREE,,0,18/06/2026,FREDDO,,
SIC03073,3073,AZIENDA,81LEAD|ContattiMirco|EmailMirco|Labotecnic1|Labotecnic2,,,,,,,IT,,,,,,,,,info@electrolight.it,,,,,,,,,Italia,,,,,,,,,,,,,,,,,,,,GUEST,FREE,,0,18/06/2026,FREDDO,,
SIC03074,3074,AZIENDA,81LEAD|ContattiMirco|Labotecnic1|Labotecnic2,,,,,,,IT,,,,,,,,,info@frankcadillacmagic.it,,,,,,,,,Italia,,,,,,,,,,,,,,,,,,,,GUEST,FREE,,0,18/06/2026,FREDDO,,
SIC03075,3075,AZIENDA,81LEAD|ContattiMirco|EmailMirco|Labotecnic1|Labotecnic2,,,,,,,IT,,,,,,,,,info@franceschetti-pulizie.it,,,,,,,,,Italia,,,,,,,,,,,,,,,,,,,,GUEST,FREE,,0,18/06/2026,FREDDO,,
SIC03076,3076,AZIENDA,81LEAD|ContattiMirco|EmailMirco|Labotecnic1|Labotecnic2,,,,,,,IT,,,,,,,,,info@fnaantincendio.it,,,,,,,,,Italia,,,,,,,,,,,,,,,,,,,,GUEST,FREE,,0,18/06/2026,FREDDO,,
SIC03077,3077,AZIENDA,81LEAD|ContattiMirco|EmailMirco|Labotecnic1|Labotecnic2,,,,,,,IT,,,,,,,,,info@federicodigiorgi.it,,,,,,,,,Italia,,,,,,,,,,,,,,,,,,,,GUEST,FREE,,0,18/06/2026,FREDDO,,
SIC03078,3078,AZIENDA,81LEAD|ContattiMirco|EmailMirco|Labotecnic1|Labotecnic2,,,,,,,IT,,,,,,,,,info@fdastrutture.com,,,,,,,,,Italia,,,,,,,,,,,,,,,,,,,,GUEST,FREE,,0,18/06/2026,FREDDO,,
SIC03079,3079,AZIENDA,81LEAD|ContattiMirco|EmailMirco,,,,,,,IT,,,,,,,,,info@fastweb.it,,,,,,,,,Italia,,,,,,,,,,,,,,,,,,,,GUEST,FREE,,0,18/06/2026,FREDDO,,
SIC03080,3080,AZIENDA,81LEAD|ContattiMirco|EmailMirco|Labotecnic1|Labotecnic2,,,,,,,IT,,,,,,,,,info@fanchinsrl.it,,,,,,,,,Italia,,,,,,,,,,,,,,,,,,,,GUEST,FREE,,0,18/06/2026,FREDDO,,
SIC03081,3081,AZIENDA,81LEAD|ContattiMirco|EmailMirco|Labotecnic1|Labotecnic2,,,,,,,IT,,,,,,,,,info@gruppomedis.com,,,,,,,,,Italia,,,,,,,,,,,,,,,,,,,,GUEST,FREE,,0,18/06/2026,FREDDO,,
SIC03082,3082,AZIENDA,81LEAD|ContattiMirco|EmailMirco|Labotecnic1|Labotecnic2,,,,,,,IT,,,,,,,,,info@elegantgift.it,,,,,,,,,Italia,,,,,,,,,,,,,,,,,,,,GUEST,FREE,,0,18/06/2026,FREDDO,,
SIC03083,3083,AZIENDA,81LEAD|ContattiMirco|EmailMirco|Labotecnic1|Labotecnic2,,,,,,,IT,,,,,,,,,info@emanueleferrarese.it,,,,,,,,,Italia,,,,,,,,,,,,,,,,,,,,GUEST,FREE,,0,18/06/2026,FREDDO,,
SIC03084,3084,AZIENDA,81LEAD|ContattiMirco|EmailMirco|Labotecnic1|Labotecnic2,,,,,,,IT,,,,,,,,,info@emmegirisarcimenti.com,,,,,,,,,Italia,,,,,,,,,,,,,,,,,,,,GUEST,FREE,,0,18/06/2026,FREDDO,,
SIC03085,3085,AZIENDA,81LEAD|ContattiMirco|EmailMirco|Labotecnic1|Labotecnic2,,,,,,,IT,,,,,,,,,info@energeticosrl.it,,,,,,,,,Italia,,,,,,,,,,,,,,,,,,,,GUEST,FREE,,0,18/06/2026,FREDDO,,
SIC03086,3086,AZIENDA,81LEAD|ContattiMirco|EmailMirco|Labotecnic1|Labotecnic2,,,,,,,IT,,,,,,,,,info@eredirossini.it,,,,,,,,,Italia,,,,,,,,,,,,,,,,,,,,GUEST,FREE,,0,18/06/2026,FREDDO,,
SIC03087,3087,AZIENDA,81LEAD|ContattiMirco|EmailMirco|Labotecnic1|Labotecnic2,,,,,,,IT,,,,,,,,,info@eridania.191.it,,,,,,,,,Italia,,,,,,,,,,,,,,,,,,,,GUEST,FREE,,0,18/06/2026,FREDDO,,
SIC03088,3088,AZIENDA,81LEAD|ContattiMirco|EmailMirco|Labotecnic1|Labotecnic2,,,,,,,IT,,,,,,,,,info@erreservices.it,,,,,,,,,Italia,,,,,,,,,,,,,,,,,,,,GUEST,FREE,,0,18/06/2026,FREDDO,,
SIC03089,3089,AZIENDA,81LEAD|ContattiMirco|EmailMirco,,,,,,,IT,,,,,,,,,info@ivoavidhold.com,,,,,,,,,Italia,,,,,,,,,,,,,,,,,,,,GUEST,FREE,,0,18/06/2026,FREDDO,,
SIC03090,3090,AZIENDA,81LEAD|ContattiMirco|EmailMirco|Labotecnic1|Labotecnic2,,,,,,,IT,,,,,,,,,info@keepitsimple.it,,,,,,,,,Italia,,,,,,,,,,,,,,,,,,,,GUEST,FREE,,0,18/06/2026,FREDDO,,
SIC03091,3091,AZIENDA,81LEAD|ContattiMirco|EmailMirco|Labotecnic1|Labotecnic2,,,,,,,IT,,,,,,,,,info@khe-sc.com,,,,,,,,,Italia,,,,,,,,,,,,,,,,,,,,GUEST,FREE,,0,18/06/2026,FREDDO,,
SIC03092,3092,AZIENDA,81LEAD|ContattiMirco|EmailMirco|Labotecnic1|Labotecnic2,,,,,,,IT,,,,,,,,,info@labettoladelbuttero.com,,,,,,,,,Italia,,,,,,,,,,,,,,,,,,,,GUEST,FREE,,0,18/06/2026,FREDDO,,
SIC03093,3093,AZIENDA,81LEAD|ContattiMirco|EmailMirco|Labotecnic1|Labotecnic2,,,,,,,IT,,,,,,,,,info@laboclodia.com,,,,,,,,,Italia,,,,,,,,,,,,,,,,,,,,GUEST,FREE,,0,18/06/2026,FREDDO,,
SIC03094,3094,AZIENDA,81LEAD|ContattiMirco|EmailMirco|Labotecnic1|Labotecnic2,,,,,,,IT,,,,,,,,,info@labotecnic.com,,,,,,,,,Italia,,,,,,,,,,,,,,,,,,,,GUEST,FREE,,0,18/06/2026,FREDDO,,
SIC03095,3095,AZIENDA,81LEAD|ContattiMirco|EmailMirco|Labotecnic1|Labotecnic2,,,,,,,IT,,,,,,,,,info@lacasadelviaggio.it,,,,,,,,,Italia,,,,,,,,,,,,,,,,,,,,GUEST,FREE,,0,18/06/2026,FREDDO,,
SIC03096,3096,AZIENDA,81LEAD|ContattiMirco|EmailMirco|Labotecnic1|Labotecnic2,,,,,,,IT,,,,,,,,,info@lagentile.eu,,,,,,,,,Italia,,,,,,,,,,,,,,,,,,,,GUEST,FREE,,0,18/06/2026,FREDDO,,
SIC03097,3097,AZIENDA,81LEAD|ContattiMirco|EmailMirco,,,,,,,IT,,,,,,,,,info@cuoreiberico.it,,,,,,,,,Italia,,,,,,,,,,,,,,,,,,,,GUEST,FREE,,0,18/06/2026,FREDDO,,
SIC03098,3098,AZIENDA,81LEAD|ContattiMirco|EmailMirco|Labotecnic1|Labotecnic2,,,,,,,IT,,,,,,,,,info@danieliecurto.it,,,,,,,,,Italia,,,,,,,,,,,,,,,,,,,,GUEST,FREE,,0,18/06/2026,FREDDO,,
SIC03099,3099,AZIENDA,81LEAD|ContattiMirco|EmailMirco|Labotecnic1|Labotecnic2,,,,,,,IT,,,,,,,,,info@dbarchitetto.com,,,,,,,,,Italia,,,,,,,,,,,,,,,,,,,,GUEST,FREE,,0,18/06/2026,FREDDO,,
SIC03100,3100,AZIENDA,81LEAD|ContattiMirco|Labotecnic1|Labotecnic2,,,,,,,IT,,,,,,,,,info@deltaconsulting.it,,,,,,,,,Italia,,,,,,,,,,,,,,,,,,,,GUEST,FREE,,0,18/06/2026,FREDDO,,
SIC03101,3101,AZIENDA,81LEAD|ContattiMirco|EmailMirco|Labotecnic1|Labotecnic2,,,,,,,IT,,,,,,,,,info@diegoinmusica.it,,,,,,,,,Italia,,,,,,,,,,,,,,,,,,,,GUEST,FREE,,0,18/06/2026,FREDDO,,
SIC03102,3102,AZIENDA,81LEAD|ContattiMirco|EmailMirco|Labotecnic1|Labotecnic2,,,,,,,IT,,,,,,,,,info@dima-ve.com,,,,,,,,,Italia,,,,,,,,,,,,,,,,,,,,GUEST,FREE,,0,18/06/2026,FREDDO,,
SIC03103,3103,AZIENDA,81LEAD|ContattiMirco|EmailMirco|Labotecnic1|Labotecnic2,,,,,,,IT,,,,,,,,,info@dimensionemoto.net,,,,,,,,,Italia,,,,,,,,,,,,,,,,,,,,GUEST,FREE,,0,18/06/2026,FREDDO,,
SIC03104,3104,AZIENDA,81LEAD|ContattiMirco|EmailMirco|Labotecnic1|Labotecnic2,,,,,,,IT,,,,,,,,,info@dipiustudio.com,,,,,,,,,Italia,,,,,,,,,,,,,,,,,,,,GUEST,FREE,,0,18/06/2026,FREDDO,,
SIC03105,3105,AZIENDA,81LEAD|ContattiMirco|EmailMirco|Labotecnic1|Labotecnic2,,,,,,,IT,,,,,,,,,info@distilleriemantovani.it,,,,,,,,,Italia,,,,,,,,,,,,,,,,,,,,GUEST,FREE,,0,18/06/2026,FREDDO,,
SIC03106,3106,AZIENDA,81LEAD|ContattiMirco|EmailMirco|Labotecnic1|Labotecnic2,,,,,,,IT,,,,,,,,,info@corona-ferrea.it,,,,,,,,,Italia,,,,,,,,,,,,,,,,,,,,GUEST,FREE,,0,18/06/2026,FREDDO,,
SIC03107,3107,AZIENDA,81LEAD|ContattiMirco|EmailMirco,,,,,,,IT,,,,,,,,,info@corsicryptovalute.it,,,,,,,,,Italia,,,,,,,,,,,,,,,,,,,,GUEST,FREE,,0,18/06/2026,FREDDO,,
SIC03108,3108,AZIENDA,81LEAD|ContattiMirco|EmailMirco|Labotecnic1|Labotecnic2,,,,,,,IT,,,,,,,,,info@costruzioniedilferro.com,,,,,,,,,Italia,,,,,,,,,,,,,,,,,,,,GUEST,FREE,,0,18/06/2026,FREDDO,,
SIC03109,3109,AZIENDA,81LEAD|ContattiMirco|EmailMirco|Labotecnic1|Labotecnic2,,,,,,,IT,,,,,,,,,info@costruzioniedilferro.it,,,,,,,,,Italia,,,,,,,,,,,,,,,,,,,,GUEST,FREE,,0,18/06/2026,FREDDO,,
SIC03110,3110,AZIENDA,81LEAD|ContattiMirco|EmailMirco|Labotecnic1|Labotecnic2,,,,,,,IT,,,,,,,,,info@covolo.it,,,,,,,,,Italia,,,,,,,,,,,,,,,,,,,,GUEST,FREE,,0,18/06/2026,FREDDO,,
SIC03111,3111,AZIENDA,81LEAD|ContattiMirco|EmailMirco,,,,,,,IT,,,,,,,,,info@cpmshop.it,,,,,,,,,Italia,,,,,,,,,,,,,,,,,,,,GUEST,FREE,,0,18/06/2026,FREDDO,,
SIC03112,3112,AZIENDA,81LEAD|ContattiMirco|EmailMirco|Labotecnic1|Labotecnic2,,,,,,,IT,,,,,,,,,info@ctstrasporti.it,,,,,,,,,Italia,,,,,,,,,,,,,,,,,,,,GUEST,FREE,,0,18/06/2026,FREDDO,,
SIC03113,3113,AZIENDA,81LEAD|ContattiMirco|EmailMirco|Labotecnic1|Labotecnic2,,,,,,,IT,,,,,,,,,info@cgtmarchitetti.it,,,,,,,,,Italia,,,,,,,,,,,,,,,,,,,,GUEST,FREE,,0,18/06/2026,FREDDO,,
SIC03114,3114,AZIENDA,81LEAD|ContattiMirco|EmailMirco|Labotecnic1|Labotecnic2,,,,,,,IT,,,,,,,,,info@chacarero.it,,,,,,,,,Italia,,,,,,,,,,,,,,,,,,,,GUEST,FREE,,0,18/06/2026,FREDDO,,
SIC03115,3115,AZIENDA,81LEAD|ContattiMirco|EmailMirco|Labotecnic1|Labotecnic2,,,,,,,IT,,,,,,,,,info@chipcore.eu,,,,,,,,,Italia,,,,,,,,,,,,,,,,,,,,GUEST,FREE,,0,18/06/2026,FREDDO,,
SIC03116,3116,AZIENDA,81LEAD|ContattiMirco|EmailMirco|Labotecnic1|Labotecnic2,,,,,,,IT,,,,,,,,,info@climoglass.com,,,,,,,,,Italia,,,,,,,,,,,,,,,,,,,,GUEST,FREE,,0,18/06/2026,FREDDO,,
SIC03117,3117,AZIENDA,81LEAD|ContattiMirco|EmailMirco|Labotecnic1|Labotecnic2,,,,,,,IT,,,,,,,,,info@clodiaforniture.it,,,,,,,,,Italia,,,,,,,,,,,,,,,,,,,,GUEST,FREE,,0,18/06/2026,FREDDO,,
SIC03118,3118,AZIENDA,81LEAD|ContattiMirco|EmailMirco,,,,,,,IT,,,,,,,,,info@cmitalia.it,,,,,,,,,Italia,,,,,,,,,,,,,,,,,,,,GUEST,FREE,,0,18/06/2026,FREDDO,,
SIC03119,3119,AZIENDA,81LEAD|ContattiMirco|EmailMirco|Labotecnic1|Labotecnic2,,,,,,,IT,,,,,,,,,info@containergroup.it,,,,,,,,,Italia,,,,,,,,,,,,,,,,,,,,GUEST,FREE,,0,18/06/2026,FREDDO,,
SIC03120,3120,AZIENDA,81LEAD|ContattiMirco|EmailMirco|Labotecnic1|Labotecnic2,,,,,,,IT,,,,,,,,,info@coop-life.it,,,,,,,,,Italia,,,,,,,,,,,,,,,,,,,,GUEST,FREE,,0,18/06/2026,FREDDO,,
SIC03121,3121,AZIENDA,81LEAD|ContattiMirco|EmailMirco|Labotecnic1|Labotecnic2,,,,,,,IT,,,,,,,,,info@gardacarpentieri.it,,,,,,,,,Italia,,,,,,,,,,,,,,,,,,,,GUEST,FREE,,0,18/06/2026,FREDDO,,
SIC03122,3122,AZIENDA,81LEAD|ContattiMirco|EmailMirco|Labotecnic1|Labotecnic2,,,,,,,IT,,,,,,,,,info@geometrapuozzo.it,,,,,,,,,Italia,,,,,,,,,,,,,,,,,,,,GUEST,FREE,,0,18/06/2026,FREDDO,,
SIC03123,3123,AZIENDA,81LEAD|ContattiMirco|EmailMirco|Labotecnic1|Labotecnic2,,,,,,,IT,,,,,,,,,info@geopalitalia.com,,,,,,,,,Italia,,,,,,,,,,,,,,,,,,,,GUEST,FREE,,0,18/06/2026,FREDDO,,
SIC03124,3124,AZIENDA,81LEAD|ContattiMirco|EmailMirco|Labotecnic1|Labotecnic2,,,,,,,IT,,,,,,,,,info@girotto.it,,,,,,,,,Italia,,,,,,,,,,,,,,,,,,,,GUEST,FREE,,0,18/06/2026,FREDDO,,
SIC03125,3125,AZIENDA,81LEAD|ContattiMirco|EmailMirco|Labotecnic1|Labotecnic2,,,,,,,IT,,,,,,,,,info@giustiniani.net,,,,,,,,,Italia,,,,,,,,,,,,,,,,,,,,GUEST,FREE,,0,18/06/2026,FREDDO,,
SIC03126,3126,AZIENDA,81LEAD|ContattiMirco|EmailMirco|Labotecnic1|Labotecnic2,,,,,,,IT,,,,,,,,,info@grafi-cartsrl.com,,,,,,,,,Italia,,,,,,,,,,,,,,,,,,,,GUEST,FREE,,0,18/06/2026,FREDDO,,
SIC03127,3127,AZIENDA,81LEAD|ContattiMirco|Labotecnic1|Labotecnic2,,,,,,,IT,,,,,,,,,info@groupsgvcaminetti.it,,,,,,,,,Italia,,,,,,,,,,,,,,,,,,,,GUEST,FREE,,0,18/06/2026,FREDDO,,
SIC03128,3128,AZIENDA,81LEAD|ContattiMirco|Labotecnic1|Labotecnic2,,,,,,,IT,,,,,,,,,f.zanatta@calcestruzzi.it,,,,,,,,,Italia,,,,,,,,,,,,,,,,,,,,GUEST,FREE,,0,18/06/2026,FREDDO,,
SIC03129,3129,AZIENDA,ContattiMirco|Labotecnic1|Labotecnic2,,,,,,,IT,,,,,,,,,info@grandimolini.it,,,,,,,,,Italia,,,,,,,,,,,,,,,,,,,,GUEST,FREE,,0,18/06/2026,FREDDO,,
SIC03130,3130,AZIENDA,ContattiMirco|Labotecnic1|Labotecnic2,,,,,,,IT,,,,,,,,,info@marcospanio.it,,,,,,,,,Italia,,,,,,,,,,,,,,,,,,,,GUEST,FREE,,0,18/06/2026,FREDDO,,
SIC03131,3131,AZIENDA,ContattiMirco|Labotecnic1|Labotecnic2,,,,,,,IT,,,,,,,,,info@marcobizzotto.it,,,,,,,,,Italia,,,,,,,,,,,,,,,,,,,,GUEST,FREE,,0,18/06/2026,FREDDO,,
SIC03132,3132,AZIENDA,ContattiMirco|EmailMirco,,,,,,,IT,,,,,,,,,info@marcocastelli.org,,,,,,,,,Italia,,,,,,,,,,,,,,,,,,,,GUEST,FREE,,0,18/06/2026,FREDDO,,
SIC03133,3133,AZIENDA,ContattiMirco|Labotecnic1|Labotecnic2,,,,,,,IT,,,,,,,,,info@marcoepippo.com,,,,,,,,,Italia,,,,,,,,,,,,,,,,,,,,GUEST,FREE,,0,18/06/2026,FREDDO,,
SIC03134,3134,AZIENDA,ContattiMirco|Labotecnic1|Labotecnic2,,,,,,,IT,,,,,,,,,info@marcogavioli.com,,,,,,,,,Italia,,,,,,,,,,,,,,,,,,,,GUEST,FREE,,0,18/06/2026,FREDDO,,
SIC03135,3135,AZIENDA,EmailMirco,,,,,,,IT,,,,,,,,,morenagrandi67@gmail.com,,,,,,,,,Italia,,,,,,,,,,,,,,,,,,,,GUEST,FREE,,0,18/06/2026,FREDDO,,
SIC03136,3136,AZIENDA,EmailMirco,,,,,,,IT,,,,,,,,,emanuellimarco@libero.it,,,,,,,,,Italia,,,,,,,,,,,,,,,,,,,,GUEST,FREE,,0,18/06/2026,FREDDO,,
SIC03137,3137,AZIENDA,EmailMirco,,,,,,,IT,,,,,,,,,galiottomarco@gmail.com,,,,,,,,,Italia,,,,,,,,,,,,,,,,,,,,GUEST,FREE,,0,18/06/2026,FREDDO,,
SIC03138,3138,AZIENDA,EmailMirco,,,,,,,IT,,,,,,,,,cassageometri@geopec.it,,,,,,,,,Italia,,,,,,,,,,,,,,,,,,,,GUEST,FREE,,0,18/06/2026,FREDDO,,
SIC03139,3139,AZIENDA,EmailMirco,,,,,,,IT,,,,,,,,,benignocostruzioni@unapec.it,,,,,,,,,Italia,,,,,,,,,,,,,,,,,,,,GUEST,FREE,,0,18/06/2026,FREDDO,,
SIC03140,3140,AZIENDA,EmailMirco,,,,,,,IT,,,,,,,,,info@corona-ferrea.i,,,,,,,,,Italia,,,,,,,,,,,,,,,,,,,,GUEST,FREE,,0,18/06/2026,FREDDO,,
SIC03141,3141,AZIENDA,EmailMirco,,,,,,,IT,,,,,,,,,info@specialitamucciestaccioli.it,,,,,,,,,Italia,,,,,,,,,,,,,,,,,,,,GUEST,FREE,,0,18/06/2026,FREDDO,,
SIC03142,3142,AZIENDA,EmailMirco,,,,,,,IT,,,,,,,,,marco@ingegneriamilani.it,,,,,,,,,Italia,,,,,,,,,,,,,,,,,,,,GUEST,FREE,,0,18/06/2026,FREDDO,,
SIC03143,3143,AZIENDA,81LEAD|ContattiMirco|EmailMirco|Labotecnic1|Labotecnic2,,,,,,,IT,,,,,,,,,info.biemme@libero.it,,,,,,,,,Italia,,,,,,,,,,,,,,,,,,,,GUEST,FREE,,0,18/06/2026,FREDDO,,
SIC03144,3144,AZIENDA,81LEAD|ContattiMirco|EmailMirco|Labotecnic1|Labotecnic2,,,,,,,IT,,,,,,,,,contabilita@reef.it,,,,,,,,,Italia,,,,,,,,,,,,,,,,,,,,GUEST,FREE,,0,18/06/2026,FREDDO,,
SIC03145,3145,AZIENDA,81LEAD|ContattiMirco|EmailMirco|Labotecnic1|Labotecnic2,,,,,,,IT,,,,,,,,,e.crepaldi@alpinaimmobiliare.it,,,,,,,,,Italia,,,,,,,,,,,,,,,,,,,,GUEST,FREE,,0,18/06/2026,FREDDO,,
SIC03146,3146,AZIENDA,81LEAD|ContattiMirco|EmailMirco,,,,,,,IT,,,,,,,,,eddytheor@gmail.com,,347759894200,347759894200,,,,,,Italia,,,,,,,,,,,,,,,,,,,,GUEST,FREE,,0,18/06/2026,FREDDO,,
SIC03147,3147,AZIENDA,ClientiFatt1|ClientiFatt2|81LEAD|ContattiMirco|EmailMirco,,,,,,,IT,FGGFBA99H29A059G,,0000000,,,,,,fabiofeggi29@gmail.com,,,,,,,,,Italia,,,,,Via Calatafimi 23,45018,Porto Tolle,RO,,,,,,UNICREDIT BANCA SPA,,,,,,GUEST,FREE,,0,18/06/2026,FREDDO,,
SIC03148,3148,AZIENDA,ClientiFatt1|ClientiFatt2|81LEAD|ContattiMirco|EmailMirco,,,,,,,IT,CNSLGB70C67F205V,46032804070,0000000,,,,,,liciaconsolid@gmail.com,,,,,,,,,Italia,,,,,Via R. Albertarelli 140,47522,Cesena,FC,,,,,,,,,,,,GUEST,FREE,,0,18/06/2026,FREDDO,,
SIC03149,3149,AZIENDA,81LEAD|ContattiMirco|EmailMirco|Labotecnic1|Labotecnic2,,,,,,,IT,,,,,,,,,info.lucedesign@gmail.com,,,,,,,,,Italia,,,,,,,,,,,,,,,,,,,,GUEST,FREE,,0,18/06/2026,FREDDO,,
SIC03150,3150,AZIENDA,81LEAD|ContattiMirco|EmailMirco,,,,,,,IT,,,,,,,,,marketing@lyoness.it,,340840426300,340840426300,,,,,,Italia,,,,,,,,,,,,,,,,,,,,GUEST,FREE,,0,18/06/2026,FREDDO,,
SIC03151,3151,AZIENDA,81LEAD|ContattiMirco|EmailMirco|Labotecnic1|Labotecnic2,,,,,,,IT,,,,,,,,,martinaddance@gmail.com,,,,,,,,,Italia,,,,,,,,,,,,,,,,,,,,GUEST,FREE,,0,18/06/2026,FREDDO,,
SIC03152,3152,AZIENDA,81LEAD|ContattiMirco|EmailMirco|Labotecnic1|Labotecnic2,,,,,,,IT,,,,,,,,,e.orlando@ogcostruzioni.it,,,,,,,,,Italia,,,,,,,,,,,,,,,,,,,,GUEST,FREE,,0,18/06/2026,FREDDO,,
SIC03153,3153,AZIENDA,81LEAD|ContattiMirco|EmailMirco|Labotecnic1|Labotecnic2,,,,,,,IT,,,,,,,,,info.paolobaglioni@gmail.com,,,,,,,,,Italia,,,,,,,,,,,,,,,,,,,,GUEST,FREE,,0,18/06/2026,FREDDO,,
SIC03154,3154,AZIENDA,81LEAD|ContattiMirco|EmailMirco|Labotecnic1|Labotecnic2,,,,,,,IT,,,,,,,,,roberto@drserviziufficio.it,,,,,,,,,Italia,,,,,,,,,,,,,,,,,,,,GUEST,FREE,,0,18/06/2026,FREDDO,,
SIC03155,3155,AZIENDA,81LEAD|ContattiMirco|EmailMirco|Labotecnic1|Labotecnic2,,,,,,,IT,,,,,,,,,f.scarabel@iesbiogas.it,,,,,,,,,Italia,,,,,,,,,,,,,,,,,,,,GUEST,FREE,,0,18/06/2026,FREDDO,,
SIC03156,3156,AZIENDA,81LEAD|ContattiMirco|EmailMirco|Labotecnic1|Labotecnic2,,,,,,,IT,,,,,,,,,f.segato@ste-energy.com,,,,,,,,,Italia,,,,,,,,,,,,,,,,,,,,GUEST,FREE,,0,18/06/2026,FREDDO,,
SIC03157,3157,AZIENDA,81LEAD|ContattiMirco|EmailMirco|Labotecnic1|Labotecnic2,,,,,,,IT,,,,,,,,,info.sergiobevilacqua@gmail.com,,,,,,,,,Italia,,,,,,,,,,,,,,,,,,,,GUEST,FREE,,0,18/06/2026,FREDDO,,
SIC03158,3158,AZIENDA,81LEAD|ContattiMirco|EmailMirco|Labotecnic1|Labotecnic2,,,,,,,IT,,,,,,,,,sicurezza@istitutosantandrea.org,,,,,,,,,Italia,,,,,,,,,,,,,,,,,,,,GUEST,FREE,,0,18/06/2026,FREDDO,,
SIC03159,3159,AZIENDA,81LEAD|ContattiMirco|EmailMirco|Labotecnic1|Labotecnic2,,,,,,,IT,,,,,,,,,amministrazione@zeta2000.it,,,,,,,,,Italia,,,,,,,,,,,,,,,,,,,,GUEST,FREE,,0,18/06/2026,FREDDO,,
SIC03160,3160,AZIENDA,ClientiFatt1|ClientiFatt2|81LEAD|ContattiMirco|EmailMirco,,,,,,,IT,RGZCRL64B29L735Q,,,,,,,,carloregazzo@tin.it,,3934756205900,3934756205900,,,,,,Italia,,,,,Via L. Pirandello 51/A,31021,Mogliano Veneto,TV,,,,,,,,,,,,GUEST,FREE,,0,18/06/2026,FREDDO,,
SIC03161,3161,AZIENDA,ClientiFatt1|ClientiFatt2|81LEAD|ContattiMirco|EmailMirco|Labotecnic1|Labotecnic2,,,,,,,IT,FVRNCL85D30H620B,14930902920,UNI0W8G,,,,,,favaro.nicola@yahoo.it,,3932033270150,3932033270150,,,,,,Italia,,,,,Via Argine Regio 1650,45030,San Martino di Venezze,RO,,,,,,,,,,,,GUEST,FREE,,0,18/06/2026,FREDDO,,
SIC03162,3162,AZIENDA,81LEAD|ContattiMirco|EmailMirco,,,,,,,IT,,,,,,,,,marketing.it@myworld.com,,,,,,,,,Italia,,,,,,,,,,,,,,,,,,,,GUEST,FREE,,0,18/06/2026,FREDDO,,
SIC03163,3163,AZIENDA,81LEAD|ContattiMirco|EmailMirco|Labotecnic1|Labotecnic2,,,,,,,IT,,,,,,,,,info.emanuele.manzetti@gmail.com,,,,,,,,,Italia,,,,,,,,,,,,,,,,,,,,GUEST,FREE,,0,18/06/2026,FREDDO,,
SIC03164,3164,AZIENDA,81LEAD|ContattiMirco|EmailMirco,,,2 Emme impresa edile,,,,IT,,,,,,,,,mm2emme@yahoo.it,,,,,,,,,Italia,,,,,,,,,,,,,,,,,,,,GUEST,FREE,,0,18/06/2026,FREDDO,,
SIC03165,3165,AZIENDA,81LEAD|EmailMirco,,,2S Group srls,,,,IT,,,,,,,,,info@2sgroup.net,,3906640017650,3906640017650,,,,,,Italia,,,,,,,,,,,,,,,,,,,,GUEST,FREE,,0,18/06/2026,FREDDO,,
SIC03166,3166,AZIENDA,ClientiFatt1|ClientiFatt2,,,2T SCAVI S.R.L.,,,,IT,01510850298,15108502980,BA6ET11,,,,,,2tscavi1@gmail.com,2tscavi@pec.it,,,,,,,,Italia,,,,,VIA DEL LAVORO 40,45019,Taglio di Po,RO,,,,,,REVOLUT BANK UAB,,,,,,GUEST,FREE,,0,18/06/2026,FREDDO,,
SIC03167,3167,AZIENDA,ClientiFatt1|ClientiFatt2|81LEAD|ContattiMirco|EmailMirco|Labotecnic1|Labotecnic2,,,"3G s.n.c. 
di Prescianotto Gianluca & C.",,,,IT,01402060295,14020602950,3.g@pec.it,,,,,,3.g@tiscali.it,,3934838446510,3934838446510,,,,,,Italia,,,,,Piazza G. Marconi 25/1,45014,Porto Viro,RO,,,,,,,,,,,,GUEST,FREE,,0,18/06/2026,FREDDO,,
SIC03168,3168,AZIENDA,81LEAD|EmailMirco,,,3c Costruzioni 2012 S.R.L.,,,,IT,,,,,,,,,info@politect.it,,3906615203570,3906615203570,,,,,,Italia,,,,,,,,,,,,,,,,,,,,GUEST,FREE,,0,18/06/2026,FREDDO,,
SIC03169,3169,AZIENDA,81LEAD|ContattiMirco|EmailMirco,,,3l Costruzioni,,,,IT,,,,,,,,,costruzioni.3l@libero.it,,390416401080,390416401080,,,,,,Italia,,,,,,,,,,,,,,,,,,,,GUEST,FREE,,0,18/06/2026,FREDDO,,
SIC03170,3170,AZIENDA,81LEAD|EmailMirco,,,A.F.M. Ascensori Srl,,,,IT,,,,,,,,,commerciale@afmascensori.it,,3906660191200,3906660191200,,,,,,Italia,,,,,,,,,,,,,,,,,,,,GUEST,FREE,,0,18/06/2026,FREDDO,,
SIC03171,3171,AZIENDA,81LEAD|EmailMirco,,,AG Dimensione Edilizia Srls,,,,IT,,,,,,,,,alloisig@gmail.com,,3936643862710,3936643862710,,,,,,Italia,,,,,,,,,,,,,,,,,,,,GUEST,FREE,,0,18/06/2026,FREDDO,,
SIC03172,3172,AZIENDA,ClientiFatt1|ClientiFatt2|81LEAD,,,AGRISCAVI di Bellan Luca,,,,IT,BLLLCU83R20C967A,14299702940,UNI0W8G,,,,,,info@agriscavi.it,,,,,,,,,Italia,,,,,Via F. Rismondo 14,45014,Porto Viro,RO,,,,,,,,,,,,GUEST,FREE,,0,18/06/2026,FREDDO,,
SIC03173,3173,AZIENDA,ClientiFatt1|ClientiFatt2|81LEAD|ContattiMirco,,,AGRYTEK SRL,,,,IT,01438350298,14383502980,KRRH6B9,,,,,,agrytek@libero.it,,,,,,,,,Italia,,,,,"Via Mantovana 114/F,",45014,Porto Viro,RO,,,,,,,,,,,,GUEST,FREE,,0,18/06/2026,FREDDO,,
SIC03174,3174,AZIENDA,ClientiFatt1|ClientiFatt2,,,ALLAM ABDELLATIF,,,,IT,LLMBLL81A01Z330C,16539402940,0000000,,,,,,allam.abdellatif@pec.it,allam.abdellatif@pec.it,,,,,,,,Italia,,,,,"VIA SABBIONI, 1306/A",45021,BADIA POLESINE,RO,,,,,,,,,,,,GUEST,FREE,,0,18/06/2026,FREDDO,,
SIC03175,3175,AZIENDA,ClientiFatt1|ClientiFatt2|81LEAD|ContattiMirco|EmailMirco|Labotecnic1|Labotecnic2,,,"ALMA S.n.c. 
di Pertegato Alessandro e Iodice Marco",,,,IT,,47362002800,0000000,,,,,,almainferro@hotmail.com,,,,,,,,,Italia,,,,,Via Bibione 10,35142,Padova,PD,,,,,,,,,,,,GUEST,FREE,,0,18/06/2026,FREDDO,,
SIC03176,3176,AZIENDA,81LEAD|EmailMirco,,,AM Impianti,,,,IT,,,,,,,,,service@amimpianti.tech,,,,,,,,,Italia,,,,,,,,,,,,,,,,,,,,GUEST,FREE,,0,18/06/2026,FREDDO,,
SIC03177,3177,AZIENDA,81LEAD|EmailMirco,,,ANAS S.p.A. - Direzione Generale,,,,IT,,,,,,,,,fflagello@ana.net,,3906444610,3906444610,,,,,,Italia,,,,,,,,,,,,,,,,,,,,GUEST,FREE,,0,18/06/2026,FREDDO,,
SIC03178,3178,AZIENDA,81LEAD|EmailMirco,,,ANCE National Association of Builders,,,,IT,,,,,,,,,nuscab@ance.it,,3939068456710,3939068456710,,,,,,Italia,,,,,,,,,,,,,,,,,,,,GUEST,FREE,,0,18/06/2026,FREDDO,,
SIC03179,3179,AZIENDA,81LEAD|EmailMirco,,,AREA - Azienda Regionale per l'Edilizia Abitativa,,,,IT,,,,,,,,,trasparenza@area.sardegna.it,,3939070200710,3939070200710,,,,,,Italia,,,,,,,,,,,,,,,,,,,,GUEST,FREE,,0,18/06/2026,FREDDO,,
SIC03180,3180,AZIENDA,ClientiFatt1|ClientiFatt2|81LEAD|ContattiMirco|EmailMirco|Labotecnic1|Labotecnic2,,,ARTIGIANA EDILE SNC di Fabris Giocondo & C.,,,,IT,,07009202750,0000000,,,,,,info@artigianaedile.it,,3904155418220,3904155418220,,,,,,Italia,,,,,Calle Gradara 330,30015,Chioggia,VE,,,,,,,,,,,,GUEST,FREE,,0,18/06/2026,FREDDO,,
SIC03181,3181,AZIENDA,ClientiFatt1|ClientiFatt2|81LEAD|ContattiMirco|EmailMirco,,,ASSOCIAZIONE MAPPE FELICI,,,,IT,98192510174,,0000000,,,,,,anna@studentefelice.it,,3933816415320,3933816415320,,,,,,Italia,,,,,VIA MARTIRI LIBERTA' 26/B,25060,Brione,BS,,,,,,,,,,,,GUEST,FREE,,0,18/06/2026,FREDDO,,
SIC03182,3182,AZIENDA,81LEAD|EmailMirco,,,ATIZETA S.R.L.S,,,,IT,,,,,,,,,info@bollettino.sardegna.it,,3907828040420,3907828040420,,,,,,Italia,,,,,,,,,,,,,,,,,,,,GUEST,FREE,,0,18/06/2026,FREDDO,,
SIC03183,3183,AZIENDA,ClientiFatt1|ClientiFatt2|81LEAD|ContattiMirco|EmailMirco,,,AUTOTRASPORTI CIVIERO GABRIELE & FIGLI SNC,,,,IT,01515500294,12213802960,M5UXCR1,,,,,,civierosnc@gmail.com,,39347322361400,39347322361400,,,,,,Italia,,,,,VIA TORNOVA 3468,45017,Loreo,RO,,,,,,UNICREDIT BANCA SPA,,,,,,GUEST,FREE,,0,18/06/2026,FREDDO,,
SIC03184,3184,AZIENDA,ClientiFatt1|ClientiFatt2,,,AXAT S.R.L.,,,,IT,01673630297,16736302970,0000000,,,,,,axatsrl@pec.it,axatsrl@pec.it,,,,,,,,Italia,,,,,VIA LUIGI EINAUDI 117,45100,ROVIGO,RO,,,,,,REVOLUT BANK UAB,,,,,,GUEST,FREE,,0,18/06/2026,FREDDO,,
SIC03185,3185,AZIENDA,ClientiFatt1|ClientiFatt2,,,AZZURRA COSTRUZIONI S.R.L.,,,,IT,,12200002910,USAL8PV,,,,,,azzcossrl@pec.it,,,,,,,,,Italia,,,,,Vicolo Amolaretta 21,45011,Adria,RO,,,,,,,,,,,,GUEST,FREE,,0,18/06/2026,FREDDO,,
SIC03186,3186,AZIENDA,ClientiFatt1|ClientiFatt2|81LEAD,,,AZZURRA SERVICE S.R.L.,,,,IT,04370000277,43700002770,M5UXCR1,,,,,,azzurraservice27@legalmail.it,,,,,,,,,Italia,,,,,Via G. Poli 43/D,30015,Chioggia,VE,,,,,,,,,,,,GUEST,FREE,,0,18/06/2026,FREDDO,,
SIC03187,3187,AZIENDA,81LEAD,,,Abitare Magazzino Edile,,,,IT,,,,,,,,,privacy.idrocentro@legalmail.it,,3901714090010,3901714090010,,,,,,Italia,,,,,,,,,,,,,,,,,,,,GUEST,FREE,,0,18/06/2026,FREDDO,,
SIC03188,3188,AZIENDA,81LEAD|ContattiMirco|EmailMirco|Labotecnic1|Labotecnic2,,,Acca Software spa,,,,IT,,,,,,,,,info@acca.it,,,,,,,,,Italia,,,,,,,,,,,,,,,,,,,,GUEST,FREE,,0,18/06/2026,FREDDO,,
SIC03189,3189,AZIENDA,81LEAD|ContattiMirco,,,Accardi Pitturazioni,,,,IT,,,,,,,,,contatto@esempio.it,,3932731070970,3932731070970,,,,,,Italia,,,,,,,,,,,,,,,,,,,,GUEST,FREE,,0,18/06/2026,FREDDO,,
SIC03190,3190,AZIENDA,81LEAD|EmailMirco,,,Adicem Edilizia S.r.l.,,,,IT,,,,,,,,,o@adicem.it,,3909578927900,3909578927900,,,,,,Italia,,,,,,,,,,,,,,,,,,,,GUEST,FREE,,0,18/06/2026,FREDDO,,
SIC03191,3191,AZIENDA,81LEAD|ContattiMirco|EmailMirco|Labotecnic1|Labotecnic2,,,Afservicesrlu,,,,IT,,,,,,,,,afservicesrlu@gmail.com,,,,,,,,,Italia,,,,,,,,,,,,,,,,,,,,GUEST,FREE,,0,18/06/2026,FREDDO,,
SIC03192,3192,AZIENDA,81LEAD|ContattiMirco|EmailMirco,,,Agati & carianni - impresa edile,,,,IT,,,,,,,,,info@agaticarianni.it,,3933357824070,3933357824070,,,,,,Italia,,,,,,,,,,,,,,,,,,,,GUEST,FREE,,0,18/06/2026,FREDDO,,
SIC03193,3193,AZIENDA,81LEAD|ContattiMirco|EmailMirco|Labotecnic1|Labotecnic2,,,Agenzia Allianz Pordenone centro,,,,IT,,,,,,,,,agenzia@allianz.pn.it,,328007267600,328007267600,,,,,,Italia,,,,,,,,,,,,,,,,,,,,GUEST,FREE,,0,18/06/2026,FREDDO,,
SIC03194,3194,AZIENDA,81LEAD|ContattiMirco,,,Agenzia Mare,,,,IT,,,,,,,,,info@deltamare.com,,,,,,,,,Italia,,,,,,,,,,,,,,,,,,,,GUEST,FREE,,0,18/06/2026,FREDDO,,
SIC03195,3195,AZIENDA,81LEAD|ContattiMirco|EmailMirco|Labotecnic1|Labotecnic2,,,Agenzia Web,,,,IT,,,,,,,,,info@agenziacasaweb.it,,,,,,,,,Italia,,,,,,,,,,,,,,,,,,,,GUEST,FREE,,0,18/06/2026,FREDDO,,
SIC03196,3196,AZIENDA,81LEAD|ContattiMirco|EmailMirco|Labotecnic1|Labotecnic2,,,Agenziagiusy,,,,IT,,,,,,,,,agenziagiusy@gmail.com,,3932846609840,3932846609840,,,,,,Italia,,,,,,,,,,,,,,,,,,,,GUEST,FREE,,0,18/06/2026,FREDDO,,
SIC03197,3197,AZIENDA,81LEAD|EmailMirco,,,Agr Legno S.r.l. Sardegna,,,,IT,,,,,,,,,info@agrlegno.com,,3907045947810,3907045947810,,,,,,Italia,,,,,,,,,,,,,,,,,,,,GUEST,FREE,,0,18/06/2026,FREDDO,,
SIC03198,3198,AZIENDA,81LEAD|Labotecnic1|Labotecnic2,,,Agri Scavi,,,,IT,,,,,,,,,agri.scavi@libero.it,,,,,,,,,Italia,,,,,,,,,,,,,,,,,,,,GUEST,FREE,,0,18/06/2026,FREDDO,,
SIC03199,3199,AZIENDA,81LEAD|EmailMirco,,,Agricolmeccanica Di Milazzo Matteo,,,,IT,,,,,,,,,agricolmeccanica@gmail.com,,3909239810610,3909239810610,,,,,,Italia,,,,,,,,,,,,,,,,,,,,GUEST,FREE,,0,18/06/2026,FREDDO,,
SIC03200,3200,AZIENDA,81LEAD|EmailMirco,,,Aleandri Project & Consulting Srl,,,,IT,,,,,,,,,umberto@aleandri.net,,390658189990,390658189990,,,,,,Italia,,,,,,,,,,,,,,,,,,,,GUEST,FREE,,0,18/06/2026,FREDDO,,
SIC03201,3201,AZIENDA,81LEAD|EmailMirco,,,Alessandro Cianci | Termografia edile Roma,,,,IT,,,,,,,,,ale.cianci2@gmail.com,,3933467504840,3933467504840,,,,,,Italia,,,,,,,,,,,,,,,,,,,,GUEST,FREE,,0,18/06/2026,FREDDO,,
SIC03202,3202,AZIENDA,81LEAD|ContattiMirco|EmailMirco,,,Alessandro nardi | ingegnere & consulente immobiliare,,,,IT,,,,,,,,,info@alessandronardi.info,,3935143734600,3935143734600,,,,,,Italia,,,,,,,,,,,,,,,,,,,,GUEST,FREE,,0,18/06/2026,FREDDO,,
SIC03203,3203,AZIENDA,81LEAD|EmailMirco,,,Alessio Tesconi formatore urbanistica ed edilizia,,,,IT,,,,,,,,,info@camurbanstudio.com,,3934743053320,3934743053320,,,,,,Italia,,,,,,,,,,,,,,,,,,,,GUEST,FREE,,0,18/06/2026,FREDDO,,
SIC03204,3204,AZIENDA,81LEAD|ContattiMirco|EmailMirco|Labotecnic1|Labotecnic2,,,Alex Management,,,,IT,,,,,,,,,info@alexvanni.com,,,,,,,,,Italia,,,,,,,,,,,,,,,,,,,,GUEST,FREE,,0,18/06/2026,FREDDO,,
SIC03205,3205,AZIENDA,ClientiFatt1|ClientiFatt2|81LEAD|ContattiMirco|Labotecnic1|Labotecnic2,,,"Alimentari Favaron S.n.c. 
di Favaron Luigi & C.",,,,IT,00758150296,07581502960,M5UXCR1,,,,,,alim.favaron@gmail.com,,39340555120700,39340555120700,,,,,,Italia,,,,,Riviera G. Marconi 34,45017,Loreo,RO,,,,,,,,,,,,GUEST,FREE,,0,18/06/2026,FREDDO,,
SIC03206,3206,AZIENDA,ClientiFatt1|ClientiFatt2|81LEAD|ContattiMirco|EmailMirco|Labotecnic1|Labotecnic2,,,Alimentari Spinello Natalino,,,,IT,SPNNLN56S14A400Y,11847402960,KXNANZA,,,,,,alimentari.spinello@libero.it,,3904266602690,3904266602690,,,,,,Italia,,,,,Via Roma 18/20,45019,Taglio di Po,RO,,,,,,,,,,,,GUEST,FREE,,0,18/06/2026,FREDDO,,
SIC03207,3207,AZIENDA,81LEAD|ContattiMirco|EmailMirco,,,Altaquota Srls lavori edili,,,,IT,,,,,,,,,lavoriinquota@hotmail.com,,3939387656320,3939387656320,,,,,,Italia,,,,,,,,,,,,,,,,,,,,GUEST,FREE,,0,18/06/2026,FREDDO,,
SIC03208,3208,AZIENDA,81LEAD|EmailMirco,,,Alteda Costruzioni,,,,IT,,,,,,,,,info@altedacostruzioni.it,,3904327607140,3904327607140,,,,,,Italia,,,,,,,,,,,,,,,,,,,,GUEST,FREE,,0,18/06/2026,FREDDO,,
SIC03209,3209,AZIENDA,81LEAD|ContattiMirco|EmailMirco,,,Amato Costruzioni srl,,,,IT,,,,,,,,,costruzioniamat@gmail.com,,390924216450,390924216450,,,,,,Italia,,,,,,,,,,,,,,,,,,,,GUEST,FREE,,0,18/06/2026,FREDDO,,
SIC03210,3210,AZIENDA,81LEAD|EmailMirco,,,Ambiente Lavori Infinite Soluzioni S.r.l.,,,,IT,,,,,,,,,info@ambientelavorinfinitesoluzioni.it,,3906896717250,3906896717250,,,,,,Italia,,,,,,,,,,,,,,,,,,,,GUEST,FREE,,0,18/06/2026,FREDDO,,
SIC03211,3211,AZIENDA,81LEAD|ContattiMirco,,,Amfroldi Maria,,,,IT,,,,,,,,,amfroldi@gmail.com,,3933552493940,3933552493940,,,,,,Italia,,,,,,,,,,,,,,,,,,,,GUEST,FREE,,0,18/06/2026,FREDDO,,
SIC03212,3212,AZIENDA,81LEAD|EmailMirco,,,Amiternum Edilizia,,,,IT,,,,,,,,,amiternumedilizia@gmail.com,,3934622718330,3934622718330,,,,,,Italia,,,,,,,,,,,,,,,,,,,,GUEST,FREE,,0,18/06/2026,FREDDO,,
SIC03213,3213,AZIENDA,81LEAD|ContattiMirco|EmailMirco,,,Andrea - Guadagnare le case,,,,IT,,,,,,,,,assistenza@guadagnareconlecase.it,,,,,,,,,Italia,,,,,,,,,,,,,,,,,,,,GUEST,FREE,,0,18/06/2026,FREDDO,,
SIC03214,3214,AZIENDA,81LEAD|EmailMirco,,,Andrea Di Rosa,,,,IT,,,,,,,,,andreaascoli604@gmail.com,,3932064645110,3932064645110,,,,,,Italia,,,,,,,,,,,,,,,,,,,,GUEST,FREE,,0,18/06/2026,FREDDO,,
SIC03215,3215,AZIENDA,81LEAD|EmailMirco,,,Aneltec S.R.L. Societa' A Socio Unico,,,,IT,,,,,,,,,info@aneltec.it,,390242233430,390242233430,,,,,,Italia,,,,,,,,,,,,,,,,,,,,GUEST,FREE,,0,18/06/2026,FREDDO,,
SIC03216,3216,AZIENDA,ClientiFatt1|ClientiFatt2|81LEAD|ContattiMirco|EmailMirco|Labotecnic1|Labotecnic2,,,Antica Trattoria di Pozzato Sara,,,,IT,,14235002950,0000000,,,,,,trattoriavenerinodasara@gmail.com,,3904269900350,3904269900350,,,,,,Italia,,,,,Via Mezzavia 62,45010,Papozze,RO,,,,,,,,,,,,GUEST,FREE,,0,18/06/2026,FREDDO,,
SIC03217,3217,AZIENDA,81LEAD|EmailMirco,,,Appartamenti Complesso Residenziale Pini di Roma,,,,IT,,,,,,,,,info@romasaxarubra.it,,3906336302190,3906336302190,,,,,,Italia,,,,,,,,,,,,,,,,,,,,GUEST,FREE,,0,18/06/2026,FREDDO,,
SIC03218,3218,AZIENDA,81LEAD|ContattiMirco|EmailMirco,,,Aps Costruzioni,,,,IT,,,,,,,,,info@apcostruzioni.it,,,,,,,,,Italia,,,,,,,,,,,,,,,,,,,,GUEST,FREE,,0,18/06/2026,FREDDO,,
SIC03219,3219,AZIENDA,81LEAD|EmailMirco,,,Arcadia Calcestruzzi S.P.A.,,,,IT,,,,,,,,,info@arcadiacalcestruzzi.it,,3905735362620,3905735362620,,,,,,Italia,,,,,,,,,,,,,,,,,,,,GUEST,FREE,,0,18/06/2026,FREDDO,,
SIC03220,3220,AZIENDA,81LEAD|EmailMirco,,,Arch.edil S.r.l.,,,,IT,,,,,,,,,info@morosinicostruzioni.it,,390352941110,390352941110,,,,,,Italia,,,,,,,,,,,,,,,,,,,,GUEST,FREE,,0,18/06/2026,FREDDO,,
SIC03221,3221,AZIENDA,81LEAD|ContattiMirco|EmailMirco|Labotecnic1|Labotecnic2,,,Archistudio Lasfera,,,,IT,,,,,,,,,archistudio.lasfera@tiscali.it,,,,,,,,,Italia,,,,,,,,,,,,,,,,,,,,GUEST,FREE,,0,18/06/2026,FREDDO,,
SIC03222,3222,AZIENDA,81LEAD|EmailMirco,,,"Area Gestione Edilizia della Sapienza, IV Piano Edificio di Ortopedia",,,,IT,,,,,,,,,electi.world@gmail.com,,3906496941510,3906496941510,,,,,,Italia,,,,,,,,,,,,,,,,,,,,GUEST,FREE,,0,18/06/2026,FREDDO,,
SIC03223,3223,AZIENDA,81LEAD|EmailMirco,,,Area Sosta Camper Al Plan,,,,IT,,,,,,,,,info@areadisostavaldirabbi.it,,3933965567400,3933965567400,,,,,,Italia,,,,,,,,,,,,,,,,,,,,GUEST,FREE,,0,18/06/2026,FREDDO,,
SIC03224,3224,AZIENDA,81LEAD|EmailMirco,,,Aries - Ferramenta Colori Cartongesso,,,,IT,,,,,,,,,barando@libero.it,,3909235602220,3909235602220,,,,,,Italia,,,,,,,,,,,,,,,,,,,,GUEST,FREE,,0,18/06/2026,FREDDO,,
SIC03225,3225,AZIENDA,81LEAD|EmailMirco,,,"Arpe, Associazione Romana della Proprietá Edilizia",,,,IT,,,,,,,,,segreteria@arpe.roma.it,,3939064856110,3939064856110,,,,,,Italia,,,,,,,,,,,,,,,,,,,,GUEST,FREE,,0,18/06/2026,FREDDO,,
SIC03226,3226,AZIENDA,81LEAD|EmailMirco,,,Arrichiello Ciro s.r.l.,,,,IT,,,,,,,,,info@arrichiello.it,,3908175901710,3908175901710,,,,,,Italia,,,,,,,,,,,,,,,,,,,,GUEST,FREE,,0,18/06/2026,FREDDO,,
SIC03227,3227,AZIENDA,ClientiFatt1|ClientiFatt2|81LEAD|ContattiMirco|EmailMirco|Labotecnic1|Labotecnic2,,,Arte del Colore Srls,,,,IT,01516180294,15161802940,arte.del.colore@legalmail.it,,,,,,teodor.1981@gmail.com,,3934087417990,3934087417990,,,,,,Italia,,,,,Via Burchio - Loc. Bellombra 20,45011,Adria,RO,,,,,,,,,,,,GUEST,FREE,,0,18/06/2026,FREDDO,,
SIC03228,3228,AZIENDA,81LEAD|ContattiMirco|EmailMirco,,,Artigiana Srl - impresa edile,,,,IT,,,,,,,,,info@artigianaimpresaedile.it,,3904952272700,3904952272700,,,,,,Italia,,,,,,,,,,,,,,,,,,,,GUEST,FREE,,0,18/06/2026,FREDDO,,
SIC03229,3229,AZIENDA,81LEAD|ContattiMirco,,,Asoli 3.0 edilizia e ceramiche,,,,IT,,,,,,,,,motoridiricerca@netservice.biz,,3939071690430,3939071690430,,,,,,Italia,,,,,,,,,,,,,,,,,,,,GUEST,FREE,,0,18/06/2026,FREDDO,,
SIC03230,3230,AZIENDA,ClientiFatt1|ClientiFatt2|81LEAD|ContattiMirco|EmailMirco|Labotecnic1|Labotecnic2,,,Associazione Rescue Guardian,,,,IT,91023060279,,0000000,,,,,,lucadoati@hotmail.it,,3932896478410,3932896478410,,,,,,Italia,,,,,Via Carabella 29/A,45010,Rosolina,RO,,,,,,,,,,,,GUEST,FREE,,0,18/06/2026,FREDDO,,
SIC03231,3231,AZIENDA,81LEAD|EmailMirco,,,Astel S.r.l.,,,,IT,,,,,,,,,info@astelsrl.com,,3904324870700,3904324870700,,,,,,Italia,,,,,,,,,,,,,,,,,,,,GUEST,FREE,,0,18/06/2026,FREDDO,,
SIC03232,3232,AZIENDA,81LEAD|EmailMirco,,,Attivita' Edilizie Bergamasche S.r.l.,,,,IT,,,,,,,,,info@attivitaediliziebergamasche.it,,390355955740,390355955740,,,,,,Italia,,,,,,,,,,,,,,,,,,,,GUEST,FREE,,0,18/06/2026,FREDDO,,
SIC03233,3233,AZIENDA,81LEAD|EmailMirco,,,Aurora Color Srl sede di Signa - Zetacolor Vernici e Colori dal 1963,,,,IT,,,,,,,,,info@auroracolor.it,,3905587970810,3905587970810,,,,,,Italia,,,,,,,,,,,,,,,,,,,,GUEST,FREE,,0,18/06/2026,FREDDO,,
SIC03234,3234,AZIENDA,81LEAD|ContattiMirco|EmailMirco,,,Aurora Costruzioni di aia francesco s.r.l.,,,,IT,,,,,,,,,auroracostruzioni.sas.fe@gmail.com,,3905323505500,3905323505500,,,,,,Italia,,,,,,,,,,,,,,,,,,,,GUEST,FREE,,0,18/06/2026,FREDDO,,
SIC03235,3235,AZIENDA,81LEAD|EmailMirco,,,AutoClinic - salute e bellezza dell'auto,,,,IT,,,,,,,,,salvatore.pili@carglass.it,,3909314907210,3909314907210,,,,,,Italia,,,,,,,,,,,,,,,,,,,,GUEST,FREE,,0,18/06/2026,FREDDO,,
SIC03236,3236,AZIENDA,81LEAD|ContattiMirco|EmailMirco|Labotecnic1|Labotecnic2,,,Azienda Agricola Giorgio,,,,IT,,,,,,,,,enricopizzolato3@gmail.com,,3905337900630,3905337900630,,,,,,Italia,,,,,,,,,,,,,,,,,,,,GUEST,FREE,,0,18/06/2026,FREDDO,,
SIC03237,3237,AZIENDA,81LEAD|EmailMirco,,,Azzurra Costruzioni s.r.l.u.,,,,IT,,,,,,,,,webmaster@ca2solution.it,,398006295200,398006295200,,,,,,Italia,,,,,,,,,,,,,,,,,,,,GUEST,FREE,,0,18/06/2026,FREDDO,,
SIC03238,3238,AZIENDA,ClientiFatt1|ClientiFatt2|81LEAD|ContattiMirco|EmailMirco,,,B&B S.n.c.,,,,IT,01317580296,13175802960,USAL8PV,,,,,,info@beblattonerie.it,,,,,,,,,Italia,,,,,Via delle Industrie 10,45014,Porto Viro,RO,,,,,,,,,,,,GUEST,FREE,,0,18/06/2026,FREDDO,,
SIC03239,3239,AZIENDA,81LEAD|EmailMirco,,,B.M.T. Di Battistessa Ivan & C. snc,,,,IT,,,,,,,,,ivan.battistessa@tiscali.it,,390343423640,390343423640,,,,,,Italia,,,,,,,,,,,,,,,,,,,,GUEST,FREE,,0,18/06/2026,FREDDO,,
SIC03240,3240,AZIENDA,81LEAD|ContattiMirco|EmailMirco,,,B.m. Srl - costruzioni edili e ristrutturazioni,,,,IT,,,,,,,,,info@bmedile.com,,3905168141190,3905168141190,,,,,,Italia,,,,,,,,,,,,,,,,,,,,GUEST,FREE,,0,18/06/2026,FREDDO,,
SIC03241,3241,AZIENDA,ClientiFatt1|ClientiFatt2|81LEAD|Labotecnic1|Labotecnic2,,,BACCAN SCAVI di Baccan Alessio,,,,IT,BCCLSS64S19C383V,11151102960,M5UXCR1,,,,,,baccanscavi@libero.it,,,,,,,,,Italia,,,,,Via Giaron 20,45010,Pettorazza Grimani,RO,,,,,,,,,,,,GUEST,FREE,,0,18/06/2026,FREDDO,,
SIC03242,3242,AZIENDA,ClientiFatt1|ClientiFatt2|81LEAD|ContattiMirco|EmailMirco|Labotecnic1|Labotecnic2,,,BAR AI SCALINI S.R.L.S.,,,,IT,01532170295,15321702950,baraiscalini@pec.it,,,,,,mauriziaferro1992@icloud.com,,3934569105210,3934569105210,,,,,,Italia,,,,,S.S. Romea 51,45012,Ariano nel Polesine,RO,,,,,,,,,,,,GUEST,FREE,,0,18/06/2026,FREDDO,,
SIC03243,3243,AZIENDA,ClientiFatt1|ClientiFatt2|81LEAD|ContattiMirco,,,BAR H di Fabio Porzionato,,,,IT,PRZFBA79E15A059U,15447902960,porzionato.fabio@legalmail.it,,,,,,barhrosolinamare@gmail.com,,3932812149290,3932812149290,,,,,,Italia,,,,,Piazzale Europa 15,45010,Rosolina,RO,,,,,,,,,,,,GUEST,FREE,,0,18/06/2026,FREDDO,,
SIC03244,3244,AZIENDA,ClientiFatt1|ClientiFatt2,,,BATTAN BENEDETTA,,,,IT,BTTBDT88E45G224F,15800302920,W7YVJK9,,,,,,battanbenedetta@pec.it,,,,,,,,,Italia,,,,,Via del Moro - Rosolina Mare 24,45010,Rosolina,RO,,,,,,,,,,,,GUEST,FREE,,0,18/06/2026,FREDDO,,
SIC03245,3245,AZIENDA,ClientiFatt1|ClientiFatt2|81LEAD|ContattiMirco|EmailMirco,,,"BLUE CAFE' S.n.c. 
di Bacci Cristina & Costanzo Giulia",,,,IT,04806470284,48064702840,SUBM70N,,,,,,giulycost95@gmail.com,,39340083829400,39340083829400,,,,,,Italia,,,,,Via C. Colombo 212-214,30015,Chioggia,,,,,,,,,,,,,GUEST,FREE,,0,18/06/2026,FREDDO,,
SIC03246,3246,AZIENDA,ClientiFatt1|ClientiFatt2|81LEAD|ContattiMirco|EmailMirco,,,BONAFIN FRANCESCO,,,,IT,BNFFNC67B27E522O,15024702950,BA6ET11,,,,,,bonafincostruzioni@gmail.com,,,,,,,,,Italia,,,,,VIA FIRENZE 6,45012,ARIANO NEL POLESINE,RO,,,,,,,,,,,,GUEST,FREE,,0,18/06/2026,FREDDO,,
SIC03247,3247,AZIENDA,ClientiFatt1|ClientiFatt2|81LEAD|ContattiMirco|Labotecnic1|Labotecnic2,,,BONDI' MARKET di Fiorentini Barbara,,,,IT,FRNBBR75S46C638E,15284702950,M5UXCR1,,,,,,barbyfiore@gmail.com,,3932813510550,3932813510550,,,,,,Italia,,,,,Largo di Rorai 5,45017,Loreo,RO,,,,,,,,,,,,GUEST,FREE,,0,18/06/2026,FREDDO,,
SIC03248,3248,AZIENDA,ClientiFatt1|ClientiFatt2|81LEAD|ContattiMirco|Labotecnic1|Labotecnic2,,,BOVOLENTA GABRIELE,,,,IT,BVLGRL80D28C967N,12284902960,0000000,,,,,,bovolenta.gabriele@libero.it,,39338883398900,39338883398900,,,,,,Italia,,,,,Via F. Turati 4,45014,Porto Viro,RO,,,,,,,,,,,,GUEST,FREE,,0,18/06/2026,FREDDO,,
SIC03249,3249,AZIENDA,ClientiFatt1|ClientiFatt2|81LEAD|ContattiMirco,,,BOVOLENTA STEFANO,,,,IT,BVLSFN69D12C967W,10853402950,KRRH6B9,,,,,,decodecorazionibovolenta@gmail.com,,3934018045450,3934018045450,,,,,,Italia,,,,,Via XXIV Maggio 73,45014,Porto Viro,RO,,,,,,,,,,,,GUEST,FREE,,0,18/06/2026,FREDDO,,
SIC03250,3250,AZIENDA,81LEAD|EmailMirco,,,BSM Edilizia Snc,,,,IT,,,,,,,,,bsmlavoriedili@gmail.com,,3933826533450,3933826533450,,,,,,Italia,,,,,,,,,,,,,,,,,,,,GUEST,FREE,,0,18/06/2026,FREDDO,,
SIC03251,3251,AZIENDA,ClientiFatt1|ClientiFatt2|81LEAD|ContattiMirco|EmailMirco|Labotecnic1|Labotecnic2,,,BUTTINI BRUNO,,,,IT,BTTBRN64A20F156Z,18633803800,KRRH6B9,,,,,,brunobuttini@gmail.com,,3933580855880,3933580855880,,,,,,Italia,,,,,Via A. De Gasperi 1/A,44026,Mesola,FE,,,,,,,,,,,,GUEST,FREE,,0,18/06/2026,FREDDO,,
SIC03252,3252,AZIENDA,81LEAD|ContattiMirco|EmailMirco|Labotecnic1|Labotecnic2,,,Barottiginasas,,,,IT,,,,,,,,,barottiginasas@gmail.com,,,,,,,,,Italia,,,,,,,,,,,,,,,,,,,,GUEST,FREE,,0,18/06/2026,FREDDO,,
SIC03253,3253,AZIENDA,81LEAD|ContattiMirco|EmailMirco,,,Bartolomeo Giacalone s.r.l.,,,,IT,,,,,,,,,info@bartolomeogiacalonesrl.it,,3909238369190,3909238369190,,,,,,Italia,,,,,,,,,,,,,,,,,,,,GUEST,FREE,,0,18/06/2026,FREDDO,,
SIC03254,3254,AZIENDA,ClientiFatt1|ClientiFatt2|81LEAD|ContattiMirco|EmailMirco|Labotecnic1|Labotecnic2,,,Baruffaldi Giuseppe,,,,IT,,13946602920,,,,,,,giuseppebaruffaldi@gmail.com,,,,,,,,,Italia,,,,,Via Gramignara 28,45014,Porto Viro,RO,,,,,,,,,,,,GUEST,FREE,,0,18/06/2026,FREDDO,,
SIC03255,3255,AZIENDA,81LEAD|ContattiMirco|EmailMirco|Labotecnic1|Labotecnic2,,,Baruffaldi Mariagrazia,,,,IT,,,,,,,,,baruffaldi.mariagrazia@gmail.com,,,,,,,,,Italia,,,,,,,,,,,,,,,,,,,,GUEST,FREE,,0,18/06/2026,FREDDO,,
SIC03256,3256,AZIENDA,81LEAD|EmailMirco,,,Basile S.r.l.,,,,IT,,,,,,,,,supporto@ceramichebasile.it,,390923212590,390923212590,,,,,,Italia,,,,,,,,,,,,,,,,,,,,GUEST,FREE,,0,18/06/2026,FREDDO,,
SIC03257,3257,AZIENDA,81LEAD|ContattiMirco|EmailMirco,,,Bassetto Costruzioni,,,,IT,,,,,,,,,info@bassettocostruzioni.it,,3904147652810,3904147652810,,,,,,Italia,,,,,,,,,,,,,,,,,,,,GUEST,FREE,,0,18/06/2026,FREDDO,,
SIC03258,3258,AZIENDA,81LEAD,,,Bergamo Ceramiche Srl,,,,IT,,,,,,,,,italianfloordesign@legalmail.it,,3903542438370,3903542438370,,,,,,Italia,,,,,,,,,,,,,,,,,,,,GUEST,FREE,,0,18/06/2026,FREDDO,,
SIC03259,3259,AZIENDA,81LEAD|ContattiMirco|EmailMirco|Labotecnic1|Labotecnic2,,,Bernardi Asolo,,,,IT,,,,,,,,,info@bernardidasolo.it,,3904347591850,3904347591850,,,,,,Italia,,,,,,,,,,,,,,,,,,,,GUEST,FREE,,0,18/06/2026,FREDDO,,
SIC03260,3260,AZIENDA,81LEAD|EmailMirco,,,Beta Costruzioni S.r.l.,,,,IT,,,,,,,,,betacostruzionivenezia@gmail.com,,390419614760,390419614760,,,,,,Italia,,,,,,,,,,,,,,,,,,,,GUEST,FREE,,0,18/06/2026,FREDDO,,
SIC03261,3261,AZIENDA,ClientiFatt1|ClientiFatt2|81LEAD|ContattiMirco|Labotecnic1|Labotecnic2,,,Bettelle Andrea,,,,IT,BTTNDR75M20G693U,38606302700,BA6ET11,,,,,,andrea.bettelle@email.it,,3933575420300,3933575420300,,,,,,Italia,,,,,Strada dei 16 Laghi 72,30015,Chioggia,VE,,,,,,,,,,,,GUEST,FREE,,0,18/06/2026,FREDDO,,
SIC03262,3262,AZIENDA,81LEAD|EmailMirco,,,Bi.Ci.Emme Costruzioni,,,,IT,,,,,,,,,info@biciemmecostruzioni.it,,3906971660680,3906971660680,,,,,,Italia,,,,,,,,,,,,,,,,,,,,GUEST,FREE,,0,18/06/2026,FREDDO,,
SIC03263,3263,AZIENDA,81LEAD|ContattiMirco|EmailMirco|Labotecnic1|Labotecnic2,,,Bianchinistudio,,,,IT,,,,,,,,,bianchinistudio@yahoo.it,,,,,,,,,Italia,,,,,,,,,,,,,,,,,,,,GUEST,FREE,,0,18/06/2026,FREDDO,,
SIC03264,3264,AZIENDA,81LEAD|EmailMirco,,,Bianconi Costruzioni Srl,,,,IT,,,,,,,,,info@bianconicostruzioni.it,,3906355080830,3906355080830,,,,,,Italia,,,,,,,,,,,,,,,,,,,,GUEST,FREE,,0,18/06/2026,FREDDO,,
SIC03265,3265,AZIENDA,81LEAD|ContattiMirco|EmailMirco|Labotecnic1|Labotecnic2,,,Bibiservice2003,,,,IT,,,,,,,,,bibiservice2003@gmail.com,,,,,,,,,Italia,,,,,,,,,,,,,,,,,,,,GUEST,FREE,,0,18/06/2026,FREDDO,,
SIC03266,3266,AZIENDA,81LEAD|EmailMirco,,,BigMat D'Ambrosio Edilizia,,,,IT,,,,,,,,,dambrosio@bigmat.it,,3908037435920,3908037435920,,,,,,Italia,,,,,,,,,,,,,,,,,,,,GUEST,FREE,,0,18/06/2026,FREDDO,,
SIC03267,3267,AZIENDA,81LEAD|EmailMirco,,,BigMat Dov.Edil - Magazzino Hone,,,,IT,,,,,,,,,dovedil@bigmat.it,,3901258074430,3901258074430,,,,,,Italia,,,,,,,,,,,,,,,,,,,,GUEST,FREE,,0,18/06/2026,FREDDO,,
SIC03268,3268,AZIENDA,81LEAD|EmailMirco,,,BigMat Edilaosta S.r.l.,,,,IT,,,,,,,,,privacy@bigmat.it,,39016518535000,39016518535000,,,,,,Italia,,,,,,,,,,,,,,,,,,,,GUEST,FREE,,0,18/06/2026,FREDDO,,
SIC03269,3269,AZIENDA,81LEAD|EmailMirco,,,BigMat Edilizia Colombini Srl,,,,IT,,,,,,,,,ediliziacolombini@bigmat.it,,3903419411230,3903419411230,,,,,,Italia,,,,,,,,,,,,,,,,,,,,GUEST,FREE,,0,18/06/2026,FREDDO,,
SIC03270,3270,AZIENDA,81LEAD|EmailMirco,,,BigMat Edilizia Commerciale - Via Nepal 40,,,,IT,,,,,,,,,info@ediliziacommerciale.it,,3905644533460,3905644533460,,,,,,Italia,,,,,,,,,,,,,,,,,,,,GUEST,FREE,,0,18/06/2026,FREDDO,,
SIC03271,3271,AZIENDA,81LEAD|EmailMirco,,,BigMat Moser Guido Edilizia S.r.l.,,,,IT,,,,,,,,,moserguido@bigmat.it,,3904615310460,3904615310460,,,,,,Italia,,,,,,,,,,,,,,,,,,,,GUEST,FREE,,0,18/06/2026,FREDDO,,
SIC03272,3272,AZIENDA,81LEAD|ContattiMirco|EmailMirco,,,Bigmat ediliziare,,,,IT,,,,,,,,,ediliziare@bigmat.it,,3907346287830,3907346287830,,,,,,Italia,,,,,,,,,,,,,,,,,,,,GUEST,FREE,,0,18/06/2026,FREDDO,,
SIC03273,3273,AZIENDA,81LEAD|ContattiMirco|EmailMirco,,,Bigmat nuova comes s.r.l.,,,,IT,,,,,,,,,info@nuovacomes.it,,390716604640,390716604640,,,,,,Italia,,,,,,,,,,,,,,,,,,,,GUEST,FREE,,0,18/06/2026,FREDDO,,
SIC03274,3274,AZIENDA,81LEAD|ContattiMirco|EmailMirco,,,Bio Tek srl impresa edile,,,,IT,,,,,,,,,info@bio-tek.it,,3905199813890,3905199813890,,,,,,Italia,,,,,,,,,,,,,,,,,,,,GUEST,FREE,,0,18/06/2026,FREDDO,,
SIC03275,3275,AZIENDA,81LEAD|EmailMirco,,,BioEdilizia Toscana,,,,IT,,,,,,,,,info@bioediliziatoscana.it,,3934870170940,3934870170940,,,,,,Italia,,,,,,,,,,,,,,,,,,,,GUEST,FREE,,0,18/06/2026,FREDDO,,
SIC03276,3276,AZIENDA,81LEAD|ContattiMirco|EmailMirco,,,Biocasa Costruzioni,,,,IT,,,,,,,,,biocasa1982@gmail.com,,3934532827290,3934532827290,,,,,,Italia,,,,,,,,,,,,,,,,,,,,GUEST,FREE,,0,18/06/2026,FREDDO,,
SIC03277,3277,AZIENDA,81LEAD|EmailMirco,,,Bioedilizia srl,,,,IT,,,,,,,,,bioedilizia.srl@libero.it,,39320118516200,39320118516200,,,,,,Italia,,,,,,,,,,,,,,,,,,,,GUEST,FREE,,0,18/06/2026,FREDDO,,
SIC03278,3278,AZIENDA,81LEAD|ContattiMirco|EmailMirco,,,Bioedilizia2.0 Srls,,,,IT,,,,,,,,,info@bienebe.com,,3933399769710,3933399769710,,,,,,Italia,,,,,,,,,,,,,,,,,,,,GUEST,FREE,,0,18/06/2026,FREDDO,,
SIC03279,3279,AZIENDA,81LEAD|ContattiMirco,,,Biondi Edoardo,,,,IT,,,,,,,,,biondi.e@cnaro.it,,375516451100,375516451100,,,,,,Italia,,,,,,,,,,,,,,,,,,,,GUEST,FREE,,0,18/06/2026,FREDDO,,
SIC03280,3280,AZIENDA,81LEAD|ContattiMirco|EmailMirco,,,Bnf Costruzioni s.r.l.,,,,IT,,,,,,,,,bnfcostruzioni@gmail.com,,3938043527530,3938043527530,,,,,,Italia,,,,,,,,,,,,,,,,,,,,GUEST,FREE,,0,18/06/2026,FREDDO,,
SIC03281,3281,AZIENDA,81LEAD|ContattiMirco|EmailMirco|Labotecnic1|Labotecnic2,,,Bondi Alessandro,,,,IT,,,,,,,,,bondi.alessandro@gmail.com,,,,,,,,,Italia,,,,,,,,,,,,,,,,,,,,GUEST,FREE,,0,18/06/2026,FREDDO,,
SIC03282,3282,AZIENDA,81LEAD|ContattiMirco|EmailMirco|Labotecnic1|Labotecnic2,,,Bondi Gianni,,,,IT,,,,,,,,,bondi.gianni@libero.it,,3932003141390,3932003141390,,,,,,Italia,,,,,,,,,,,,,,,,,,,,GUEST,FREE,,0,18/06/2026,FREDDO,,
SIC03283,3283,AZIENDA,81LEAD|EmailMirco,,,Bonifiche Belliche Ediltecnica Srl,,,,IT,,,,,,,,,amministrazione@bonifichebelliche.eu,,39058517100210,39058517100210,,,,,,Italia,,,,,,,,,,,,,,,,,,,,GUEST,FREE,,0,18/06/2026,FREDDO,,
SIC03284,3284,AZIENDA,81LEAD|ContattiMirco|EmailMirco,,,Borelli Impresa edile srl,,,,IT,,,,,,,,,impresaborelli@gmail.com,,390375853500,390375853500,,,,,,Italia,,,,,,,,,,,,,,,,,,,,GUEST,FREE,,0,18/06/2026,FREDDO,,
SIC03285,3285,AZIENDA,ClientiFatt1|ClientiFatt2|81LEAD|ContattiMirco|EmailMirco,,,"Boscarato Edilizia S.a.s
di Boscarato Samuele & C.",,,,IT,,42494602720,0000000,,,,,,boscaratoedilizia@gmail.com,,,,,,,,,Italia,,,,,Via Primavera 51,30015,Chioggia,VE,,,,,,,,,,,,GUEST,FREE,,0,18/06/2026,FREDDO,,
SIC03286,3286,AZIENDA,81LEAD|EmailMirco,,,Bracelli S.r.l. - Materiali Edili - Centro Trasformazione Acciao per C.A.,,,,IT,,,,,,,,,socialmedia@plesk.com,,3903426353290,3903426353290,,,,,,Italia,,,,,,,,,,,,,,,,,,,,GUEST,FREE,,0,18/06/2026,FREDDO,,
SIC03287,3287,AZIENDA,81LEAD|EmailMirco,,,Bricocenter Casoria,,,,IT,,,,,,,,,paolo.negri@bricocenter.it,,3908175770480,3908175770480,,,,,,Italia,,,,,,,,,,,,,,,,,,,,GUEST,FREE,,0,18/06/2026,FREDDO,,
SIC03288,3288,AZIENDA,81LEAD|EmailMirco,,,Brugioni Srl,,,,IT,,,,,,,,,paolo@brugionitir.it,,3905858575900,3905858575900,,,,,,Italia,,,,,,,,,,,,,,,,,,,,GUEST,FREE,,0,18/06/2026,FREDDO,,
SIC03289,3289,AZIENDA,81LEAD|EmailMirco,,,BuildUp srl,,,,IT,,,,,,,,,info@buildupappalti.it,,39377390205400,39377390205400,,,,,,Italia,,,,,,,,,,,,,,,,,,,,GUEST,FREE,,0,18/06/2026,FREDDO,,
SIC03290,3290,AZIENDA,81LEAD|ContattiMirco|EmailMirco|Labotecnic1|Labotecnic2,,,Buoso-sasso,,,,IT,,,,,,,,,buoso-sasso@libero.it,,,,,,,,,Italia,,,,,,,,,,,,,,,,,,,,GUEST,FREE,,0,18/06/2026,FREDDO,,
SIC03291,3291,AZIENDA,ClientiFatt1|ClientiFatt2|81LEAD|EmailMirco|Labotecnic1|Labotecnic2,,,C.A.M. - Cooperativa Artisti Musicali Soc. Coop. A r.l.,,,,IT,00983250291,09832502910,A4707H7,,,,,,consorzio.cics@gmail.com,,,,,,,,,Italia,,,,,Viale J.F. Kennedy 43,45019,Taglio di Po,RO,,,,,,,,,,,,GUEST,FREE,,0,18/06/2026,FREDDO,,
SIC03292,3292,AZIENDA,81LEAD|EmailMirco,,,C.A.S.A EDILIZIA S.R.L.S.,,,,IT,,,,,,,,,info@casaedilizia.it,,3934016191920,3934016191920,,,,,,Italia,,,,,,,,,,,,,,,,,,,,GUEST,FREE,,0,18/06/2026,FREDDO,,
SIC03293,3293,AZIENDA,81LEAD|EmailMirco,,,C.E.P. Costruzioni Edili Presta S.N.C.,,,,IT,,,,,,,,,info@costruzioniedilipresta.it,,390661439300,390661439300,,,,,,Italia,,,,,,,,,,,,,,,,,,,,GUEST,FREE,,0,18/06/2026,FREDDO,,
SIC03294,3294,AZIENDA,81LEAD,,,C.L. Conglomerati Lucchesi Srl,,,,IT,,,,,,,,,clconglomerati@legalmail.it,,3905832998940,3905832998940,,,,,,Italia,,,,,,,,,,,,,,,,,,,,GUEST,FREE,,0,18/06/2026,FREDDO,,
SIC03295,3295,AZIENDA,81LEAD|EmailMirco,,,C.M Colorificio Mediterraneo Di Genna Fabio,,,,IT,,,,,,,,,info@colorificiomediterraneo.it,,3909237230740,3909237230740,,,,,,Italia,,,,,,,,,,,,,,,,,,,,GUEST,FREE,,0,18/06/2026,FREDDO,,
SIC03296,3296,AZIENDA,ClientiFatt1|ClientiFatt2,,,C.M. Costruzioni Manfrin di Manfrin Fabrizio,,,,IT,MNFFRZ53M10C638B,42422102780,SUBM70N,,,,,,manfrin.fabrizio@pec.it,,,,,,,,,Italia,,,,,Via F. Foscarini 21,30015,Chioggia,VE,,,,,,,,,,,,GUEST,FREE,,0,18/06/2026,FREDDO,,
SIC03297,3297,AZIENDA,81LEAD|EmailMirco,,,C.M.EDIL s.r.l.,,,,IT,,,,,,,,,info@cmedil.it,,3905834641800,3905834641800,,,,,,Italia,,,,,,,,,,,,,,,,,,,,GUEST,FREE,,0,18/06/2026,FREDDO,,
SIC03298,3298,AZIENDA,ClientiFatt1|ClientiFatt2|81LEAD|ContattiMirco|EmailMirco|Labotecnic1|Labotecnic2,,,C.R.A.M.E. S.c.a.r.l.,,,,IT,00228200275,02282002750,T04ZHR3,,,,,,coopcrame@tin.it,,,,,,,,,Italia,,,,,Via G. Poli 67,30015,Chioggia,VE,,,,,,,,,,,,GUEST,FREE,,0,18/06/2026,FREDDO,,
SIC03299,3299,AZIENDA,81LEAD|ContattiMirco|EmailMirco,,,"C.d.f. Costruzioni, ristrutturazioni, restauri",,,,IT,,,,,,,,,info@cdf-srl.it,,3904153228630,3904153228630,,,,,,Italia,,,,,,,,,,,,,,,,,,,,GUEST,FREE,,0,18/06/2026,FREDDO,,
SIC03300,3300,AZIENDA,ClientiFatt1|ClientiFatt2|81LEAD|ContattiMirco|EmailMirco|Labotecnic1|Labotecnic2,,,CAMA CAFFE ' DI CAMACCI IRENE,,,,IT,CMCRNI86P61H620W,15260502970,KRRH6B9,,,,,,irecama86@libero.it,,3934755253480,3934755253480,,,,,,Italia,,,,,"LARGO DI RORAI, 8 8",45017,LOREO,RO,,,,,,,,,,,,GUEST,FREE,,0,18/06/2026,FREDDO,,
SIC03301,3301,AZIENDA,ClientiFatt1|ClientiFatt2|81LEAD|ContattiMirco,,,CASE DI ASIAGO SRLS,,,,IT,,41137402470,0000000,,,,,,enrico.chiozzotto@gmail.com,,3933149405950,3933149405950,,,,,,Italia,,,,,Corso IV Novembre 33,36012,Asiago,VI,,,,,,,,,,,,GUEST,FREE,,0,18/06/2026,FREDDO,,
SIC03302,3302,AZIENDA,ClientiFatt1|ClientiFatt2|81LEAD|ContattiMirco|EmailMirco|Labotecnic1|Labotecnic2,,,"CENTRO DI BELLEZZA BELLESSERE
di Felici Samanta",,,,IT,FLCSNT74P69A059I,14789802930,UNI0W8G,,,,,,centrodibellezzabellessere@gmail.com,,3933430690070,3933430690070,,,,,,Italia,,,,,Via B. Boscolo 18,45018,Porto Tolle,RO,,,,,,,,,,,,GUEST,FREE,,0,18/06/2026,FREDDO,,
SIC03303,3303,AZIENDA,ClientiFatt1|ClientiFatt2|81LEAD|ContattiMirco|EmailMirco|Labotecnic1|Labotecnic2,,,CHIOGGIA DIPINTURA S.r.l.s.,,,,IT,04430320277,44303202770,M5UXCR1,,,,,,re.bertaggia@gmail.com,chioggiadipintura@pec.it,3934836412990,3934836412990,,,,,,Italia,,,,,B.go S. Giovanni 1320,30015,Chioggia,VE,,,,,,,,,,,,GUEST,FREE,,0,18/06/2026,FREDDO,,
SIC03304,3304,AZIENDA,ClientiFatt1|ClientiFatt2|81LEAD|ContattiMirco|EmailMirco|Labotecnic1|Labotecnic2,,,CHIOGGIA SERVICE DI NORDIO LORELLA,,,,IT,NRDLLL60M70C638U,43763402710,M5UXCR1,,,,,,consulenzacester@gmail.com,,39347535761700,39347535761700,,,,,,Italia,,,,,Campo Marconi 153,30015,Chioggia,VE,,,,,,,,,,,,GUEST,FREE,,0,18/06/2026,FREDDO,,
SIC03305,3305,AZIENDA,ClientiFatt1|ClientiFatt2,,,CICCHETTERIA DA NINO FISOLO DI DIEGO ARDIZZON,,,,IT,RDZDGI74S08C638V,45332102760,W7YVJK9,,,,,,cicchetteriadaninofisolo@pec.it,,,,,,,,,Italia,,,,,Rione Duomo 914,30015,Chioggia,VE,,,,,,,,,,,,GUEST,FREE,,0,18/06/2026,FREDDO,,
SIC03306,3306,AZIENDA,81LEAD|ContattiMirco|EmailMirco|Labotecnic1|Labotecnic2,,,COBEMAR S. R. L. Cristian,,,,IT,,,,,,,,,cristian.cobemar@gmail.com,,348703433300,348703433300,,,,,,Italia,,,,,,,,,,,,,,,,,,,,GUEST,FREE,,0,18/06/2026,FREDDO,,
SIC03307,3307,AZIENDA,81LEAD|EmailMirco,,,COEFIN S.R.L.,,,,IT,,,,,,,,,info@coefinsrl.com,,3906981824010,3906981824010,,,,,,Italia,,,,,,,,,,,,,,,,,,,,GUEST,FREE,,0,18/06/2026,FREDDO,,
SIC03308,3308,AZIENDA,ClientiFatt1|ClientiFatt2|81LEAD,,,COSTRUZIONI GENERALI CHIOGGIA SRL,,,,IT,04002110270,40021102700,SUBM70N,,,,,,costruzionigeneralichioggia@legalmail.it,,,,,,,,,Italia,,,,,Via P.E. Venturini 96,30015,Chioggia,VE,,,,,,,,,,,,GUEST,FREE,,0,18/06/2026,FREDDO,,
SIC03309,3309,AZIENDA,81LEAD|EmailMirco,,,CSE - Cristiano Sbordoni Edilizia s.r.l. - Gruppo Sbordoni,,,,IT,,,,,,,,,cse@grupposbordoni.com,,3906397246460,3906397246460,,,,,,Italia,,,,,,,,,,,,,,,,,,,,GUEST,FREE,,0,18/06/2026,FREDDO,,
SIC03310,3310,AZIENDA,81LEAD|EmailMirco,,,Ca.Ri. Costruzioni S.R.L.,,,,IT,,,,,,,,,info@caricostruzioni.it,,3906303668300,3906303668300,,,,,,Italia,,,,,,,,,,,,,,,,,,,,GUEST,FREE,,0,18/06/2026,FREDDO,,
SIC03311,3311,AZIENDA,81LEAD|EmailMirco,,,Ca.gi.ma. S.r.l.,,,,IT,,,,,,,,,cagimasrl@gmail.com,,390707816580,390707816580,,,,,,Italia,,,,,,,,,,,,,,,,,,,,GUEST,FREE,,0,18/06/2026,FREDDO,,
SIC03312,3312,AZIENDA,81LEAD|ContattiMirco|EmailMirco|Labotecnic1|Labotecnic2,,,Caa Srl78,,,,IT,,,,,,,,,caa.srl78@gmail.com,,,,,,,,,Italia,,,,,,,,,,,,,,,,,,,,GUEST,FREE,,0,18/06/2026,FREDDO,,
SIC03313,3313,AZIENDA,81LEAD,,,Cabras Mariano S.R.L.,,,,IT,,,,,,,,,marianocabras@legalmail.it,,390707656720,390707656720,,,,,,Italia,,,,,,,,,,,,,,,,,,,,GUEST,FREE,,0,18/06/2026,FREDDO,,
SIC03314,3314,AZIENDA,81LEAD|ContattiMirco|EmailMirco,,,Cacioppo Group - costruzioni e turismo,,,,IT,,,,,,,,,srledilcasa@gmail.com,,390924284680,390924284680,,,,,,Italia,,,,,,,,,,,,,,,,,,,,GUEST,FREE,,0,18/06/2026,FREDDO,,
SIC03315,3315,AZIENDA,ClientiFatt1|ClientiFatt2|81LEAD|ContattiMirco|EmailMirco|Labotecnic1|Labotecnic2,,,Caffe’ Malgari’ Piadina Romagnola di Mazzucato Michele,,,,IT,MZZMHL72M28A296L,46011002840,SUBM70N,,,,,,lorena.scremin@alice.it,,3934919668570,3934919668570,,,,,,Italia,,,,,Via Cà Matte 13,35022,Anguillara Veneta,PD,,,,,,,,,,,,GUEST,FREE,,0,18/06/2026,FREDDO,,
SIC03316,3316,AZIENDA,ClientiFatt1|ClientiFatt2|81LEAD|ContattiMirco|EmailMirco|Labotecnic1|Labotecnic2,,,Caffè Commercio di Paralovo Mattia.,,,,IT,PRLMTT90S18H620R,13935202990,M5UXCR1,,,,,,paralovo.mattia@yahoo.it,,3934984029600,3934984029600,,,,,,Italia,,,,,Piazza Matteotti 1,45017,Loreo,RO,,,,,,,,,,,,GUEST,FREE,,0,18/06/2026,FREDDO,,
SIC03317,3317,AZIENDA,81LEAD|ContattiMirco|EmailMirco,,,Calandrino Group srl,,,,IT,,,,,,,,,info@calandrinogroup.it,,3934889389340,3934889389340,,,,,,Italia,,,,,,,,,,,,,,,,,,,,GUEST,FREE,,0,18/06/2026,FREDDO,,
SIC03318,3318,AZIENDA,81LEAD|ContattiMirco|EmailMirco,,,Callegaro Costruzioni,,,,IT,,,,,,,,,info@callegarocostruzioni.com,,390496463450,390496463450,,,,,,Italia,,,,,,,,,,,,,,,,,,,,GUEST,FREE,,0,18/06/2026,FREDDO,,
SIC03319,3319,AZIENDA,81LEAD|ContattiMirco|EmailMirco|Labotecnic1|Labotecnic2,,,Calvaresi Servicelab,,,,IT,,,,,,,,,calvaresi.servicelab@libero.it,,,,,,,,,Italia,,,,,,,,,,,,,,,,,,,,GUEST,FREE,,0,18/06/2026,FREDDO,,
SIC03320,3320,AZIENDA,81LEAD|ContattiMirco|Labotecnic1|Labotecnic2,,,Campacimagrini,,,,IT,,,,,,,,,campacimagrini@tin.it,,,,,,,,,Italia,,,,,,,,,,,,,,,,,,,,GUEST,FREE,,0,18/06/2026,FREDDO,,
SIC03321,3321,AZIENDA,81LEAD|ContattiMirco|Labotecnic1|Labotecnic2,,,Campacisrl,,,,IT,,,,,,,,,campacisrl@libero.it,,,,,,,,,Italia,,,,,,,,,,,,,,,,,,,,GUEST,FREE,,0,18/06/2026,FREDDO,,
SIC03322,3322,AZIENDA,81LEAD|ContattiMirco|EmailMirco,,,Campagnaro Costruzioni impresa edile,,,,IT,,,,,,,,,info@campagnarocostruzioni.it,,3933358588630,3933358588630,,,,,,Italia,,,,,,,,,,,,,,,,,,,,GUEST,FREE,,0,18/06/2026,FREDDO,,
SIC03323,3323,AZIENDA,81LEAD|ContattiMirco,,,Campo Costruzioni - impresa edile,,,,IT,,,,,,,,,info@campocostruzioni.it,,3939266731380,3939266731380,,,,,,Italia,,,,,,,,,,,,,,,,,,,,GUEST,FREE,,0,18/06/2026,FREDDO,,
SIC03324,3324,AZIENDA,81LEAD|EmailMirco,,,Carboni Casa - Showroom Modena,,,,IT,,,,,,,,,servizioclientimostra@carboni.com,,3905226333110,3905226333110,,,,,,Italia,,,,,,,,,,,,,,,,,,,,GUEST,FREE,,0,18/06/2026,FREDDO,,
SIC03325,3325,AZIENDA,81LEAD|ContattiMirco|EmailMirco|Labotecnic1|Labotecnic2,,,Carlaservizioagenti,,,,IT,,,,,,,,,carlaservizioagenti@gmail.com,,,,,,,,,Italia,,,,,,,,,,,,,,,,,,,,GUEST,FREE,,0,18/06/2026,FREDDO,,
SIC03326,3326,AZIENDA,81LEAD|EmailMirco,,,Casa Lab 38 by Stefanedil Trionfale,,,,IT,,,,,,,,,info@casalab38.it,,3906455548740,3906455548740,,,,,,Italia,,,,,,,,,,,,,,,,,,,,GUEST,FREE,,0,18/06/2026,FREDDO,,
SIC03327,3327,AZIENDA,81LEAD|ContattiMirco|EmailMirco,,,Catalano Michele srl,,,,IT,,,,,,,,,info@catalanocostruzioni.it,,3909237181480,3909237181480,,,,,,Italia,,,,,,,,,,,,,,,,,,,,GUEST,FREE,,0,18/06/2026,FREDDO,,
SIC03328,3328,AZIENDA,81LEAD|ContattiMirco|Labotecnic1|Labotecnic2,,,Catialazzari Catia lazzari rif tacchetto,,,,IT,,,,,,,,,catialazzari@yahoo.it,,3904153216620,3904153216620,,,,,,Italia,,,,,,,,,,,,,,,,,,,,GUEST,FREE,,0,18/06/2026,FREDDO,,
SIC03329,3329,AZIENDA,81LEAD|ContattiMirco|EmailMirco,,,Celi Energia e costruzioni spa,,,,IT,,,,,,,,,info@celienergia.it,,390924609430,390924609430,,,,,,Italia,,,,,,,,,,,,,,,,,,,,GUEST,FREE,,0,18/06/2026,FREDDO,,
SIC03330,3330,AZIENDA,81LEAD|EmailMirco,,,Cella Costruzioni S.R.L.,,,,IT,,,,,,,,,impresa@cellacostruzioni.com,,3904328694430,3904328694430,,,,,,Italia,,,,,,,,,,,,,,,,,,,,GUEST,FREE,,0,18/06/2026,FREDDO,,
SIC03331,3331,AZIENDA,81LEAD|EmailMirco,,,"Centro Chiavi Gianicolense - Serrature, duplicazione chiavi, radiocomandi auto, pronto intervento, cilindri a Roma Monteverde",,,,IT,,,,,,,,,info@centrochiavigianicolense.it,,3934875418720,3934875418720,,,,,,Italia,,,,,,,,,,,,,,,,,,,,GUEST,FREE,,0,18/06/2026,FREDDO,,
SIC03332,3332,AZIENDA,EmailMirco,,,Centro Commerciale Valfreddana,,,,IT,,,,,,,,,info@ccvf.it,,,,,,,,,Italia,,,,,,,,,,,,,,,,,,,,GUEST,FREE,,0,18/06/2026,FREDDO,,
SIC03333,3333,AZIENDA,81LEAD|EmailMirco,,,Centro Edile Fontana,,,,IT,,,,,,,,,servizioclienti@centroedilefontana.it,,39096219245550,39096219245550,,,,,,Italia,,,,,,,,,,,,,,,,,,,,GUEST,FREE,,0,18/06/2026,FREDDO,,
SIC03334,3334,AZIENDA,81LEAD|EmailMirco,,,Centro Edile Lucca srl,,,,IT,,,,,,,,,info@centroedilelucca.com,,3905839625260,3905839625260,,,,,,Italia,,,,,,,,,,,,,,,,,,,,GUEST,FREE,,0,18/06/2026,FREDDO,,
SIC03335,3335,AZIENDA,81LEAD|EmailMirco,,,Centro Edilizia,,,,IT,,,,,,,,,info@centroedilizia.com,,390357741450,390357741450,,,,,,Italia,,,,,,,,,,,,,,,,,,,,GUEST,FREE,,0,18/06/2026,FREDDO,,
SIC03336,3336,AZIENDA,81LEAD|EmailMirco,,,Centroedile Milano - ARESE,,,,IT,,,,,,,,,progettazione@centroedilemilano.com,,3902935881930,3902935881930,,,,,,Italia,,,,,,,,,,,,,,,,,,,,GUEST,FREE,,0,18/06/2026,FREDDO,,
SIC03337,3337,AZIENDA,81LEAD|EmailMirco,,,Ceragioli Costruzioni,,,,IT,,,,,,,,,info@ceragiolicostruzioni.it,,3905849515490,3905849515490,,,,,,Italia,,,,,,,,,,,,,,,,,,,,GUEST,FREE,,0,18/06/2026,FREDDO,,
SIC03338,3338,AZIENDA,81LEAD|EmailMirco,,,Ceramiche In S.r.l.,,,,IT,,,,,,,,,ceramicheinsrl@gmail.com,,390923252070,390923252070,,,,,,Italia,,,,,,,,,,,,,,,,,,,,GUEST,FREE,,0,18/06/2026,FREDDO,,
SIC03339,3339,AZIENDA,81LEAD|EmailMirco,,,Ceramiche Lucarda di Lucarda Giuseppe & C. S.n.c.,,,,IT,,,,,,,,,info@ceramichelucarda.it,,390414292480,390414292480,,,,,,Italia,,,,,,,,,,,,,,,,,,,,GUEST,FREE,,0,18/06/2026,FREDDO,,
SIC03340,3340,AZIENDA,81LEAD|ContattiMirco|EmailMirco|Labotecnic1|Labotecnic2,,,Ceronicostruzionisrl,,,,IT,,,,,,,,,ceronicostruzionisrl@gmail.com,,,,,,,,,Italia,,,,,,,,,,,,,,,,,,,,GUEST,FREE,,0,18/06/2026,FREDDO,,
SIC03341,3341,AZIENDA,81LEAD|ContattiMirco|EmailMirco,,,Cesarato Costruzioni srl,,,,IT,,,,,,,,,cesaratocostruzioni@libero.it,,3904153855030,3904153855030,,,,,,Italia,,,,,,,,,,,,,,,,,,,,GUEST,FREE,,0,18/06/2026,FREDDO,,
SIC03342,3342,AZIENDA,81LEAD|ContattiMirco|EmailMirco,,,Cf Costruzioni impresa edile restauri ristrutturazioni,,,,IT,,,,,,,,,info@cf-costruzioni.it,,3934087987290,3934087987290,,,,,,Italia,,,,,,,,,,,,,,,,,,,,GUEST,FREE,,0,18/06/2026,FREDDO,,
SIC03343,3343,AZIENDA,81LEAD|ContattiMirco|EmailMirco|Labotecnic1|Labotecnic2,,,Cgc Srl,,,,IT,,,,,,,,,cgc.srl@libero.it,,,,,,,,,Italia,,,,,,,,,,,,,,,,,,,,GUEST,FREE,,0,18/06/2026,FREDDO,,
SIC03344,3344,AZIENDA,81LEAD|EmailMirco,,,Chievo Costruzioni S.R.L.,,,,IT,,,,,,,,,info@chievocostruzioni.it,,3904583481120,3904583481120,,,,,,Italia,,,,,,,,,,,,,,,,,,,,GUEST,FREE,,0,18/06/2026,FREDDO,,
SIC03345,3345,AZIENDA,81LEAD|EmailMirco,,,Cime S.R.L. Commercio Industria Materiali Edili,,,,IT,,,,,,,,,info@cimesrl.com,,3908158419170,3908158419170,,,,,,Italia,,,,,,,,,,,,,,,,,,,,GUEST,FREE,,0,18/06/2026,FREDDO,,
SIC03346,3346,AZIENDA,81LEAD|EmailMirco,,,Cimmino Calce s.r.l,,,,IT,,,,,,,,,info@cimminocalce.com,,3908175932560,3908175932560,,,,,,Italia,,,,,,,,,,,,,,,,,,,,GUEST,FREE,,0,18/06/2026,FREDDO,,
SIC03347,3347,AZIENDA,81LEAD|ContattiMirco|EmailMirco|Labotecnic1|Labotecnic2,,,Cirillo Costruzioni,,,,IT,,,,,,,,,cirillo.costruzioni@gmail.com,,,,,,,,,Italia,,,,,,,,,,,,,,,,,,,,GUEST,FREE,,0,18/06/2026,FREDDO,,
SIC03348,3348,AZIENDA,81LEAD|ContattiMirco|EmailMirco,,,Cnt Costruzioni di contartese leo - impresa edile e ristrutturazioni,,,,IT,,,,,,,,,cntcostruzioni@gmail.com,,3934021515090,3934021515090,,,,,,Italia,,,,,,,,,,,,,,,,,,,,GUEST,FREE,,0,18/06/2026,FREDDO,,
SIC03349,3349,AZIENDA,81LEAD|ContattiMirco|EmailMirco|Labotecnic1|Labotecnic2,,,Cogead Srl,,,,IT,,,,,,,,,cogead.srl@gmail.com,,,,,,,,,Italia,,,,,,,,,,,,,,,,,,,,GUEST,FREE,,0,18/06/2026,FREDDO,,
SIC03350,3350,AZIENDA,81LEAD|EmailMirco,,,Color Lab srl Pistoia,,,,IT,,,,,,,,,info@colorlab-srl.it,,3905735181130,3905735181130,,,,,,Italia,,,,,,,,,,,,,,,,,,,,GUEST,FREE,,0,18/06/2026,FREDDO,,
SIC03351,3351,AZIENDA,81LEAD|EmailMirco,,,Com-Edil Di Delbono Luciano & C Snc,,,,IT,,,,,,,,,com-edil@libero.it,,3903068506450,3903068506450,,,,,,Italia,,,,,,,,,,,,,,,,,,,,GUEST,FREE,,0,18/06/2026,FREDDO,,
SIC03352,3352,AZIENDA,81LEAD|EmailMirco,,,Commercial Isonzo (S. R. L.),,,,IT,,,,,,,,,isonzo@gmail.com,,390670144030,390670144030,,,,,,Italia,,,,,,,,,,,,,,,,,,,,GUEST,FREE,,0,18/06/2026,FREDDO,,
SIC03353,3353,AZIENDA,81LEAD|ContattiMirco|EmailMirco,,,Commerciale,,,,IT,,,,,,,,,commerciale@zucchettonoleggi.com,,,,,,,,,Italia,,,,,,,,,,,,,,,,,,,,GUEST,FREE,,0,18/06/2026,FREDDO,,
SIC03354,3354,AZIENDA,81LEAD|ContattiMirco|EmailMirco,,,Commerciale,,,,IT,,,,,,,,,commerciale@transistor.it,,,,,,,,,Italia,,,,,,,,,,,,,,,,,,,,GUEST,FREE,,0,18/06/2026,FREDDO,,
SIC03355,3355,AZIENDA,81LEAD|ContattiMirco|EmailMirco,,,Commerciale,,,,IT,,,,,,,,,commerciale@sviluppoita.it,,,,,,,,,Italia,,,,,,,,,,,,,,,,,,,,GUEST,FREE,,0,18/06/2026,FREDDO,,
SIC03356,3356,AZIENDA,81LEAD|ContattiMirco|EmailMirco,,,Commerciale,,,,IT,,,,,,,,,commerciale@benazzo.com,,,,,,,,,Italia,,,,,,,,,,,,,,,,,,,,GUEST,FREE,,0,18/06/2026,FREDDO,,
SIC03357,3357,AZIENDA,81LEAD|ContattiMirco|EmailMirco|Labotecnic1|Labotecnic2,,,Commerciale ACCA,,,,IT,,,,,,,,,commerciale@acca.it,,,,,,,,,Italia,,,,,,,,,,,,,,,,,,,,GUEST,FREE,,0,18/06/2026,FREDDO,,
SIC03358,3358,AZIENDA,81LEAD|ContattiMirco|EmailMirco|Labotecnic1|Labotecnic2,,,Commerciale Ferramenta Primo,,,,IT,,,,,,,,,comfer@commercialeferramenta.it,,3904263203300,3904263203300,,,,,,Italia,,,,,,,,,,,,,,,,,,,,GUEST,FREE,,0,18/06/2026,FREDDO,,
SIC03359,3359,AZIENDA,81LEAD|EmailMirco,,,Commerciale Giannetti (S.R.L.),,,,IT,,,,,,,,,info@giannetti.it,,3905866612940,3905866612940,,,,,,Italia,,,,,,,,,,,,,,,,,,,,GUEST,FREE,,0,18/06/2026,FREDDO,,
SIC03360,3360,AZIENDA,81LEAD|ContattiMirco|EmailMirco,,,Condor S.r.l.,,,,IT,,,,,,,,,condorsrl@gmail.com,,3909189815930,3909189815930,,,,,,Italia,,,,,,,,,,,,,,,,,,,,GUEST,FREE,,0,18/06/2026,FREDDO,,
SIC03361,3361,AZIENDA,81LEAD|EmailMirco,,,Consorzi Agrari d' Italia SpA - Ag. di MONTEPESCALI,,,,IT,,,,,,,,,arcidosso@consorziagrariditalia.it,,3905643290150,3905643290150,,,,,,Italia,,,,,,,,,,,,,,,,,,,,GUEST,FREE,,0,18/06/2026,FREDDO,,
SIC03362,3362,AZIENDA,81LEAD|ContattiMirco|EmailMirco|Labotecnic1|Labotecnic2,,,Consulenza Crepaldi,,,,IT,,,,,,,,,consulenza.crepaldi@libero.it,,,,,,,,,Italia,,,,,,,,,,,,,,,,,,,,GUEST,FREE,,0,18/06/2026,FREDDO,,
SIC03363,3363,AZIENDA,81LEAD|ContattiMirco|EmailMirco,,,Conte Francesco costruzioni e restauri s.r.l.,,,,IT,,,,,,,,,info@conteedile.it,,3904152036120,3904152036120,,,,,,Italia,,,,,,,,,,,,,,,,,,,,GUEST,FREE,,0,18/06/2026,FREDDO,,
SIC03364,3364,AZIENDA,81LEAD|EmailMirco,,,Cooperativa Edilizia,,,,IT,,,,,,,,,iniziative@cooperativaedilizia.it,,3904546476200,3904546476200,,,,,,Italia,,,,,,,,,,,,,,,,,,,,GUEST,FREE,,0,18/06/2026,FREDDO,,
SIC03365,3365,AZIENDA,81LEAD|ContattiMirco|EmailMirco|Labotecnic1|Labotecnic2,,,Cooperativaomnibus,,,,IT,,,,,,,,,cooperativaomnibus@tiscali.it,,,,,,,,,Italia,,,,,,,,,,,,,,,,,,,,GUEST,FREE,,0,18/06/2026,FREDDO,,
SIC03366,3366,AZIENDA,81LEAD|ContattiMirco|EmailMirco,,,Corazza Costruzioni edili,,,,IT,,,,,,,,,web@corazzacostruzioni.com,,3905324368110,3905324368110,,,,,,Italia,,,,,,,,,,,,,,,,,,,,GUEST,FREE,,0,18/06/2026,FREDDO,,
SIC03367,3367,AZIENDA,81LEAD|EmailMirco,,,Coronetta Costruzioni,,,,IT,,,,,,,,,info@coronettacostruzioni.com,,3906929356820,3906929356820,,,,,,Italia,,,,,,,,,,,,,,,,,,,,GUEST,FREE,,0,18/06/2026,FREDDO,,
SIC03368,3368,AZIENDA,ClientiFatt1|ClientiFatt2|81LEAD,,,Corpo Sano Snc di Molena Marta & C.,,,,IT,04139860276,41398602760,M5UXCR1,,,,,,corposanosnc@legalmail.it,,,,,,,,,Italia,,,,,Via Mantova 19,30015,Chioggia,VE,,,,,,,,,,,,GUEST,FREE,,0,18/06/2026,FREDDO,,
SIC03369,3369,AZIENDA,81LEAD|ContattiMirco|EmailMirco,,,Corrado Casa - impresa edile,,,,IT,,,,,,,,,info@corradocasa.com,,3934874894570,3934874894570,,,,,,Italia,,,,,,,,,,,,,,,,,,,,GUEST,FREE,,0,18/06/2026,FREDDO,,
SIC03370,3370,AZIENDA,81LEAD|ContattiMirco|EmailMirco,,,Costanza Flaminiasrl,,,,IT,,,,,,,,,costanza.flaminiasrl@gmail.com,,,,,,,,,Italia,,,,,,,,,,,,,,,,,,,,GUEST,FREE,,0,18/06/2026,FREDDO,,
SIC03371,3371,AZIENDA,81LEAD|ContattiMirco,,,Costruzioni & servizi rinnovabili s.r.l.,,,,IT,,,,,,,,,adv@rinnovabili.it,,3905326812070,3905326812070,,,,,,Italia,,,,,,,,,,,,,,,,,,,,GUEST,FREE,,0,18/06/2026,FREDDO,,
SIC03372,3372,AZIENDA,81LEAD|ContattiMirco|EmailMirco,,,Costruzioni C.e.c.i. s.r.l.,,,,IT,,,,,,,,,costruzioniceci@gmail.com,,3905168412210,3905168412210,,,,,,Italia,,,,,,,,,,,,,,,,,,,,GUEST,FREE,,0,18/06/2026,FREDDO,,
SIC03373,3373,AZIENDA,81LEAD|ContattiMirco|EmailMirco,,,Costruzioni E ristrutturazioni edili di gobbo bruno (s.r.l.),,,,IT,,,,,,,,,info@gobbobruno.com,,390422976350,390422976350,,,,,,Italia,,,,,,,,,,,,,,,,,,,,GUEST,FREE,,0,18/06/2026,FREDDO,,
SIC03374,3374,AZIENDA,81LEAD|ContattiMirco|EmailMirco,,,Costruzioni Edili pavanello s.r.l.,,,,IT,,,,,,,,,contattaci@costruzionipavanello.it,,390416407400,390416407400,,,,,,Italia,,,,,,,,,,,,,,,,,,,,GUEST,FREE,,0,18/06/2026,FREDDO,,
SIC03375,3375,AZIENDA,81LEAD|ContattiMirco|EmailMirco,,,Costruzioni Edili romagnoli srl | impresa edile per nuove costruzioni | castel san pietro terme | bologna,,,,IT,,,,,,,,,info@costruzioniromagnoli.it,,390519465570,390519465570,,,,,,Italia,,,,,,,,,,,,,,,,,,,,GUEST,FREE,,0,18/06/2026,FREDDO,,
SIC03376,3376,AZIENDA,81LEAD|ContattiMirco|EmailMirco,,,Costruzioni Edili sartorato,,,,IT,,,,,,,,,info@sartoratocostruzioni.com,,3904227880050,3904227880050,,,,,,Italia,,,,,,,,,,,,,,,,,,,,GUEST,FREE,,0,18/06/2026,FREDDO,,
SIC03377,3377,AZIENDA,81LEAD|ContattiMirco|EmailMirco,,,Costruzioni Edili zucchini spa,,,,IT,,,,,,,,,info@costruzioniedilizucchini.it,,390512269640,390512269640,,,,,,Italia,,,,,,,,,,,,,,,,,,,,GUEST,FREE,,0,18/06/2026,FREDDO,,
SIC03378,3378,AZIENDA,81LEAD|ContattiMirco|EmailMirco|Labotecnic1|Labotecnic2,,,Costruzioni Galvani,,,,IT,,,,,,,,,costruzioni.galvani@gmail.com,,,,,,,,,Italia,,,,,,,,,,,,,,,,,,,,GUEST,FREE,,0,18/06/2026,FREDDO,,
SIC03379,3379,AZIENDA,81LEAD|EmailMirco,,,Costruzioni Generali Due Srl - Azienda Edile,,,,IT,,,,,,,,,segreteria@cg2.it,,390595124950,390595124950,,,,,,Italia,,,,,,,,,,,,,,,,,,,,GUEST,FREE,,0,18/06/2026,FREDDO,,
SIC03380,3380,AZIENDA,81LEAD|EmailMirco,,,Costruzioni Geom. Vettorini Pietro Srl,,,,IT,,,,,,,,,info@emsol.it,,3905857905770,3905857905770,,,,,,Italia,,,,,,,,,,,,,,,,,,,,GUEST,FREE,,0,18/06/2026,FREDDO,,
SIC03381,3381,AZIENDA,81LEAD|EmailMirco,,,Costruzioni Giacobazzi Spa,,,,IT,,,,,,,,,info@costruzionigiacobazzi.com,,390518608500,390518608500,,,,,,Italia,,,,,,,,,,,,,,,,,,,,GUEST,FREE,,0,18/06/2026,FREDDO,,
SIC03382,3382,AZIENDA,81LEAD|EmailMirco,,,Costruzioni Gruppo Santarelli,,,,IT,,,,,,,,,segreteriagruppoimmobiliare@gmail.com,,3906871373900,3906871373900,,,,,,Italia,,,,,,,,,,,,,,,,,,,,GUEST,FREE,,0,18/06/2026,FREDDO,,
SIC03383,3383,AZIENDA,81LEAD|ContattiMirco|EmailMirco,,,Costruzioni Venezia pattarello sas,,,,IT,,,,,,,,,info@costruzionipattarello.it,,393309991910,393309991910,,,,,,Italia,,,,,,,,,,,,,,,,,,,,GUEST,FREE,,0,18/06/2026,FREDDO,,
SIC03384,3384,AZIENDA,81LEAD|EmailMirco,,,Costruzioni e Ristrutturazioni Edili Roma - Albert Costruzioni,,,,IT,,,,,,,,,privacy@localweb.it,,3934416635550,3934416635550,,,,,,Italia,,,,,,,,,,,,,,,,,,,,GUEST,FREE,,0,18/06/2026,FREDDO,,
SIC03385,3385,AZIENDA,81LEAD|ContattiMirco|EmailMirco,,,Costruzioni stano & c. s.r.l.,,,,IT,,,,,,,,,info@costruzionistano.it,,3908030386810,3908030386810,,,,,,Italia,,,,,,,,,,,,,,,,,,,,GUEST,FREE,,0,18/06/2026,FREDDO,,
SIC03386,3386,AZIENDA,81LEAD|ContattiMirco|EmailMirco|Labotecnic1|Labotecnic2,,,Costruzionifaraco,,,,IT,,,,,,,,,costruzionifaraco@libero.it,,,,,,,,,Italia,,,,,,,,,,,,,,,,,,,,GUEST,FREE,,0,18/06/2026,FREDDO,,
SIC03387,3387,AZIENDA,81LEAD|EmailMirco,,,Crezza S.r.l. - Sede amministrativa e produttiva di Gordona,,,,IT,,,,,,,,,info@crezza.com,,390343431440,390343431440,,,,,,Italia,,,,,,,,,,,,,,,,,,,,GUEST,FREE,,0,18/06/2026,FREDDO,,
SIC03388,3388,AZIENDA,81LEAD|ContattiMirco,,,Crifill Srl,,,,IT,,,,,,,,,export@crifill.it,,3904988395390,3904988395390,,,,,,Italia,,,,,,,,,,,,,,,,,,,,GUEST,FREE,,0,18/06/2026,FREDDO,,
SIC03389,3389,AZIENDA,81LEAD|ContattiMirco|EmailMirco|Labotecnic1|Labotecnic2,,,Crifill Srl,,,,IT,,,,,,,,,info@crifill.it,,3904988395390,3904988395390,,,,,,Italia,,,,,,,,,,,,,,,,,,,,GUEST,FREE,,0,18/06/2026,FREDDO,,
SIC03390,3390,AZIENDA,81LEAD|EmailMirco,,,Cugini Spa - Premiscelati per l'edilizia,,,,IT,,,,,,,,,cugini@cugini.it,,390355207800,390355207800,,,,,,Italia,,,,,,,,,,,,,,,,,,,,GUEST,FREE,,0,18/06/2026,FREDDO,,
SIC03391,3391,AZIENDA,81LEAD|ContattiMirco|EmailMirco,,,Customerservice,,,,IT,,,,,,,,,customerservice@libraccio.it,,,,,,,,,Italia,,,,,,,,,,,,,,,,,,,,GUEST,FREE,,0,18/06/2026,FREDDO,,
SIC03392,3392,AZIENDA,81LEAD|ContattiMirco|EmailMirco,,,D.s.c Edilizia s.a.s di rizzo domenico,,,,IT,,,,,,,,,jennysong72@gmail.com,,3932958752880,3932958752880,,,,,,Italia,,,,,,,,,,,,,,,,,,,,GUEST,FREE,,0,18/06/2026,FREDDO,,
SIC03393,3393,AZIENDA,81LEAD|EmailMirco,,,DANI RIFINITURE S.R.L.,,,,IT,,,,,,,,,info@danirifiniture.it,,39046419822140,39046419822140,,,,,,Italia,,,,,,,,,,,,,,,,,,,,GUEST,FREE,,0,18/06/2026,FREDDO,,
SIC03394,3394,AZIENDA,ClientiFatt1|ClientiFatt2|81LEAD|ContattiMirco,,,DELTA LAVORI S.R.L.,,,,IT,01527850299,15278502990,BA6ET11,,,,,,deltalavori@gmail.com,deltalavori@pec.it,,,,,,,,Italia,,,,,VIA LUIGI EINAUDI 117,45100,ROVIGO,RO,,,,,,REVOLUT BANK UAB,,,,,,GUEST,FREE,,0,18/06/2026,FREDDO,,
SIC03395,3395,AZIENDA,ClientiFatt1|ClientiFatt2|81LEAD|ContattiMirco|EmailMirco,,,DIAMOCI UN TAGLIO di Bassani Irene,,,,IT,BSSRNI89H41H620T,15636202910,0000000,,,,,,irenebassani@gmail.com,,,,,,,,,Italia,,,,,Riviera Marconi 46,45017,Loreo,RO,,,,,,,,,,,,GUEST,FREE,,0,18/06/2026,FREDDO,,
SIC03396,3396,AZIENDA,ClientiFatt1|ClientiFatt2|81LEAD|ContattiMirco|EmailMirco,,,DOMINA CONSULTING S.r.l.,,,,IT,03506810278,35068102780,dominaconsultingsrl@pec.it,,,,,,guzzonandrea@gmail.com,,,,,,,,,Italia,,,,,Via Vittorio Veneto 1,30014,Cavarzere,VE,,,,,,,,,,,,GUEST,FREE,,0,18/06/2026,FREDDO,,
SIC03397,3397,AZIENDA,ClientiFatt1|ClientiFatt2|81LEAD,,,DOS S.R.L.,,,,IT,04260800273,42608002730,SUBM70N,,,,,,dos.srls@legalmail.it,,,,,,,,,Italia,,,,,Lungomare Adriatico Angolo Via Isonzo 1,30015,Chioggia,VE,,,,,,,,,,,,GUEST,FREE,,0,18/06/2026,FREDDO,,
SIC03398,3398,AZIENDA,ClientiFatt1|ClientiFatt2,,,"DREAM BAR
BOSCOLO SALE VALERIA",,,,IT,BSCVLR74R52C638N,43268402710,boscolosalevaleria@pec.it,,,,,,boscolosalevaleria@pec.it,,,,,,,,,Italia,,,,,Via San Giuseppe 1/O,30015,Chioggia,VE,,,,,,,,,,,,GUEST,FREE,,0,18/06/2026,FREDDO,,
SIC03399,3399,AZIENDA,81LEAD|EmailMirco,,,Da Tecnofer S.R.L.,,,,IT,,,,,,,,,info@tecnofersrl.eu,,390343426300,390343426300,,,,,,Italia,,,,,,,,,,,,,,,,,,,,GUEST,FREE,,0,18/06/2026,FREDDO,,
SIC03400,3400,AZIENDA,81LEAD|ContattiMirco|EmailMirco,,,Dal Castello romano impresa edile,,,,IT,,,,,,,,,info@romanodalcastello.it,,3904455322320,3904455322320,,,,,,Italia,,,,,,,,,,,,,,,,,,,,GUEST,FREE,,0,18/06/2026,FREDDO,,
SIC03401,3401,AZIENDA,81LEAD|ContattiMirco|EmailMirco|Labotecnic1|Labotecnic2,,,Dallara_sas,,,,IT,,,,,,,,,dallara_sas@libero.it,,,,,,,,,Italia,,,,,,,,,,,,,,,,,,,,GUEST,FREE,,0,18/06/2026,FREDDO,,
SIC03402,3402,AZIENDA,81LEAD|ContattiMirco|EmailMirco,,,Damiga Srl,,,,IT,,,,,,,,,info@damigasrl.com,,390924254880,390924254880,,,,,,Italia,,,,,,,,,,,,,,,,,,,,GUEST,FREE,,0,18/06/2026,FREDDO,,
SIC03403,3403,AZIENDA,81LEAD|ContattiMirco|EmailMirco,,,Danielaspano83,,,,IT,,,,,,,,,danielaspano83@libero.it,,347140032100,347140032100,,,,,,Italia,,,,,,,,,,,,,,,,,,,,GUEST,FREE,,0,18/06/2026,FREDDO,,
SIC03404,3404,AZIENDA,81LEAD|EmailMirco,,,De Angelis Costruzioni Srl,,,,IT,,,,,,,,,ufficiotecnico@deangeliscostruzioni.com,,3906699226120,3906699226120,,,,,,Italia,,,,,,,,,,,,,,,,,,,,GUEST,FREE,,0,18/06/2026,FREDDO,,
SIC03405,3405,AZIENDA,ClientiFatt1|ClientiFatt2|81LEAD|ContattiMirco|EmailMirco|Labotecnic1|Labotecnic2,,,De Boni Luigi,,,,IT,DBNLGU64C10C638J,36631302700,M5UXCR1,,,,,,deboniluigi@libero.it,,39333962535100,39333962535100,,,,,,Italia,,,,,Strada 16 Laghi 43,30015,Chioggia,VE,,,,,,,,,,,,GUEST,FREE,,0,18/06/2026,FREDDO,,
SIC03406,3406,AZIENDA,81LEAD|ContattiMirco|EmailMirco,,,De Giuli costruzioni s.r.l.,,,,IT,,,,,,,,,degiulicostruzioni@gmail.com,,3933560493760,3933560493760,,,,,,Italia,,,,,,,,,,,,,,,,,,,,GUEST,FREE,,0,18/06/2026,FREDDO,,
SIC03407,3407,AZIENDA,81LEAD|EmailMirco,,,De Palo Group S.r.l.,,,,IT,,,,,,,,,depalogroupsrl@libero.it,,3908037359120,3908037359120,,,,,,Italia,,,,,,,,,,,,,,,,,,,,GUEST,FREE,,0,18/06/2026,FREDDO,,
SIC03408,3408,AZIENDA,81LEAD|EmailMirco,,,De Sanctis Costruzioni Spa,,,,IT,,,,,,,,,info@gruppodesanctis.com,,390646201310,390646201310,,,,,,Italia,,,,,,,,,,,,,,,,,,,,GUEST,FREE,,0,18/06/2026,FREDDO,,
SIC03409,3409,AZIENDA,81LEAD|EmailMirco,,,"De Santis Clima Srl | Assistenza autorizzata Baxi, Radiant, Fujitsu",,,,IT,,,,,,,,,desantisassistenza@gmail.com,,390630110240,390630110240,,,,,,Italia,,,,,,,,,,,,,,,,,,,,GUEST,FREE,,0,18/06/2026,FREDDO,,
SIC03410,3410,AZIENDA,81LEAD,,,De Vellis Servizi Globali Srl (sede legale),,,,IT,,,,,,,,,qualita@devellis.it,,390775898810,390775898810,,,,,,Italia,,,,,,,,,,,,,,,,,,,,GUEST,FREE,,0,18/06/2026,FREDDO,,
SIC03411,3411,AZIENDA,81LEAD|ContattiMirco|EmailMirco|Labotecnic1|Labotecnic2,,,Deamservice,,,,IT,,,,,,,,,deamservice@yahoo.it,,,,,,,,,Italia,,,,,,,,,,,,,,,,,,,,GUEST,FREE,,0,18/06/2026,FREDDO,,
SIC03412,3412,AZIENDA,81LEAD|ContattiMirco|EmailMirco,,,Decoraziobovolenta Giua onean porto rotondo,,,,IT,,,,,,,,,decoraziobovolenta@gmail.com,,3934971528820,3934971528820,,,,,,Italia,,,,,,,,,,,,,,,,,,,,GUEST,FREE,,0,18/06/2026,FREDDO,,
SIC03413,3413,AZIENDA,81LEAD|EmailMirco,,,Del Dosso Diego S.r.l. - Sede di Piateda,,,,IT,,,,,,,,,stefano@deldosso.com,,3903423707600,3903423707600,,,,,,Italia,,,,,,,,,,,,,,,,,,,,GUEST,FREE,,0,18/06/2026,FREDDO,,
SIC03414,3414,AZIENDA,81LEAD|EmailMirco,,,Delmare Vernici Srl,,,,IT,,,,,,,,,info@delmarepaint.it,,3904109925310,3904109925310,,,,,,Italia,,,,,,,,,,,,,,,,,,,,GUEST,FREE,,0,18/06/2026,FREDDO,,
SIC03415,3415,AZIENDA,81LEAD|ContattiMirco|EmailMirco|Labotecnic1|Labotecnic2,,,Dema Srl,,,,IT,,,,,,,,,dema.srl@outlook.it,,,,,,,,,Italia,,,,,,,,,,,,,,,,,,,,GUEST,FREE,,0,18/06/2026,FREDDO,,
SIC03416,3416,AZIENDA,81LEAD|EmailMirco,,,Design&Co. - Studio Interior Design,,,,IT,,,,,,,,,info@akreodesign.it,,3932044453520,3932044453520,,,,,,Italia,,,,,,,,,,,,,,,,,,,,GUEST,FREE,,0,18/06/2026,FREDDO,,
SIC03417,3417,AZIENDA,81LEAD|ContattiMirco|EmailMirco|Labotecnic1|Labotecnic2,,,Devimpianti2009,,,,IT,,,,,,,,,devimpianti2009@libero.it,,,,,,,,,Italia,,,,,,,,,,,,,,,,,,,,GUEST,FREE,,0,18/06/2026,FREDDO,,
SIC03418,3418,AZIENDA,81LEAD|EmailMirco,,,Di Leo Costruzioni S.R.L.,,,,IT,,,,,,,,,dileocostruzionisrl@tiscali.it,,,,,,,,,Italia,,,,,,,,,,,,,,,,,,,,GUEST,FREE,,0,18/06/2026,FREDDO,,
SIC03419,3419,AZIENDA,81LEAD|EmailMirco,,,Di Leo Costruzioni S.R.L.,,,,IT,,,,,,,,,venditedileo@gmail.com,,,,,,,,,Italia,,,,,,,,,,,,,,,,,,,,GUEST,FREE,,0,18/06/2026,FREDDO,,
SIC03420,3420,AZIENDA,81LEAD|ContattiMirco|EmailMirco,,,Di Leonardo group,,,,IT,,,,,,,,,info@studioscioglilingue.it,,3939142287870,3939142287870,,,,,,Italia,,,,,,,,,,,,,,,,,,,,GUEST,FREE,,0,18/06/2026,FREDDO,,
SIC03421,3421,AZIENDA,81LEAD|EmailMirco,,,Di.Co. Edilizia Srl,,,,IT,,,,,,,,,dicoedilizia@libero.it,,390708507670,390708507670,,,,,,Italia,,,,,,,,,,,,,,,,,,,,GUEST,FREE,,0,18/06/2026,FREDDO,,
SIC03422,3422,AZIENDA,ContattiMirco|EmailMirco|Labotecnic1|Labotecnic2,,,Diego Arch.,,,,IT,,,,,,,,,studio.arks@gmail.com,,3934264681670,3934264681670,,,,,,Italia,,,,,,,,,,,,,,,,,,,,GUEST,FREE,,0,18/06/2026,FREDDO,,
SIC03423,3423,AZIENDA,81LEAD|ContattiMirco|EmailMirco|Labotecnic1|Labotecnic2,,,Diego Termoidraulica,,,,IT,,,,,,,,,idraulicafonsato@gmail.com,,3934885912280,3934885912280,,,,,,Italia,,,,,,,,,,,,,,,,,,,,GUEST,FREE,,0,18/06/2026,FREDDO,,
SIC03424,3424,AZIENDA,81LEAD|ContattiMirco|EmailMirco|Labotecnic1|Labotecnic2,,,Dipiustudio,,,,IT,,,,,,,,,dipiustudio@gmail.com,,,,,,,,,Italia,,,,,,,,,,,,,,,,,,,,GUEST,FREE,,0,18/06/2026,FREDDO,,
SIC03425,3425,AZIENDA,81LEAD|ContattiMirco|EmailMirco,,,Ditta Edile andrea adragna,,,,IT,,,,,,,,,parts.italy@wartsila.com,,3933148351200,3933148351200,,,,,,Italia,,,,,,,,,,,,,,,,,,,,GUEST,FREE,,0,18/06/2026,FREDDO,,
SIC03426,3426,AZIENDA,81LEAD|ContattiMirco|EmailMirco|Labotecnic1|Labotecnic2,,,Dittaborrillo,,,,IT,,,,,,,,,dittaborrillo@gmail.com,,,,,,,,,Italia,,,,,,,,,,,,,,,,,,,,GUEST,FREE,,0,18/06/2026,FREDDO,,
SIC03427,3427,AZIENDA,81LEAD|ContattiMirco|EmailMirco|Labotecnic1|Labotecnic2,,,Dittazitiello,,,,IT,,,,,,,,,dittazitiello@gmail.com,,335100241500,335100241500,,,,,,Italia,,,,,,,,,,,,,,,,,,,,GUEST,FREE,,0,18/06/2026,FREDDO,,
SIC03428,3428,AZIENDA,81LEAD|EmailMirco,,,Domidea Ristrutturazioni Roma - Studio Prati,,,,IT,,,,,,,,,project@domidea.it,,398008007470,398008007470,,,,,,Italia,,,,,,,,,,,,,,,,,,,,GUEST,FREE,,0,18/06/2026,FREDDO,,
SIC03429,3429,AZIENDA,81LEAD|ContattiMirco|EmailMirco,,,Domino Costruzioni s.r.l.,,,,IT,,,,,,,,,info@dominohaus.it,,3905326855300,3905326855300,,,,,,Italia,,,,,,,,,,,,,,,,,,,,GUEST,FREE,,0,18/06/2026,FREDDO,,
SIC03430,3430,AZIENDA,81LEAD|EmailMirco,,,Doneda Edilizia,,,,IT,,,,,,,,,doe-j@donedaedilizia.com,,3903548740510,3903548740510,,,,,,Italia,,,,,,,,,,,,,,,,,,,,GUEST,FREE,,0,18/06/2026,FREDDO,,
SIC03431,3431,AZIENDA,81LEAD|ContattiMirco|EmailMirco,,,Doro Fratelli impresa edile costruzioni,,,,IT,,,,,,,,,info@fratellidoro.it,,3933580592570,3933580592570,,,,,,Italia,,,,,,,,,,,,,,,,,,,,GUEST,FREE,,0,18/06/2026,FREDDO,,
SIC03432,3432,AZIENDA,81LEAD|ContattiMirco|EmailMirco,,,Dott. V. Pezzangora MC Mestre,,,,IT,,,,,,,,,v.pezzangora@alice.it,,3934983717540,3934983717540,,,,,,Italia,,,,,,,,,,,,,,,,,,,,GUEST,FREE,,0,18/06/2026,FREDDO,,
SIC03433,3433,AZIENDA,81LEAD|ContattiMirco|EmailMirco|Labotecnic1|Labotecnic2,,,Dott. Vianelli Veterinario,,,,IT,,,,,,,,,massimo.vianelli@gmail.com,,3689786520,3689786520,,,,,,Italia,,,,,,,,,,,,,,,,,,,,GUEST,FREE,,0,18/06/2026,FREDDO,,
SIC03434,3434,AZIENDA,81LEAD|ContattiMirco|EmailMirco,,,Ds Constructions srl,,,,IT,,,,,,,,,dsimpresa@libero.it,,3936880381840,3936880381840,,,,,,Italia,,,,,,,,,,,,,,,,,,,,GUEST,FREE,,0,18/06/2026,FREDDO,,
SIC03435,3435,AZIENDA,81LEAD|ContattiMirco|EmailMirco,,,Duo Serramenti,,,,IT,,,,,,,,,info@duoserramenti.it,,,,,,,,,Italia,,,,,,,,,,,,,,,,,,,,GUEST,FREE,,0,18/06/2026,FREDDO,,
SIC03436,3436,AZIENDA,ClientiFatt1|ClientiFatt2|81LEAD|ContattiMirco,,,Duò Serramenti di Duò Devid,,,,IT,DUODVD74S22L219C,13148902920,M5UXCR1,,,,,,amministrazione@duoserramenti.com,,,,,,,,,Italia,,,,,Via Retinella 5,45017,Loreo,RO,,,,,,,,,,,,GUEST,FREE,,0,18/06/2026,FREDDO,,
SIC03437,3437,AZIENDA,81LEAD|ContattiMirco|EmailMirco,,,E Monica di giulio,,,,IT,,,,,,,,,e.pavino@hiperformance.it,,3933390274510,3933390274510,,,,,,Italia,,,,,,,,,,,,,,,,,,,,GUEST,FREE,,0,18/06/2026,FREDDO,,
SIC03438,3438,AZIENDA,ClientiFatt1|ClientiFatt2,,,ECOPET BP SRL,,,,IT,03746530280,37465302800,M5UXCR1,,,,,,gobbatosrl@pec.it,,,,,,,,,Italia,,,,,Via Marconi 37,35020,Brugine,PD,,,,,,,,,,,,GUEST,FREE,,0,18/06/2026,FREDDO,,
SIC03439,3439,AZIENDA,81LEAD|EmailMirco,,,ECOTEC-Ideal Montaggi srl,,,,IT,,,,,,,,,info@ecotec.bio,,390583750080,390583750080,,,,,,Italia,,,,,,,,,,,,,,,,,,,,GUEST,FREE,,0,18/06/2026,FREDDO,,
SIC03440,3440,AZIENDA,ClientiFatt1|ClientiFatt2,,,EDIL AL.MA. COSTRUZIONI DI VILLANI ALESSANDRO,,,,IT,VLLLSN95D26A512A,91414612110,villani-alessandro@pec.it,,,,,,villani-alessandro@pec.it,,,,,,,,,Italia,,,,,Via G. Marconi 65,80029,Sant'Antimo,,,,,,,,,,,,,GUEST,FREE,,0,18/06/2026,FREDDO,,
SIC03441,3441,AZIENDA,ClientiFatt1|ClientiFatt2|81LEAD|Labotecnic1|Labotecnic2,,,EDIL CESARATO SNC di Cesarato Marco & C.,,,,IT,03798430280,37984302800,M5UXCR1,,,,,,marco.cesarato76@gmail.com,,,,,,,,,Italia,,,,,Via Cò Cappone 93,35028,Piove di Sacco,PD,,,,,,,,,,,,GUEST,FREE,,0,18/06/2026,FREDDO,,
SIC03442,3442,AZIENDA,ClientiFatt1|ClientiFatt2|81LEAD|ContattiMirco|EmailMirco|Labotecnic1|Labotecnic2,,,EDIL S.A.M. di Gasparetto Orazio,,,,IT,GSPRZO74S05A059H,13030602950,gasparettoorazio@pec.it,,,,,,edil.sam.1974@gmail.com,,3934055512070,3934055512070,,,,,,Italia,,,,,Via Marina 43,45019,Taglio di Po,RO,,,,,,,,,,,,GUEST,FREE,,0,18/06/2026,FREDDO,,
SIC03443,3443,AZIENDA,ClientiFatt1|ClientiFatt2|81LEAD|ContattiMirco|EmailMirco|Labotecnic1|Labotecnic2,,,EDILBOSCARATO S.N.C.,,,,IT,,36606502700,UNI0W8G,,,,,,edilboscarato@tiscali.it,,,,,,,,,Italia,,,,,VIA CANAL DI VALLE - LOC. SANT'ANNA 249/A,30015,Chioggia,VE,,,,,,,,,,,,GUEST,FREE,,0,18/06/2026,FREDDO,,
SIC03444,3444,AZIENDA,81LEAD|EmailMirco,,,EDILERRE SRL,,,,IT,,,,,,,,,info@edilerresrl.it,,3903428610810,3903428610810,,,,,,Italia,,,,,,,,,,,,,,,,,,,,GUEST,FREE,,0,18/06/2026,FREDDO,,
SIC03445,3445,AZIENDA,81LEAD|EmailMirco,,,EDILIZIA DEL DUEMILA SAS,,,,IT,,,,,,,,,info@ediliziadelduemila.it,,3908040376340,3908040376340,,,,,,Italia,,,,,,,,,,,,,,,,,,,,GUEST,FREE,,0,18/06/2026,FREDDO,,
SIC03446,3446,AZIENDA,81LEAD|EmailMirco,,,EDILIZIA-SC SRLS,,,,IT,,,,,,,,,info@edilizia-sc.it,,3938035333420,3938035333420,,,,,,Italia,,,,,,,,,,,,,,,,,,,,GUEST,FREE,,0,18/06/2026,FREDDO,,
SIC03447,3447,AZIENDA,ClientiFatt1|ClientiFatt2|81LEAD|ContattiMirco|EmailMirco|Labotecnic1|Labotecnic2,,,EMMEDI COSTRUZIONI E FINITURE SRLS,,,,IT,01553770296,15537702960,emmedi.costruzioni@legalmail.it,,,,,,emmedi.costruzioniefiniture@gmail.com,,,,,,,,,Italia,,,,,Via Dosso 6,45014,Porto Viro,RO,,,,,,,,,,,,GUEST,FREE,,0,18/06/2026,FREDDO,,
SIC03448,3448,AZIENDA,ClientiFatt1|ClientiFatt2,,,ETRENCH SRL,,,,IT,01516000294,15160002940,BA6ET11,,,,,,etrenchsrl@pec.it,etrenchsrl@pec.it,,,,,,,,Italia,,,,,PIAZZALE GABRIELE D'ANNUNZIO 33,45100,ROVIGO,RO,,,,,,REVOLUT BANK UAB,,,,,,GUEST,FREE,,0,18/06/2026,FREDDO,,
SIC03449,3449,AZIENDA,81LEAD|ContattiMirco|EmailMirco,,,Ecoedilizia,,,,IT,,,,,,,,,contabilita@eco-edilizia.it,,3934841653440,3934841653440,,,,,,Italia,,,,,,,,,,,,,,,,,,,,GUEST,FREE,,0,18/06/2026,FREDDO,,
SIC03450,3450,AZIENDA,81LEAD|ContattiMirco|EmailMirco|Labotecnic1|Labotecnic2,,,Ecomindsrlpd,,,,IT,,,,,,,,,ecomindsrlpd@gmail.com,,,,,,,,,Italia,,,,,,,,,,,,,,,,,,,,GUEST,FREE,,0,18/06/2026,FREDDO,,
SIC03451,3451,AZIENDA,EmailMirco,,,Ecosmorzo - Materiali Edili Naturali,,,,IT,,,,,,,,,info@ecosmorzo.it,,,,,,,,,Italia,,,,,,,,,,,,,,,,,,,,GUEST,FREE,,0,18/06/2026,FREDDO,,
SIC03452,3452,AZIENDA,81LEAD|ContattiMirco|EmailMirco,,,Edil 2001 costruzioni srl,,,,IT,,,,,,,,,info@edil2001costruzionisrl.it,,3905328479230,3905328479230,,,,,,Italia,,,,,,,,,,,,,,,,,,,,GUEST,FREE,,0,18/06/2026,FREDDO,,
SIC03453,3453,AZIENDA,81LEAD|EmailMirco,,,Edil A.GV. srl,,,,IT,,,,,,,,,info@edilagv.com,,390165457160,390165457160,,,,,,Italia,,,,,,,,,,,,,,,,,,,,GUEST,FREE,,0,18/06/2026,FREDDO,,
SIC03454,3454,AZIENDA,81LEAD|EmailMirco,,,Edil Bardello Srl,,,,IT,,,,,,,,,roberta.ziviani@edilbardello.it,,3903327467980,3903327467980,,,,,,Italia,,,,,,,,,,,,,,,,,,,,GUEST,FREE,,0,18/06/2026,FREDDO,,
SIC03455,3455,AZIENDA,81LEAD|ContattiMirco|EmailMirco,,,Edil Bolzonella s.r.l.,,,,IT,,,,,,,,,info@edilbolzonella.it,,393374945780,393374945780,,,,,,Italia,,,,,,,,,,,,,,,,,,,,GUEST,FREE,,0,18/06/2026,FREDDO,,
SIC03456,3456,AZIENDA,EmailMirco,,,Edil Calabria di Piraino Mario,,,,IT,,,,,,,,,pirainomario57@gmail.com,,,,,,,,,Italia,,,,,,,,,,,,,,,,,,,,GUEST,FREE,,0,18/06/2026,FREDDO,,
SIC03457,3457,AZIENDA,81LEAD|ContattiMirco,,,Edil Claps srl | ditta di costruzioni e ristrutturazioni | bologna | sant’agata bolognese,,,,IT,,,,,,,,,info@edilclaps.com,,3905104719110,3905104719110,,,,,,Italia,,,,,,,,,,,,,,,,,,,,GUEST,FREE,,0,18/06/2026,FREDDO,,
SIC03458,3458,AZIENDA,81LEAD|ContattiMirco|EmailMirco,,,Edil Contractor srl,,,,IT,,,,,,,,,info@edilcontractor.com,,3904257581340,3904257581340,,,,,,Italia,,,,,,,,,,,,,,,,,,,,GUEST,FREE,,0,18/06/2026,FREDDO,,
SIC03459,3459,AZIENDA,81LEAD|EmailMirco,,,Edil G.l. S.r.l.,,,,IT,,,,,,,,,info@edilgl.it,,390359051050,390359051050,,,,,,Italia,,,,,,,,,,,,,,,,,,,,GUEST,FREE,,0,18/06/2026,FREDDO,,
SIC03460,3460,AZIENDA,81LEAD|ContattiMirco|EmailMirco,,,Edil Gc - general costruzioni,,,,IT,,,,,,,,,amministrazione@edilgcostruzionisrl.it,,3905158720040,3905158720040,,,,,,Italia,,,,,,,,,,,,,,,,,,,,GUEST,FREE,,0,18/06/2026,FREDDO,,
SIC03461,3461,AZIENDA,81LEAD|EmailMirco,,,Edil Gronde Di Piras Giulio Impermeabilizzazione in Poliuretano,,,,IT,,,,,,,,,luigi.piras@hotmail.it,,3934037801420,3934037801420,,,,,,Italia,,,,,,,,,,,,,,,,,,,,GUEST,FREE,,0,18/06/2026,FREDDO,,
SIC03462,3462,AZIENDA,81LEAD|EmailMirco,,,Edil H.B.A. Impianti Soc. Coop.,,,,IT,,,,,,,,,amministrazione@edilhba.it,,3903324438300,3903324438300,,,,,,Italia,,,,,,,,,,,,,,,,,,,,GUEST,FREE,,0,18/06/2026,FREDDO,,
SIC03463,3463,AZIENDA,81LEAD|EmailMirco,,,Edil Laurenzi S.r.l.,,,,IT,,,,,,,,,edillaurenzisrl@gmail.com,,3933195107450,3933195107450,,,,,,Italia,,,,,,,,,,,,,,,,,,,,GUEST,FREE,,0,18/06/2026,FREDDO,,
SIC03464,3464,AZIENDA,81LEAD|ContattiMirco|EmailMirco,,,Edil Lavori s.r.l.,,,,IT,,,,,,,,,info@edillavori.it,,3904213224020,3904213224020,,,,,,Italia,,,,,,,,,,,,,,,,,,,,GUEST,FREE,,0,18/06/2026,FREDDO,,
SIC03465,3465,AZIENDA,81LEAD|EmailMirco,,,Edil Leonardo srl - Edilizia Sostenibile Roma e Latina,,,,IT,,,,,,,,,info@edilleonardo.it,,3934553894630,3934553894630,,,,,,Italia,,,,,,,,,,,,,,,,,,,,GUEST,FREE,,0,18/06/2026,FREDDO,,
SIC03466,3466,AZIENDA,81LEAD|ContattiMirco|EmailMirco,,,Edil Maggian s.r.l unipersonale,,,,IT,,,,,,,,,info@edilmaggiansrl.it,,3904152267200,3904152267200,,,,,,Italia,,,,,,,,,,,,,,,,,,,,GUEST,FREE,,0,18/06/2026,FREDDO,,
SIC03467,3467,AZIENDA,81LEAD|ContattiMirco|EmailMirco,,,Edil Morzillo s.r.l.s.,,,,IT,,,,,,,,,info@edilmoro.com,,3933987537620,3933987537620,,,,,,Italia,,,,,,,,,,,,,,,,,,,,GUEST,FREE,,0,18/06/2026,FREDDO,,
SIC03468,3468,AZIENDA,81LEAD|ContattiMirco|EmailMirco,,,Edil Multiservice snc di cazacu ivan,,,,IT,,,,,,,,,commerciale@techtower.it,,3905324721600,3905324721600,,,,,,Italia,,,,,,,,,,,,,,,,,,,,GUEST,FREE,,0,18/06/2026,FREDDO,,
SIC03469,3469,AZIENDA,81LEAD|ContattiMirco|EmailMirco,,,Edil Pinca srl,,,,IT,,,,,,,,,info@edilpinca.it,,390535993330,390535993330,,,,,,Italia,,,,,,,,,,,,,,,,,,,,GUEST,FREE,,0,18/06/2026,FREDDO,,
SIC03470,3470,AZIENDA,81LEAD|ContattiMirco|EmailMirco,,,Edil Porro srl - impresa edile,,,,IT,,,,,,,,,info@edilporro.it,,3934960730780,3934960730780,,,,,,Italia,,,,,,,,,,,,,,,,,,,,GUEST,FREE,,0,18/06/2026,FREDDO,,
SIC03471,3471,AZIENDA,81LEAD|ContattiMirco|EmailMirco,,,Edil Project -realizzazione ville e piscine,,,,IT,,,,,,,,,edilprojectsrl87@libero.it,,3939267995310,3939267995310,,,,,,Italia,,,,,,,,,,,,,,,,,,,,GUEST,FREE,,0,18/06/2026,FREDDO,,
SIC03472,3472,AZIENDA,81LEAD|ContattiMirco|EmailMirco,,,Edil Project s.r.l.,,,,IT,,,,,,,,,info@edil-project-srl.it,,3909235686540,3909235686540,,,,,,Italia,,,,,,,,,,,,,,,,,,,,GUEST,FREE,,0,18/06/2026,FREDDO,,
SIC03473,3473,AZIENDA,81LEAD|EmailMirco,,,Edil Rapid SRL,,,,IT,,,,,,,,,info@edil-rapid.it,,3932002969790,3932002969790,,,,,,Italia,,,,,,,,,,,,,,,,,,,,GUEST,FREE,,0,18/06/2026,FREDDO,,
SIC03474,3474,AZIENDA,81LEAD|EmailMirco,,,Edil Sangaletti S.R.L.,,,,IT,,,,,,,,,info@edilsangalettisrl.it,,390356727430,390356727430,,,,,,Italia,,,,,,,,,,,,,,,,,,,,GUEST,FREE,,0,18/06/2026,FREDDO,,
SIC03475,3475,AZIENDA,81LEAD|ContattiMirco|EmailMirco,,,Edil Service barone s.r.l.,,,,IT,,,,,,,,,edilservicebarone@facileimpresa.it,,3938817486450,3938817486450,,,,,,Italia,,,,,,,,,,,,,,,,,,,,GUEST,FREE,,0,18/06/2026,FREDDO,,
SIC03476,3476,AZIENDA,81LEAD|ContattiMirco|EmailMirco,,,Edil Service di roberto comunale,,,,IT,,,,,,,,,emacomunale@libero.it,,3932462429090,3932462429090,,,,,,Italia,,,,,,,,,,,,,,,,,,,,GUEST,FREE,,0,18/06/2026,FREDDO,,
SIC03477,3477,AZIENDA,81LEAD|EmailMirco,,,Edil Spa Products,,,,IT,,,,,,,,,info@edilprodottispa.eu,,3908133060940,3908133060940,,,,,,Italia,,,,,,,,,,,,,,,,,,,,GUEST,FREE,,0,18/06/2026,FREDDO,,
SIC03478,3478,AZIENDA,EmailMirco,,,Edil Tomarchio Srl,,,,IT,,,,,,,,,info@ediltomarchio.it,,,,,,,,,Italia,,,,,,,,,,,,,,,,,,,,GUEST,FREE,,0,18/06/2026,FREDDO,,
SIC03479,3479,AZIENDA,81LEAD|ContattiMirco|EmailMirco,,,Edil Vi.mas. di vitulli domenico & c.,,,,IT,,,,,,,,,edilvimas.snc@libero.it,,3905328452530,3905328452530,,,,,,Italia,,,,,,,,,,,,,,,,,,,,GUEST,FREE,,0,18/06/2026,FREDDO,,
SIC03480,3480,AZIENDA,81LEAD|EmailMirco,,,EdilButtu Costruzioni,,,,IT,,,,,,,,,tizianobuttu@yahoo.it,,3932997324770,3932997324770,,,,,,Italia,,,,,,,,,,,,,,,,,,,,GUEST,FREE,,0,18/06/2026,FREDDO,,
SIC03481,3481,AZIENDA,81LEAD|EmailMirco,,,EdilCorradi S.n.c,,,,IT,,,,,,,,,info@edilcorradi.com,,390593860580,390593860580,,,,,,Italia,,,,,,,,,,,,,,,,,,,,GUEST,FREE,,0,18/06/2026,FREDDO,,
SIC03482,3482,AZIENDA,81LEAD|EmailMirco,,,EdilMurino Srl,,,,IT,,,,,,,,,info@anticacasadelcarrubo.it,,3932847647640,3932847647640,,,,,,Italia,,,,,,,,,,,,,,,,,,,,GUEST,FREE,,0,18/06/2026,FREDDO,,
SIC03483,3483,AZIENDA,81LEAD|ContattiMirco|EmailMirco,,,Edilalba Srl,,,,IT,,,,,,,,,info@edilalba.it,,3905324704280,3905324704280,,,,,,Italia,,,,,,,,,,,,,,,,,,,,GUEST,FREE,,0,18/06/2026,FREDDO,,
SIC03484,3484,AZIENDA,81LEAD|EmailMirco,,,Edilbi Srl,,,,IT,,,,,,,,,edilbifrau@gmail.com,,3907858543220,3907858543220,,,,,,Italia,,,,,,,,,,,,,,,,,,,,GUEST,FREE,,0,18/06/2026,FREDDO,,
SIC03485,3485,AZIENDA,81LEAD|EmailMirco,,,Edilcentralino Srl,,,,IT,,,,,,,,,info@edilcentralino.it,,390357912820,390357912820,,,,,,Italia,,,,,,,,,,,,,,,,,,,,GUEST,FREE,,0,18/06/2026,FREDDO,,
SIC03486,3486,AZIENDA,81LEAD|EmailMirco,,,Edilcentro Srl,,,,IT,,,,,,,,,info@edilcentroitalia.it,,3908627173820,3908627173820,,,,,,Italia,,,,,,,,,,,,,,,,,,,,GUEST,FREE,,0,18/06/2026,FREDDO,,
SIC03487,3487,AZIENDA,81LEAD|ContattiMirco,,,Edilcostruzioni Nardo giocondo,,,,IT,,,,,,,,,info@mg-edilcostruzioni.it,,3904151505380,3904151505380,,,,,,Italia,,,,,,,,,,,,,,,,,,,,GUEST,FREE,,0,18/06/2026,FREDDO,,
SIC03488,3488,AZIENDA,81LEAD|ContattiMirco|EmailMirco|Labotecnic1|Labotecnic2,,,Edilcostruzioniduemila,,,,IT,,,,,,,,,edilcostruzioniduemila@gmail.com,,,,,,,,,Italia,,,,,,,,,,,,,,,,,,,,GUEST,FREE,,0,18/06/2026,FREDDO,,
SIC03489,3489,AZIENDA,81LEAD|EmailMirco,,,Edildomus srl,,,,IT,,,,,,,,,info@edildomusdapra.it,,3904639010040,3904639010040,,,,,,Italia,,,,,,,,,,,,,,,,,,,,GUEST,FREE,,0,18/06/2026,FREDDO,,
SIC03490,3490,AZIENDA,81LEAD|ContattiMirco|EmailMirco,,,Edildream Srl,,,,IT,,,,,,,,,info@edildream.net,,3905146811050,3905146811050,,,,,,Italia,,,,,,,,,,,,,,,,,,,,GUEST,FREE,,0,18/06/2026,FREDDO,,
SIC03491,3491,AZIENDA,81LEAD|EmailMirco,,,Edile A.G.R. snc,,,,IT,,,,,,,,,info@edileagr.it,,3904639747570,3904639747570,,,,,,Italia,,,,,,,,,,,,,,,,,,,,GUEST,FREE,,0,18/06/2026,FREDDO,,
SIC03492,3492,AZIENDA,81LEAD|ContattiMirco|EmailMirco,,,Edile Chimenti - impresa edile san pietro in casale,,,,IT,,,,,,,,,info@chimenti1978.com,,,,,,,,,Italia,,,,,,,,,,,,,,,,,,,,GUEST,FREE,,0,18/06/2026,FREDDO,,
SIC03493,3493,AZIENDA,81LEAD|EmailMirco,,,Edile Express Mazzotta | Materiali per l'Edilizia - Arredo Casa,,,,IT,,,,,,,,,expressmazzotta@libero.it,,3933431292930,3933431292930,,,,,,Italia,,,,,,,,,,,,,,,,,,,,GUEST,FREE,,0,18/06/2026,FREDDO,,
SIC03494,3494,AZIENDA,81LEAD|ContattiMirco|EmailMirco|Labotecnic1|Labotecnic2,,,Edile Mazzettopaolo,,,,IT,,,,,,,,,edile.mazzettopaolo@libero.it,,,,,,,,,Italia,,,,,,,,,,,,,,,,,,,,GUEST,FREE,,0,18/06/2026,FREDDO,,
SIC03495,3495,AZIENDA,81LEAD|ContattiMirco|EmailMirco,,,Edile Pasquali srl,,,,IT,,,,,,,,,info@edilepasquali.it,,3905160567840,3905160567840,,,,,,Italia,,,,,,,,,,,,,,,,,,,,GUEST,FREE,,0,18/06/2026,FREDDO,,
SIC03496,3496,AZIENDA,81LEAD|EmailMirco,,,Edileco Società Cooperativa,,,,IT,,,,,,,,,bclaudia@edileco.org,,3901657676210,3901657676210,,,,,,Italia,,,,,,,,,,,,,,,,,,,,GUEST,FREE,,0,18/06/2026,FREDDO,,
SIC03497,3497,AZIENDA,81LEAD|EmailMirco,,,Edilerica Appalti e Costruzioni,,,,IT,,,,,,,,,jobs@edilerica.it,,390637298490,390637298490,,,,,,Italia,,,,,,,,,,,,,,,,,,,,GUEST,FREE,,0,18/06/2026,FREDDO,,
SIC03498,3498,AZIENDA,81LEAD|ContattiMirco,,,Edilevolution | edilizia acrobatica misiliscemi,,,,IT,,,,,,,,,edilevolutionsufune@gmail.com,,3932863390350,3932863390350,,,,,,Italia,,,,,,,,,,,,,,,,,,,,GUEST,FREE,,0,18/06/2026,FREDDO,,
SIC03499,3499,AZIENDA,81LEAD|EmailMirco,,,Edilfer Di Zanardi S.r.l.,,,,IT,,,,,,,,,info@edilferdizanardi.it,,,,,,,,,Italia,,,,,,,,,,,,,,,,,,,,GUEST,FREE,,0,18/06/2026,FREDDO,,
SIC03500,3500,AZIENDA,81LEAD|EmailMirco,,,"Edilflora di Grosso Lavalle Mario E Cairo Ornella“VIVAIO, EVENT PLANNER IMPIANTI VILLE PARCHI”",,,,IT,,,,,,,,,edilflorabelvedere@libero.it,,3909858498540,3909858498540,,,,,,Italia,,,,,,,,,,,,,,,,,,,,GUEST,FREE,,0,18/06/2026,FREDDO,,
SIC03501,3501,AZIENDA,81LEAD|EmailMirco,,,Edilforniture Locatelli Sas,,,,IT,,,,,,,,,info@edilforniture1974.com,,390357914880,390357914880,,,,,,Italia,,,,,,,,,,,,,,,,,,,,GUEST,FREE,,0,18/06/2026,FREDDO,,
SIC03502,3502,AZIENDA,81LEAD|EmailMirco,,,Edilfuni S.r.l. - Edilizia su fune Roma,,,,IT,,,,,,,,,wilmer2@qodeinteractive.com,,398003008780,398003008780,,,,,,Italia,,,,,,,,,,,,,,,,,,,,GUEST,FREE,,0,18/06/2026,FREDDO,,
SIC03503,3503,AZIENDA,81LEAD|EmailMirco,,,Edilgianluca snc,,,,IT,,,,,,,,,info@edilgianluca.it,,3934741234380,3934741234380,,,,,,Italia,,,,,,,,,,,,,,,,,,,,GUEST,FREE,,0,18/06/2026,FREDDO,,
SIC03504,3504,AZIENDA,81LEAD|ContattiMirco|EmailMirco,,,Edilin S.r.l.,,,,IT,,,,,,,,,edilin@edilin.it,,3906505138180,3906505138180,,,,,,Italia,,,,,,,,,,,,,,,,,,,,GUEST,FREE,,0,18/06/2026,FREDDO,,
SIC03505,3505,AZIENDA,81LEAD|ContattiMirco|EmailMirco|Labotecnic1|Labotecnic2,,,Edilizia,,,,IT,,,,,,,,,edilizia@venezze.it,,,,,,,,,Italia,,,,,,,,,,,,,,,,,,,,GUEST,FREE,,0,18/06/2026,FREDDO,,
SIC03506,3506,AZIENDA,81LEAD|ContattiMirco|EmailMirco,,,Edilizia 95 roma,,,,IT,,,,,,,,,ristrutturazioniedilizia95@gmail.com,,3939201215440,3939201215440,,,,,,Italia,,,,,,,,,,,,,,,,,,,,GUEST,FREE,,0,18/06/2026,FREDDO,,
SIC03507,3507,AZIENDA,81LEAD|EmailMirco,,,Edilizia Abruzzo,,,,IT,,,,,,,,,edilizia.abruzzo20@gmail.com,,3937910478170,3937910478170,,,,,,Italia,,,,,,,,,,,,,,,,,,,,GUEST,FREE,,0,18/06/2026,FREDDO,,
SIC03508,3508,AZIENDA,81LEAD|EmailMirco,,,Edilizia Alternativa,,,,IT,,,,,,,,,info@edilizialternativa.it,,398000351810,398000351810,,,,,,Italia,,,,,,,,,,,,,,,,,,,,GUEST,FREE,,0,18/06/2026,FREDDO,,
SIC03509,3509,AZIENDA,81LEAD|ContattiMirco|EmailMirco,,,Edilizia Anacleto snc,,,,IT,,,,,,,,,info@edilizianacleto.it,,3903765950680,3903765950680,,,,,,Italia,,,,,,,,,,,,,,,,,,,,GUEST,FREE,,0,18/06/2026,FREDDO,,
SIC03510,3510,AZIENDA,81LEAD|EmailMirco,,,Edilizia Bertuccio,,,,IT,,,,,,,,,mostra.bertuccio@libero.it,,3909633319280,3909633319280,,,,,,Italia,,,,,,,,,,,,,,,,,,,,GUEST,FREE,,0,18/06/2026,FREDDO,,
SIC03511,3511,AZIENDA,81LEAD|EmailMirco,,,Edilizia Biancani Benito Srl,,,,IT,,,,,,,,,info@biancanigroup.com,,3905866800160,3905866800160,,,,,,Italia,,,,,,,,,,,,,,,,,,,,GUEST,FREE,,0,18/06/2026,FREDDO,,
SIC03512,3512,AZIENDA,81LEAD|EmailMirco,,,Edilizia C.D. Srl,,,,IT,,,,,,,,,info@edilizia-cd.it,,3906661820610,3906661820610,,,,,,Italia,,,,,,,,,,,,,,,,,,,,GUEST,FREE,,0,18/06/2026,FREDDO,,
SIC03513,3513,AZIENDA,81LEAD|EmailMirco,,,Edilizia Colombini S.R.L.,,,,IT,,,,,,,,,lucia@ediliziacolombini.it,,3903426877570,3903426877570,,,,,,Italia,,,,,,,,,,,,,,,,,,,,GUEST,FREE,,0,18/06/2026,FREDDO,,
SIC03514,3514,AZIENDA,81LEAD|EmailMirco,,,Edilizia Commerciale Srl,,,,IT,,,,,,,,,ediliziacommerciale@bigmat.it,,390564351890,390564351890,,,,,,Italia,,,,,,,,,,,,,,,,,,,,GUEST,FREE,,0,18/06/2026,FREDDO,,
SIC03515,3515,AZIENDA,81LEAD|EmailMirco,,,Edilizia D.F. S.r.l.s.,,,,IT,,,,,,,,,ediliziadf@outlook.it,,3939062607830,3939062607830,,,,,,Italia,,,,,,,,,,,,,,,,,,,,GUEST,FREE,,0,18/06/2026,FREDDO,,
SIC03516,3516,AZIENDA,81LEAD|EmailMirco,,,Edilizia Daniela Sas,,,,IT,,,,,,,,,info@ediliziadaniela.com,,3907617993880,3907617993880,,,,,,Italia,,,,,,,,,,,,,,,,,,,,GUEST,FREE,,0,18/06/2026,FREDDO,,
SIC03517,3517,AZIENDA,81LEAD|EmailMirco,,,Edilizia Design Roma - La tua casa con stile,,,,IT,,,,,,,,,informazioni@ediliziadesign.it,,390655919380,390655919380,,,,,,Italia,,,,,,,,,,,,,,,,,,,,GUEST,FREE,,0,18/06/2026,FREDDO,,
SIC03518,3518,AZIENDA,81LEAD|EmailMirco,,,Edilizia E Trasporti F.lli Riccio Srl,,,,IT,,,,,,,,,preventivi@ediliziaetrasporti.it,,3908173861760,3908173861760,,,,,,Italia,,,,,,,,,,,,,,,,,,,,GUEST,FREE,,0,18/06/2026,FREDDO,,
SIC03519,3519,AZIENDA,81LEAD|ContattiMirco|EmailMirco,,,Edilizia E falegnameria ferrari sandro srl,,,,IT,,,,,,,,,imp.ferrari@libero.it,,3933583947070,3933583947070,,,,,,Italia,,,,,,,,,,,,,,,,,,,,GUEST,FREE,,0,18/06/2026,FREDDO,,
SIC03520,3520,AZIENDA,81LEAD|ContattiMirco,,,Edilizia E soluzioni di cammarata mirko,,,,IT,,,,,,,,,ediliziasoluzioni@gmail.com,,3932763120680,3932763120680,,,,,,Italia,,,,,,,,,,,,,,,,,,,,GUEST,FREE,,0,18/06/2026,FREDDO,,
SIC03521,3521,AZIENDA,81LEAD|ContattiMirco|EmailMirco,,,Edilizia Lori impresa edile,,,,IT,,,,,,,,,edilizialori@gmail.com,,3939205805360,3939205805360,,,,,,Italia,,,,,,,,,,,,,,,,,,,,GUEST,FREE,,0,18/06/2026,FREDDO,,
SIC03522,3522,AZIENDA,81LEAD|EmailMirco,,,Edilizia MB,,,,IT,,,,,,,,,ediliziambsrl@gmail.com,,390662818580,390662818580,,,,,,Italia,,,,,,,,,,,,,,,,,,,,GUEST,FREE,,0,18/06/2026,FREDDO,,
SIC03523,3523,AZIENDA,81LEAD|EmailMirco,,,Edilizia Orobica Roncalli,,,,IT,,,,,,,,,vittoria@edilizia-orobica.com,,3903563210110,3903563210110,,,,,,Italia,,,,,,,,,,,,,,,,,,,,GUEST,FREE,,0,18/06/2026,FREDDO,,
SIC03524,3524,AZIENDA,81LEAD|EmailMirco,,,Edilizia Raschellà Vincenzo Vendita Materiali Edili,,,,IT,,,,,,,,,raschellaedilizia@gmail.com,,390662409970,390662409970,,,,,,Italia,,,,,,,,,,,,,,,,,,,,GUEST,FREE,,0,18/06/2026,FREDDO,,
SIC03525,3525,AZIENDA,81LEAD|EmailMirco,,,Edilizia Ristrutturazioni Impresa Edile,,,,IT,,,,,,,,,studwld@aol.com,,3932960173220,3932960173220,,,,,,Italia,,,,,,,,,,,,,,,,,,,,GUEST,FREE,,0,18/06/2026,FREDDO,,
SIC03526,3526,AZIENDA,81LEAD|EmailMirco,,,Edilizia Roma Nord S.R.L.,,,,IT,,,,,,,,,info@ediliziaromanord.it,,3906894136120,3906894136120,,,,,,Italia,,,,,,,,,,,,,,,,,,,,GUEST,FREE,,0,18/06/2026,FREDDO,,
SIC03527,3527,AZIENDA,81LEAD|EmailMirco,,,Edilizia Sabotino,,,,IT,,,,,,,,,commerciale@ediliziasabotino.it,,3907736483200,3907736483200,,,,,,Italia,,,,,,,,,,,,,,,,,,,,GUEST,FREE,,0,18/06/2026,FREDDO,,
SIC03528,3528,AZIENDA,EmailMirco,,,Edilizia Speciale S.R.L.,,,,IT,,,,,,,,,infoweb@laterizispeciali.it,,,,,,,,,Italia,,,,,,,,,,,,,,,,,,,,GUEST,FREE,,0,18/06/2026,FREDDO,,
SIC03529,3529,AZIENDA,81LEAD|EmailMirco,,,Edilizia Vezzanese srls,,,,IT,,,,,,,,,ediliziavezzanese.rg@libero.it,,3935162936570,3935162936570,,,,,,Italia,,,,,,,,,,,,,,,,,,,,GUEST,FREE,,0,18/06/2026,FREDDO,,
SIC03530,3530,AZIENDA,81LEAD|ContattiMirco|EmailMirco|Labotecnic1|Labotecnic2,,,Ediliziabaldo Baldo,,,,IT,,,,,,,,,ediliziabaldo@gmail.com,,,,,,,,,Italia,,,,,,,,,,,,,,,,,,,,GUEST,FREE,,0,18/06/2026,FREDDO,,
SIC03531,3531,AZIENDA,81LEAD|ContattiMirco|EmailMirco,,,Edilmar (s.r.l.),,,,IT,,,,,,,,,edilmar@edilmar.it,,390414607040,390414607040,,,,,,Italia,,,,,,,,,,,,,,,,,,,,GUEST,FREE,,0,18/06/2026,FREDDO,,
SIC03532,3532,AZIENDA,81LEAD|EmailMirco,,,Edilmartignacco S.r.l.,,,,IT,,,,,,,,,info@edilmartignacco.it,,3904324005090,3904324005090,,,,,,Italia,,,,,,,,,,,,,,,,,,,,GUEST,FREE,,0,18/06/2026,FREDDO,,
SIC03533,3533,AZIENDA,81LEAD|ContattiMirco|EmailMirco,,,Edilmaso Costruzioni s.r.l.,,,,IT,,,,,,,,,info@edilmaso.it,,390414107240,390414107240,,,,,,Italia,,,,,,,,,,,,,,,,,,,,GUEST,FREE,,0,18/06/2026,FREDDO,,
SIC03534,3534,AZIENDA,81LEAD|EmailMirco,,,Edilmiri Group srl,,,,IT,,,,,,,,,segreteria@edilmirigroupsrl.it,,3904182263360,3904182263360,,,,,,Italia,,,,,,,,,,,,,,,,,,,,GUEST,FREE,,0,18/06/2026,FREDDO,,
SIC03535,3535,AZIENDA,81LEAD|ContattiMirco|EmailMirco,,,Edilmodac 1 srls,,,,IT,,,,,,,,,info@edilmodac.it,,3904186601180,3904186601180,,,,,,Italia,,,,,,,,,,,,,,,,,,,,GUEST,FREE,,0,18/06/2026,FREDDO,,
SIC03536,3536,AZIENDA,81LEAD|EmailMirco,,,Edilnova Dell'Irno S.R.L.,,,,IT,,,,,,,,,edilnovadellirno@edilnovadellirno.com,,3908158445220,3908158445220,,,,,,Italia,,,,,,,,,,,,,,,,,,,,GUEST,FREE,,0,18/06/2026,FREDDO,,
SIC03537,3537,AZIENDA,81LEAD|EmailMirco,,,Edilpiu' Srl,,,,IT,,,,,,,,,noleggio@capsrl.com,,3905838330590,3905838330590,,,,,,Italia,,,,,,,,,,,,,,,,,,,,GUEST,FREE,,0,18/06/2026,FREDDO,,
SIC03538,3538,AZIENDA,81LEAD,,,Edilravanelli Srl,,,,IT,,,,,,,,,ravanelli@legalmail.it,,39046116369320,39046116369320,,,,,,Italia,,,,,,,,,,,,,,,,,,,,GUEST,FREE,,0,18/06/2026,FREDDO,,
SIC03539,3539,AZIENDA,81LEAD|EmailMirco,,,Edilriviera S.r.l.,,,,IT,,,,,,,,,info@edilrivieraservice.it,,3904123766320,3904123766320,,,,,,Italia,,,,,,,,,,,,,,,,,,,,GUEST,FREE,,0,18/06/2026,FREDDO,,
SIC03540,3540,AZIENDA,81LEAD|EmailMirco,,,Edilsand srl,,,,IT,,,,,,,,,mailtoinfo@edilsand.it,,3934679889370,3934679889370,,,,,,Italia,,,,,,,,,,,,,,,,,,,,GUEST,FREE,,0,18/06/2026,FREDDO,,
SIC03541,3541,AZIENDA,81LEAD|EmailMirco,,,Edilstrada - Risanamenti e Impermeabilizzazioni,,,,IT,,,,,,,,,info@risanamentiedilstrada.it,,393365236430,393365236430,,,,,,Italia,,,,,,,,,,,,,,,,,,,,GUEST,FREE,,0,18/06/2026,FREDDO,,
SIC03542,3542,AZIENDA,81LEAD|ContattiMirco|EmailMirco,,,Edilterracciano S.r.l.s.,,,,IT,,,,,,,,,edilterracciano@gmail.com,,3933563614840,3933563614840,,,,,,Italia,,,,,,,,,,,,,,,,,,,,GUEST,FREE,,0,18/06/2026,FREDDO,,
SIC03543,3543,AZIENDA,81LEAD|ContattiMirco|EmailMirco,,,Ediltimmy Srl,,,,IT,,,,,,,,,mail@ediltimmy.it,,3937568208610,3937568208610,,,,,,Italia,,,,,,,,,,,,,,,,,,,,GUEST,FREE,,0,18/06/2026,FREDDO,,
SIC03544,3544,AZIENDA,81LEAD|EmailMirco,,,Ediltutto SRL,,,,IT,,,,,,,,,info@ediltuttosrl.it,,3901727432530,3901727432530,,,,,,Italia,,,,,,,,,,,,,,,,,,,,GUEST,FREE,,0,18/06/2026,FREDDO,,
SIC03545,3545,AZIENDA,81LEAD|ContattiMirco|EmailMirco,,,Ediltutto Srl,,,,IT,,,,,,,,,commerciale.ediltutto@gmail.com,,390924283530,390924283530,,,,,,Italia,,,,,,,,,,,,,,,,,,,,GUEST,FREE,,0,18/06/2026,FREDDO,,
SIC03546,3546,AZIENDA,81LEAD|ContattiMirco|EmailMirco,,,Edra costruzioni soc. coop.,,,,IT,,,,,,,,,info@edracostruzioni.it,,3907166081950,3907166081950,,,,,,Italia,,,,,,,,,,,,,,,,,,,,GUEST,FREE,,0,18/06/2026,FREDDO,,
SIC03547,3547,AZIENDA,81LEAD|EmailMirco,,,EffediliziaDue - Ristrutturazione Roma,,,,IT,,,,,,,,,effe.ediliziadue@gmail.com,,3937110877000,3937110877000,,,,,,Italia,,,,,,,,,,,,,,,,,,,,GUEST,FREE,,0,18/06/2026,FREDDO,,
SIC03548,3548,AZIENDA,81LEAD|ContattiMirco|EmailMirco|Labotecnic1|Labotecnic2,,,Egeacoop76 Cara,,,,IT,,,,,,,,,egeacoop76@gmail.com,,,,,,,,,Italia,,,,,,,,,,,,,,,,,,,,GUEST,FREE,,0,18/06/2026,FREDDO,,
SIC03549,3549,AZIENDA,81LEAD|ContattiMirco|EmailMirco|Labotecnic1|Labotecnic2,,,Eidostudio Architetti,,,,IT,,,,,,,,,eidostudio.architetti@gmail.com,,,,,,,,,Italia,,,,,,,,,,,,,,,,,,,,GUEST,FREE,,0,18/06/2026,FREDDO,,
SIC03550,3550,AZIENDA,81LEAD|ContattiMirco|EmailMirco|Labotecnic1|Labotecnic2,,,Elisa Studiosd,,,,IT,,,,,,,,,elisa.studiosd@gmail.com,,,,,,,,,Italia,,,,,,,,,,,,,,,,,,,,GUEST,FREE,,0,18/06/2026,FREDDO,,
SIC03551,3551,AZIENDA,81LEAD|ContattiMirco|EmailMirco|Labotecnic1|Labotecnic2,,,Elletibisrl,,,,IT,,,,,,,,,elletibisrl@libero.it,,,,,,,,,Italia,,,,,,,,,,,,,,,,,,,,GUEST,FREE,,0,18/06/2026,FREDDO,,
SIC03552,3552,AZIENDA,81LEAD|EmailMirco,,,Elleuno S.r.l. Costruzioni Metalliche,,,,IT,,,,,,,,,elleuno@live.it,,3906308196070,3906308196070,,,,,,Italia,,,,,,,,,,,,,,,,,,,,GUEST,FREE,,0,18/06/2026,FREDDO,,
SIC03553,3553,AZIENDA,81LEAD|EmailMirco,,,Emmepi di Pediconi Massimiliano,,,,IT,,,,,,,,,info@m-pi.it,,3906972752380,3906972752380,,,,,,Italia,,,,,,,,,,,,,,,,,,,,GUEST,FREE,,0,18/06/2026,FREDDO,,
SIC03554,3554,AZIENDA,81LEAD|ContattiMirco|EmailMirco,,,Enea Costruzioni,,,,IT,,,,,,,,,eneacostruzionigenerali@gmail.com,,,,,,,,,Italia,,,,,,,,,,,,,,,,,,,,GUEST,FREE,,0,18/06/2026,FREDDO,,
SIC03555,3555,AZIENDA,81LEAD|ContattiMirco|EmailMirco,,,Energy Service la rosa nicolò maurizio,,,,IT,,,,,,,,,info@larosaenergy.com,,3934953062920,3934953062920,,,,,,Italia,,,,,,,,,,,,,,,,,,,,GUEST,FREE,,0,18/06/2026,FREDDO,,
SIC03556,3556,AZIENDA,81LEAD|EmailMirco,,,Eni Plenitude Flagship Store,,,,IT,,,,,,,,,sandonatomilanese.energystore@acdenergy.it,,3906950604770,3906950604770,,,,,,Italia,,,,,,,,,,,,,,,,,,,,GUEST,FREE,,0,18/06/2026,FREDDO,,
SIC03557,3557,AZIENDA,81LEAD|ContattiMirco|EmailMirco|Labotecnic1|Labotecnic2,,,Enrisas,,,,IT,,,,,,,,,enrisas@libero.it,,,,,,,,,Italia,,,,,,,,,,,,,,,,,,,,GUEST,FREE,,0,18/06/2026,FREDDO,,
SIC03558,3558,AZIENDA,81LEAD|ContattiMirco|EmailMirco|Labotecnic1|Labotecnic2,,,Erregisnc,,,,IT,,,,,,,,,erregisnc@alice.it,,,,,,,,,Italia,,,,,,,,,,,,,,,,,,,,GUEST,FREE,,0,18/06/2026,FREDDO,,
SIC03559,3559,AZIENDA,81LEAD|ContattiMirco|EmailMirco|Labotecnic1|Labotecnic2,,,Erregisrlmail,,,,IT,,,,,,,,,erregisrlmail@gmail.com,,,,,,,,,Italia,,,,,,,,,,,,,,,,,,,,GUEST,FREE,,0,18/06/2026,FREDDO,,
SIC03560,3560,AZIENDA,81LEAD|ContattiMirco|EmailMirco|Labotecnic1|Labotecnic2,,,Ersiliabonucci Box srls,,,,IT,,,,,,,,,ersiliabonucci@gmail.com,,39338323367200,39338323367200,,,,,,Italia,,,,,,,,,,,,,,,,,,,,GUEST,FREE,,0,18/06/2026,FREDDO,,
SIC03561,3561,AZIENDA,81LEAD|ContattiMirco|EmailMirco|Labotecnic1|Labotecnic2,,,Essecisrl,,,,IT,,,,,,,,,essecisrl@wmail.it,,,,,,,,,Italia,,,,,,,,,,,,,,,,,,,,GUEST,FREE,,0,18/06/2026,FREDDO,,
SIC03562,3562,AZIENDA,ClientiFatt1|ClientiFatt2|81LEAD|ContattiMirco|EmailMirco|Labotecnic1|Labotecnic2,,,"Essenziale Caffè 
di Duò Monica",,,,IT,DUOMNC82M65C967U,14729002970,W7YVJK9,,,,,,monikinaduo82@gmail.com,,,,,,,,,Italia,,,,,Via M. Pozzato 20/G,45011,Adria,RO,,,,,,,,,,,,GUEST,FREE,,0,18/06/2026,FREDDO,,
SIC03563,3563,AZIENDA,81LEAD|ContattiMirco|EmailMirco|Labotecnic1|Labotecnic2,,,Essetiservice,,,,IT,,,,,,,,,essetiservice@alice.it,,,,,,,,,Italia,,,,,,,,,,,,,,,,,,,,GUEST,FREE,,0,18/06/2026,FREDDO,,
SIC03564,3564,AZIENDA,81LEAD|ContattiMirco|EmailMirco|Labotecnic1|Labotecnic2,,,Este Edilizia,,,,IT,,,,,,,,,este.edilizia@outlook.it,,,,,,,,,Italia,,,,,,,,,,,,,,,,,,,,GUEST,FREE,,0,18/06/2026,FREDDO,,
SIC03565,3565,AZIENDA,81LEAD|EmailMirco,,,Etenim srl,,,,IT,,,,,,,,,info@etenim.it,,3906454734600,3906454734600,,,,,,Italia,,,,,,,,,,,,,,,,,,,,GUEST,FREE,,0,18/06/2026,FREDDO,,
SIC03566,3566,AZIENDA,81LEAD|EmailMirco,,,Euro Edilizia 2000,,,,IT,,,,,,,,,euroedilizia2000srl@gmail.com,,390655768240,390655768240,,,,,,Italia,,,,,,,,,,,,,,,,,,,,GUEST,FREE,,0,18/06/2026,FREDDO,,
SIC03567,3567,AZIENDA,81LEAD|EmailMirco,,,Euroedil Srl,,,,IT,,,,,,,,,info@euroedilsoluzioni.it,,3904296702150,3904296702150,,,,,,Italia,,,,,,,,,,,,,,,,,,,,GUEST,FREE,,0,18/06/2026,FREDDO,,
SIC03568,3568,AZIENDA,81LEAD|ContattiMirco|EmailMirco,,,Evolsystem S.r.l,,,,IT,,,,,,,,,info@elettrosystemonline.com,,3938991711640,3938991711640,,,,,,Italia,,,,,,,,,,,,,,,,,,,,GUEST,FREE,,0,18/06/2026,FREDDO,,
SIC03569,3569,AZIENDA,ClientiFatt1|ClientiFatt2|81LEAD|ContattiMirco|EmailMirco,,,F.B. SAS di Beltrame Marco & C.,,,,IT,,32587402770,W7YVJK9,,,,,,beltramem66@gmail.com,,,,,,,,,Italia,,,,,Via P.E. Venturini 108,30015,Chioggia,VE,,,,,,,,,,,,GUEST,FREE,,0,18/06/2026,FREDDO,,
SIC03570,3570,AZIENDA,81LEAD|EmailMirco,,,F.C. Fasolino Costruzioni Srl,,,,IT,,,,,,,,,info@fasolinocostruzioni.it,,390630505820,390630505820,,,,,,Italia,,,,,,,,,,,,,,,,,,,,GUEST,FREE,,0,18/06/2026,FREDDO,,
SIC03571,3571,AZIENDA,ClientiFatt1|ClientiFatt2,,,F.LLI CHIEREGATO SNC di Chieregato Daniele e Gabriele,,,,IT,02258350277,22583502770,SUBM70N,,,,,,fratellichieregato@pec.it,,,,,,,,,Italia,,,,,Via Ca' Naccari 33,30015,Chioggia,VE,,,,,,,,,,,,GUEST,FREE,,0,18/06/2026,FREDDO,,
SIC03572,3572,AZIENDA,81LEAD|EmailMirco,,,F.T. COSTRUZIONI INOX di Taborre Gianpaolo,,,,IT,,,,,,,,,taborreg@libero.it,,3932833256400,3932833256400,,,,,,Italia,,,,,,,,,,,,,,,,,,,,GUEST,FREE,,0,18/06/2026,FREDDO,,
SIC03573,3573,AZIENDA,81LEAD|ContattiMirco|EmailMirco,,,F.c. Costruzioni s.r.l.,,,,IT,,,,,,,,,info@figeocostruzioni.it,,3909235338600,3909235338600,,,,,,Italia,,,,,,,,,,,,,,,,,,,,GUEST,FREE,,0,18/06/2026,FREDDO,,
SIC03574,3574,AZIENDA,81LEAD|ContattiMirco|EmailMirco,,,F.lli Baschiera s.r.l. costruzioni edili,,,,IT,,,,,,,,,tecnico.baschiera@gmail.com,,3904151614230,3904151614230,,,,,,Italia,,,,,,,,,,,,,,,,,,,,GUEST,FREE,,0,18/06/2026,FREDDO,,
SIC03575,3575,AZIENDA,81LEAD|EmailMirco,,,F.lli Martino snc,,,,IT,,,,,,,,,f.llimartinosnc@gmail.com,,3933370003610,3933370003610,,,,,,Italia,,,,,,,,,,,,,,,,,,,,GUEST,FREE,,0,18/06/2026,FREDDO,,
SIC03576,3576,AZIENDA,81LEAD|ContattiMirco|EmailMirco,,,F.p. Impresa edile,,,,IT,,,,,,,,,fpimpresaedile@gmail.com,,3905161313510,3905161313510,,,,,,Italia,,,,,,,,,,,,,,,,,,,,GUEST,FREE,,0,18/06/2026,FREDDO,,
SIC03577,3577,AZIENDA,ClientiFatt1|ClientiFatt2|81LEAD|ContattiMirco|EmailMirco,,,FA.RO. SRL,,,,IT,,14005102830,fatturefaro@pec.it,,,,,,commerciale1.faro@gmail.com,,,,,,,,,Italia,,,,,Via Marconi 24,35010,Camposampiero,PD,,,,,,,,,,,,GUEST,FREE,,0,18/06/2026,FREDDO,,
SIC03578,3578,AZIENDA,ClientiFatt1|ClientiFatt2|81LEAD|ContattiMirco|EmailMirco|Labotecnic1|Labotecnic2,,,"FANTASYLANDIA 
di Boscolo Tiziana",,,,IT,BSCTZN86L59C638Q,43075602780,M5UXCR1,,,,,,fantasylandiachioggia@gmail.com,,3934942334650,3934942334650,,,,,,Italia,,,,,Via Frassinella 23,30015,Chioggia,VE,,,,,,,,,,,,GUEST,FREE,,0,18/06/2026,FREDDO,,
SIC03579,3579,AZIENDA,81LEAD|EmailMirco,,,FASE4 srl Materiali Edili,,,,IT,,,,,,,,,fase4srl@outlook.it,,3903327231770,3903327231770,,,,,,Italia,,,,,,,,,,,,,,,,,,,,GUEST,FREE,,0,18/06/2026,FREDDO,,
SIC03580,3580,AZIENDA,81LEAD|EmailMirco,,,FEA SRL,,,,IT,,,,,,,,,direzione@feasrl.eu,,3905972309870,3905972309870,,,,,,Italia,,,,,,,,,,,,,,,,,,,,GUEST,FREE,,0,18/06/2026,FREDDO,,
SIC03581,3581,AZIENDA,81LEAD|EmailMirco,,,FILLEA CGIL - il sindacato dei lavoratori delle costruzioni,,,,IT,,,,,,,,,segreteria@filleacgil.it,,3939064411410,3939064411410,,,,,,Italia,,,,,,,,,,,,,,,,,,,,GUEST,FREE,,0,18/06/2026,FREDDO,,
SIC03582,3582,AZIENDA,ClientiFatt1|ClientiFatt2|81LEAD|ContattiMirco|EmailMirco|Labotecnic1|Labotecnic2,,,FONSO ANDREA IMPRESA INDIVIDUALE,,,,IT,FNSNDR86M28C967D,15574602900,bdocmatteo@legalmail.it,,,,,,fonsoandrea2015@gmail.com,,3938030177000,3938030177000,,,,,,Italia,,,,,Via F. Corridoni 57,45014,Porto Viro,RO,,,,,,,,,,,,GUEST,FREE,,0,18/06/2026,FREDDO,,
SIC03583,3583,AZIENDA,ClientiFatt1|ClientiFatt2|81LEAD|ContattiMirco|EmailMirco,,,FORMA.SERVICE SRL,,,,IT,12198200151,121982001510,W7YVJK9,,,,,,coordformatemp@formaservice.it,,,,,,,,,Italia,,,,,Via Alserio 22,20159,Milano,MI,,,,,,,,,,,,GUEST,FREE,,0,18/06/2026,FREDDO,,
SIC03584,3584,AZIENDA,ClientiFatt1|ClientiFatt2|81LEAD|ContattiMirco|EmailMirco,,,FORMASICUREZZA SRL,,,,IT,12377451005,123774510050,5RUO82D,,,,,,fatture@elearningsicurezza.com,,347510043900,347510043900,,,,,,Italia,,,,,Via S. Stefano 6/B,00061,Anguillara Sabazia,RM,,,,,,,,,,,,GUEST,FREE,,0,18/06/2026,FREDDO,,
SIC03585,3585,AZIENDA,ClientiFatt1|ClientiFatt2,,,FREE COLOR SNC di Ballarin Angelo & Varisco Gimi,,,,IT,04472750274,44727502740,W7YVJK9,,,,,,freecolorsnc@pec.it,,,,,,,,,Italia,,,,,Via N. Zeno 190,30015,Chioggia,VE,,,,,,,,,,,,GUEST,FREE,,0,18/06/2026,FREDDO,,
SIC03586,3586,AZIENDA,81LEAD|ContattiMirco|EmailMirco,,,Fabio Mantovan Costruzioni,,,,IT,,,,,,,,,effepicostruzioni@email.it,,3933566277470,3933566277470,,,,,,Italia,,,,,,,,,,,,,,,,,,,,GUEST,FREE,,0,18/06/2026,FREDDO,,
SIC03587,3587,AZIENDA,81LEAD|ContattiMirco|EmailMirco|Labotecnic1|Labotecnic2,,,Fabio Pasqualato Impianti,,,,IT,,,,,,,,,fabiopasqualato@gmail.com,,3932474787880,3932474787880,,,,,,Italia,,,,,,,,,,,,,,,,,,,,GUEST,FREE,,0,18/06/2026,FREDDO,,
SIC03588,3588,AZIENDA,81LEAD|ContattiMirco|EmailMirco,,,Fabrilemassimo Snc,,,,IT,,,,,,,,,fabrilemassimo.snc@gmail.com,,39371346413100,39371346413100,,,,,,Italia,,,,,,,,,,,,,,,,,,,,GUEST,FREE,,0,18/06/2026,FREDDO,,
SIC03589,3589,AZIENDA,ClientiFatt1|ClientiFatt2,,,Fabris Claudia,,,,IT,FBRCLD86A51C638X,44413402720,M5UXCR1,,,,,,fabris.claudia@pec.it,,,,,,,,,Italia,,,,,Viale Tirreno 86/F4,30015,Chioggia,VE,,,,,,,,,,,,GUEST,FREE,,0,18/06/2026,FREDDO,,
SIC03590,3590,AZIENDA,81LEAD|ContattiMirco|Labotecnic1|Labotecnic2,,,Fabrizio Costruzioni,,,,IT,,,,,,,,,fabrizio@autoaccessoriopolesano.it,,3933570359510,3933570359510,,,,,,Italia,,,,,,,,,,,,,,,,,,,,GUEST,FREE,,0,18/06/2026,FREDDO,,
SIC03591,3591,AZIENDA,81LEAD|ContattiMirco|EmailMirco,,,Facente Giuseppe impresa edile,,,,IT,,,,,,,,,hello@mygroovydomain.com,,3934855249290,3934855249290,,,,,,Italia,,,,,,,,,,,,,,,,,,,,GUEST,FREE,,0,18/06/2026,FREDDO,,
SIC03592,3592,AZIENDA,81LEAD|ContattiMirco|EmailMirco,,,Famar s.r.l. - falconara m.ma,,,,IT,,,,,,,,,info@famaredilizia.it,,3907191600960,3907191600960,,,,,,Italia,,,,,,,,,,,,,,,,,,,,GUEST,FREE,,0,18/06/2026,FREDDO,,
SIC03593,3593,AZIENDA,81LEAD|ContattiMirco|EmailMirco|Labotecnic1|Labotecnic2,,,Farm Pincara,,,,IT,,,,,,,,,farm.pincara@libero.it,,,,,,,,,Italia,,,,,,,,,,,,,,,,,,,,GUEST,FREE,,0,18/06/2026,FREDDO,,
SIC03594,3594,AZIENDA,81LEAD|ContattiMirco|EmailMirco,,,Farosnc,,,,IT,,,,,,,,,farosnc@libero.it,,347805081900,347805081900,,,,,,Italia,,,,,,,,,,,,,,,,,,,,GUEST,FREE,,0,18/06/2026,FREDDO,,
SIC03595,3595,AZIENDA,81LEAD|ContattiMirco|EmailMirco,,,Fastcolor sas,,,,IT,,,,,,,,,info@fastcolor.it,,3934714848640,3934714848640,,,,,,Italia,,,,,,,,,,,,,,,,,,,,GUEST,FREE,,0,18/06/2026,FREDDO,,
SIC03596,3596,AZIENDA,81LEAD|ContattiMirco|EmailMirco|Labotecnic1|Labotecnic2,,,Federico Costruzioni,,,,IT,,,,,,,,,federico@saldoteck.com,,3934916902720,3934916902720,,,,,,Italia,,,,,,,,,,,,,,,,,,,,GUEST,FREE,,0,18/06/2026,FREDDO,,
SIC03597,3597,AZIENDA,81LEAD|EmailMirco,,,Ferramenta Fercom - Casarza Ligure,,,,IT,,,,,,,,,info@fercom.eu,,3901854690890,3901854690890,,,,,,Italia,,,,,,,,,,,,,,,,,,,,GUEST,FREE,,0,18/06/2026,FREDDO,,
SIC03598,3598,AZIENDA,81LEAD|EmailMirco,,,Ferramenta Scomazzon Libero sas,,,,IT,,,,,,,,,marketing@scomazzon.it,,390416988000,390416988000,,,,,,Italia,,,,,,,,,,,,,,,,,,,,GUEST,FREE,,0,18/06/2026,FREDDO,,
SIC03599,3599,AZIENDA,81LEAD|Labotecnic1|Labotecnic2,,,Ferrariscavi,,,,IT,,,,,,,,,ferrariscavi@libero.it,,,,,,,,,Italia,,,,,,,,,,,,,,,,,,,,GUEST,FREE,,0,18/06/2026,FREDDO,,
SIC03600,3600,AZIENDA,81LEAD|ContattiMirco|EmailMirco|Labotecnic1|Labotecnic2,,,Ferro-idroservice,,,,IT,,,,,,,,,ferro-idroservice@libero.it,,,,,,,,,Italia,,,,,,,,,,,,,,,,,,,,GUEST,FREE,,0,18/06/2026,FREDDO,,
SIC03601,3601,AZIENDA,81LEAD|EmailMirco,,,Ferroedilizia,,,,IT,,,,,,,,,commerciale@ferroedilizia.it,,3905644561330,3905644561330,,,,,,Italia,,,,,,,,,,,,,,,,,,,,GUEST,FREE,,0,18/06/2026,FREDDO,,
SIC03602,3602,AZIENDA,81LEAD|ContattiMirco|EmailMirco,,,Fior Impresa edile,,,,IT,,,,,,,,,info@fiorimpresa.it,,3904959525420,3904959525420,,,,,,Italia,,,,,,,,,,,,,,,,,,,,GUEST,FREE,,0,18/06/2026,FREDDO,,
SIC03603,3603,AZIENDA,81LEAD|ContattiMirco|EmailMirco,,,Fiorillo Srl impresa edile,,,,IT,,,,,,,,,info@fiorillosrl.it,,3907613090750,3907613090750,,,,,,Italia,,,,,,,,,,,,,,,,,,,,GUEST,FREE,,0,18/06/2026,FREDDO,,
SIC03604,3604,AZIENDA,81LEAD|EmailMirco,,,Forte di Bard,,,,IT,,,,,,,,,info@littlewild-gallery.com,,3901258338110,3901258338110,,,,,,Italia,,,,,,,,,,,,,,,,,,,,GUEST,FREE,,0,18/06/2026,FREDDO,,
SIC03605,3605,AZIENDA,81LEAD|EmailMirco,,,Fraccaroli Leonello E Figli (S.N.C.),,,,IT,,,,,,,,,info@impresafraccaroli.com,,3904583010920,3904583010920,,,,,,Italia,,,,,,,,,,,,,,,,,,,,GUEST,FREE,,0,18/06/2026,FREDDO,,
SIC03606,3606,AZIENDA,81LEAD|ContattiMirco|EmailMirco|Labotecnic1|Labotecnic2,,,Francescoutizisrl,,,,IT,,,,,,,,,francescoutizisrl@gmail.com,,,,,,,,,Italia,,,,,,,,,,,,,,,,,,,,GUEST,FREE,,0,18/06/2026,FREDDO,,
SIC03607,3607,AZIENDA,81LEAD|ContattiMirco|EmailMirco,,,Franco Costruzioni srl,,,,IT,,,,,,,,,info@gruppofranco.it,,390496293680,390496293680,,,,,,Italia,,,,,,,,,,,,,,,,,,,,GUEST,FREE,,0,18/06/2026,FREDDO,,
SIC03608,3608,AZIENDA,81LEAD|ContattiMirco|EmailMirco,,,Fratelli Capra impresa edile a lugo,,,,IT,,,,,,,,,giampaolo_capra@libero.it,,3933867500220,3933867500220,,,,,,Italia,,,,,,,,,,,,,,,,,,,,GUEST,FREE,,0,18/06/2026,FREDDO,,
SIC03609,3609,AZIENDA,81LEAD|EmailMirco,,,Fratelli Nardi Magazzino Edile,,,,IT,,,,,,,,,flli.nardi@libero.it,,390588230150,390588230150,,,,,,Italia,,,,,,,,,,,,,,,,,,,,GUEST,FREE,,0,18/06/2026,FREDDO,,
SIC03610,3610,AZIENDA,81LEAD|EmailMirco,,,Fratelli Sposetti SRL - SPOSETTI PAVIMENTAZIONI,,,,IT,,,,,,,,,info@sposettipavimentazioni.com,,390343423410,390343423410,,,,,,Italia,,,,,,,,,,,,,,,,,,,,GUEST,FREE,,0,18/06/2026,FREDDO,,
SIC03611,3611,AZIENDA,81LEAD|EmailMirco,,,Frigo Tetti Di Riccardo Frigo,,,,IT,,,,,,,,,info@frigotetti.com,,3904246920500,3904246920500,,,,,,Italia,,,,,,,,,,,,,,,,,,,,GUEST,FREE,,0,18/06/2026,FREDDO,,
SIC03612,3612,AZIENDA,81LEAD|ContattiMirco|EmailMirco|Labotecnic1|Labotecnic2,,,Frstudio Fr,,,,IT,,,,,,,,,frstudio.fr@gmail.com,,,,,,,,,Italia,,,,,,,,,,,,,,,,,,,,GUEST,FREE,,0,18/06/2026,FREDDO,,
SIC03613,3613,AZIENDA,81LEAD|ContattiMirco|EmailMirco|Labotecnic1|Labotecnic2,,,Furlanisnc,,,,IT,,,,,,,,,furlanisnc@libero.it,,,,,,,,,Italia,,,,,,,,,,,,,,,,,,,,GUEST,FREE,,0,18/06/2026,FREDDO,,
SIC03614,3614,AZIENDA,81LEAD|ContattiMirco|EmailMirco,,,Futura S.r.l.,,,,IT,,,,,,,,,info@futura.srl,,3932767541360,3932767541360,,,,,,Italia,,,,,,,,,,,,,,,,,,,,GUEST,FREE,,0,18/06/2026,FREDDO,,
SIC03615,3615,AZIENDA,81LEAD|EmailMirco,,,G. & V. - Impresa Edile Pistoia,,,,IT,,,,,,,,,info@annalu.it,,3934545898300,3934545898300,,,,,,Italia,,,,,,,,,,,,,,,,,,,,GUEST,FREE,,0,18/06/2026,FREDDO,,
SIC03616,3616,AZIENDA,81LEAD|EmailMirco,,,G. Edilizia Technology srl,,,,IT,,,,,,,,,parafarmaciarattazzi@gmail.com,,3933710611110,3933710611110,,,,,,Italia,,,,,,,,,,,,,,,,,,,,GUEST,FREE,,0,18/06/2026,FREDDO,,
SIC03617,3617,AZIENDA,81LEAD|EmailMirco,,,G.B.A. Costruzioni Srl,,,,IT,,,,,,,,,info@gbacostruzioni.it,,390583534060,390583534060,,,,,,Italia,,,,,,,,,,,,,,,,,,,,GUEST,FREE,,0,18/06/2026,FREDDO,,
SIC03618,3618,AZIENDA,81LEAD|EmailMirco,,,G.B.F. Srl Lattoneria – Rivenditore VELUX,,,,IT,,,,,,,,,gbfinduno@gbfsrl.it,,3903322000690,3903322000690,,,,,,Italia,,,,,,,,,,,,,,,,,,,,GUEST,FREE,,0,18/06/2026,FREDDO,,
SIC03619,3619,AZIENDA,81LEAD|ContattiMirco,,,G.g.s. Lavori edili di geloso salvatore,,,,IT,,,,,,,,,assistenza@webador.it,,3933433254790,3933433254790,,,,,,Italia,,,,,,,,,,,,,,,,,,,,GUEST,FREE,,0,18/06/2026,FREDDO,,
SIC03620,3620,AZIENDA,81LEAD|EmailMirco,,,GBR Solution - Coperture | Edilizia | Impermeabilizzazioni,,,,IT,,,,,,,,,info@gbrsolution.it,,3902222267910,3902222267910,,,,,,Italia,,,,,,,,,,,,,,,,,,,,GUEST,FREE,,0,18/06/2026,FREDDO,,
SIC03621,3621,AZIENDA,81LEAD,,,GES.CO. EDILICIA SRL,,,,IT,,,,,,,,,legalerappresentante@gescoedilicia.com,,3934263328960,3934263328960,,,,,,Italia,,,,,,,,,,,,,,,,,,,,GUEST,FREE,,0,18/06/2026,FREDDO,,
SIC03622,3622,AZIENDA,81LEAD|EmailMirco,,,GF Carval - Edilizia,,,,IT,,,,,,,,,shop@gfcarval.it,,390645120270,390645120270,,,,,,Italia,,,,,,,,,,,,,,,,,,,,GUEST,FREE,,0,18/06/2026,FREDDO,,
SIC03623,3623,AZIENDA,ClientiFatt1|ClientiFatt2|81LEAD|ContattiMirco|EmailMirco,,,GI.EMME di Rondina Silvia,,,,IT,RNDSLV86P45H620L,14991802950,0000000,,,,,,silviarondina86@gmail.com,,,,,,,,,Italia,,,,,Via Altinate 23,35121,Padova,PD,,,,,,,,,,,,GUEST,FREE,,0,18/06/2026,FREDDO,,
SIC03624,3624,AZIENDA,ClientiFatt1|ClientiFatt2|81LEAD|ContattiMirco|EmailMirco,,,GIANNI FEDERICO,,,,IT,GNNFRC74E24C638N,46372402860,0000000,,,,,,giannifederico@gmail.com,,,,,,,,,Italia,,,,,Via Castelgaro Alto 13/A,35020,Codevigo,PD,,,,,,,,,,,,GUEST,FREE,,0,18/06/2026,FREDDO,,
SIC03625,3625,AZIENDA,81LEAD|EmailMirco,,,GMSC Serio Costruzioni,,,,IT,,,,,,,,,gmscseriocostruzioni@gmail.com,,3934761327200,3934761327200,,,,,,Italia,,,,,,,,,,,,,,,,,,,,GUEST,FREE,,0,18/06/2026,FREDDO,,
SIC03626,3626,AZIENDA,EmailMirco,,,Gaddi Spa,,,,IT,,,,,,,,,info@gaddispa.com,,,,,,,,,Italia,,,,,,,,,,,,,,,,,,,,GUEST,FREE,,0,18/06/2026,FREDDO,,
SIC03627,3627,AZIENDA,81LEAD|ContattiMirco|EmailMirco,,,Galliera Costruzioni s.r.l.,,,,IT,,,,,,,,,gallieram@libero.it,,3905328977180,3905328977180,,,,,,Italia,,,,,,,,,,,,,,,,,,,,GUEST,FREE,,0,18/06/2026,FREDDO,,
SIC03628,3628,AZIENDA,81LEAD|ContattiMirco|EmailMirco|Labotecnic1|Labotecnic2,,,Gardaland Hotel Resort Reception,,,,IT,,,,,,,,,receptionhotel@gardaland.it,,340238140600,340238140600,,,,,,Italia,,,,,,,,,,,,,,,,,,,,GUEST,FREE,,0,18/06/2026,FREDDO,,
SIC03629,3629,AZIENDA,81LEAD|ContattiMirco|Labotecnic1|Labotecnic2,,,Gasparettoandrea2000,,,,IT,,,,,,,,,gasparettoandrea2000@outlook.it,,3932839191970,3932839191970,,,,,,Italia,,,,,,,,,,,,,,,,,,,,GUEST,FREE,,0,18/06/2026,FREDDO,,
SIC03630,3630,AZIENDA,81LEAD|ContattiMirco|EmailMirco,,,Gem Or service,,,,IT,,,,,,,,,gem@godaddy.com,,39347147171400,39347147171400,,,,,,Italia,,,,,,,,,,,,,,,,,,,,GUEST,FREE,,0,18/06/2026,FREDDO,,
SIC03631,3631,AZIENDA,81LEAD|ContattiMirco|EmailMirco,,,Gemma S.r.l.,,,,IT,,,,,,,,,michela.taddia@gemmasrl.net,,3905328465370,3905328465370,,,,,,Italia,,,,,,,,,,,,,,,,,,,,GUEST,FREE,,0,18/06/2026,FREDDO,,
SIC03632,3632,AZIENDA,81LEAD|ContattiMirco|EmailMirco|Labotecnic1|Labotecnic2,,,Gen_costruzioni,,,,IT,,,,,,,,,gen_costruzioni@virgilio.it,,,,,,,,,Italia,,,,,,,,,,,,,,,,,,,,GUEST,FREE,,0,18/06/2026,FREDDO,,
SIC03633,3633,AZIENDA,81LEAD|ContattiMirco|EmailMirco|Labotecnic1|Labotecnic2,,,Gennari Matteo SOLUZIONE SNC,,,,IT,,,,,,,,,soluzione_legno@libero.it,,3934282641200,3934282641200,,,,,,Italia,,,,,,,,,,,,,,,,,,,,GUEST,FREE,,0,18/06/2026,FREDDO,,
SIC03634,3634,AZIENDA,81LEAD|ContattiMirco|EmailMirco|Labotecnic1|Labotecnic2,,,Geoale1962 Marciano' surf expo roma,,,,IT,,,,,,,,,geoale1962@libero.it,,3933870030440,3933870030440,,,,,,Italia,,,,,,,,,,,,,,,,,,,,GUEST,FREE,,0,18/06/2026,FREDDO,,
SIC03635,3635,AZIENDA,81LEAD|ContattiMirco|EmailMirco|Labotecnic1|Labotecnic2,,,Geostudio 08,,,,IT,,,,,,,,,geostudio.08@gmail.com,,,,,,,,,Italia,,,,,,,,,,,,,,,,,,,,GUEST,FREE,,0,18/06/2026,FREDDO,,
SIC03636,3636,AZIENDA,81LEAD|ContattiMirco|EmailMirco|Labotecnic1|Labotecnic2,,,Geotecnostudio,,,,IT,,,,,,,,,geotecnostudio@libero.it,,,,,,,,,Italia,,,,,,,,,,,,,,,,,,,,GUEST,FREE,,0,18/06/2026,FREDDO,,
SIC03637,3637,AZIENDA,81LEAD|ContattiMirco|EmailMirco,,,Gestore,,,,IT,,,,,,,,,gestore@g-patrol.it,,,,,,,,,Italia,,,,,,,,,,,,,,,,,,,,GUEST,FREE,,0,18/06/2026,FREDDO,,
SIC03638,3638,AZIENDA,81LEAD|EmailMirco,,,Gheco Costruzioni Generali S.r.l.,,,,IT,,,,,,,,,info@gheco.it,,39066228603000,39066228603000,,,,,,Italia,,,,,,,,,,,,,,,,,,,,GUEST,FREE,,0,18/06/2026,FREDDO,,
SIC03639,3639,AZIENDA,81LEAD|EmailMirco,,,Ginardi Arredamenti Srl,,,,IT,,,,,,,,,info@sititematici.it,,390658950270,390658950270,,,,,,Italia,,,,,,,,,,,,,,,,,,,,GUEST,FREE,,0,18/06/2026,FREDDO,,
SIC03640,3640,AZIENDA,81LEAD|ContattiMirco|EmailMirco|Labotecnic1|Labotecnic2,,,Ginko Srl,,,,IT,,,,,,,,,tappezzeriasalese@gmail.com,,3934866181680,3934866181680,,,,,,Italia,,,,,,,,,,,,,,,,,,,,GUEST,FREE,,0,18/06/2026,FREDDO,,
SIC03641,3641,AZIENDA,81LEAD|ContattiMirco|EmailMirco|Labotecnic1|Labotecnic2,,,Giordanocostruzioni Giordano,,,,IT,,,,,,,,,giordanocostruzioni@gmail.com,,3933575420300,3933575420300,,,,,,Italia,,,,,,,,,,,,,,,,,,,,GUEST,FREE,,0,18/06/2026,FREDDO,,
SIC03642,3642,AZIENDA,81LEAD|EmailMirco,,,"Giorgetti Renzo | Magazzino Edile Lucca, Pavimenti, Arredo Bagno, Caminetti e Terrecotte",,,,IT,,,,,,,,,info@giorgettirenzo.it,,3905839281030,3905839281030,,,,,,Italia,,,,,,,,,,,,,,,,,,,,GUEST,FREE,,0,18/06/2026,FREDDO,,
SIC03643,3643,AZIENDA,81LEAD|ContattiMirco|EmailMirco|Labotecnic1|Labotecnic2,,,Girardi Diego,,,,IT,,,,,,,,,girardi.d@libero.it,,3932896478410,3932896478410,,,,,,Italia,,,,,,,,,,,,,,,,,,,,GUEST,FREE,,0,18/06/2026,FREDDO,,
SIC03644,3644,AZIENDA,81LEAD|ContattiMirco|EmailMirco,,,Giuseppe Blunda costruzioni,,,,IT,,,,,,,,,example@domain.com,,3909240764310,3909240764310,,,,,,Italia,,,,,,,,,,,,,,,,,,,,GUEST,FREE,,0,18/06/2026,FREDDO,,
SIC03645,3645,AZIENDA,81LEAD|ContattiMirco|EmailMirco|Labotecnic1|Labotecnic2,,,Giuseppe_07 Sicchiero acque venete spa,,,,IT,,,,,,,,,giuseppe_07@alice.it,,3933878280220,3933878280220,,,,,,Italia,,,,,,,,,,,,,,,,,,,,GUEST,FREE,,0,18/06/2026,FREDDO,,
SIC03646,3646,AZIENDA,81LEAD|EmailMirco,,,Global Edilizia,,,,IT,,,,,,,,,info@globaledilizia.it,,3933356378510,3933356378510,,,,,,Italia,,,,,,,,,,,,,,,,,,,,GUEST,FREE,,0,18/06/2026,FREDDO,,
SIC03647,3647,AZIENDA,81LEAD|ContattiMirco|EmailMirco,,,Globaltech1987 Posa 3000,,,,IT,,,,,,,,,globaltech1987@gmail.com,,3934785668130,3934785668130,,,,,,Italia,,,,,,,,,,,,,,,,,,,,GUEST,FREE,,0,18/06/2026,FREDDO,,
SIC03648,3648,AZIENDA,81LEAD|ContattiMirco|EmailMirco,,,Gm Impresa edile di guidolin massimo,,,,IT,,,,,,,,,info@gmimpresaedile.it,,3934909766710,3934909766710,,,,,,Italia,,,,,,,,,,,,,,,,,,,,GUEST,FREE,,0,18/06/2026,FREDDO,,
SIC03649,3649,AZIENDA,81LEAD|ContattiMirco|Labotecnic1|Labotecnic2,,,Gongservice,,,,IT,,,,,,,,,gongservice@libero.it,,,,,,,,,Italia,,,,,,,,,,,,,,,,,,,,GUEST,FREE,,0,18/06/2026,FREDDO,,
SIC03650,3650,AZIENDA,81LEAD|ContattiMirco,,,Govoni Costruzioni snc,,,,IT,,,,,,,,,info@govonicostruzioni.it,,3905328708680,3905328708680,,,,,,Italia,,,,,,,,,,,,,,,,,,,,GUEST,FREE,,0,18/06/2026,FREDDO,,
SIC03651,3651,AZIENDA,81LEAD|ContattiMirco|EmailMirco,,,Gp Impresa edile bologna,,,,IT,,,,,,,,,edil.pinto.tommaso@gmail.com,,3933580337470,3933580337470,,,,,,Italia,,,,,,,,,,,,,,,,,,,,GUEST,FREE,,0,18/06/2026,FREDDO,,
SIC03652,3652,AZIENDA,81LEAD|ContattiMirco|EmailMirco|Labotecnic1|Labotecnic2,,,Gradarafederico Milan contatori acque venete,,,,IT,,,,,,,,,gradarafederico@gmail.com,,3933361845580,3933361845580,,,,,,Italia,,,,,,,,,,,,,,,,,,,,GUEST,FREE,,0,18/06/2026,FREDDO,,
SIC03653,3653,AZIENDA,81LEAD|ContattiMirco|EmailMirco|Labotecnic1|Labotecnic2,,,Granellacostruzionisrl,,,,IT,,,,,,,,,granellacostruzionisrl@gmail.com,,3937718892900,3937718892900,,,,,,Italia,,,,,,,,,,,,,,,,,,,,GUEST,FREE,,0,18/06/2026,FREDDO,,
SIC03654,3654,AZIENDA,81LEAD|ContattiMirco|EmailMirco|Labotecnic1|Labotecnic2,,,Graphic Solutions,,,,IT,,,,,,,,,graphic.solutions@virgilio.it,,,,,,,,,Italia,,,,,,,,,,,,,,,,,,,,GUEST,FREE,,0,18/06/2026,FREDDO,,
SIC03655,3655,AZIENDA,81LEAD|ContattiMirco|EmailMirco,,,Green House srl - impresa edile,,,,IT,,,,,,,,,greenhouse.costr@gmail.com,,3907444325160,3907444325160,,,,,,Italia,,,,,,,,,,,,,,,,,,,,GUEST,FREE,,0,18/06/2026,FREDDO,,
SIC03656,3656,AZIENDA,81LEAD|ContattiMirco|EmailMirco|Labotecnic1|Labotecnic2,,,Greentel Srlcr,,,,IT,,,,,,,,,greentel.srlcr@gmail.com,,,,,,,,,Italia,,,,,,,,,,,,,,,,,,,,GUEST,FREE,,0,18/06/2026,FREDDO,,
SIC03657,3657,AZIENDA,81LEAD|ContattiMirco|EmailMirco|Labotecnic1|Labotecnic2,,,Grimeco_costruzioni,,,,IT,,,,,,,,,grimeco_costruzioni@yahoo.it,,,,,,,,,Italia,,,,,,,,,,,,,,,,,,,,GUEST,FREE,,0,18/06/2026,FREDDO,,
SIC03658,3658,AZIENDA,81LEAD|ContattiMirco|EmailMirco,,,Grivetti Restauri s.rl impresa edile - ristrutturazioni; costruzioni; appaltatori,,,,IT,,,,,,,,,info@grivettirestauri.it,,3905986779350,3905986779350,,,,,,Italia,,,,,,,,,,,,,,,,,,,,GUEST,FREE,,0,18/06/2026,FREDDO,,
SIC03659,3659,AZIENDA,81LEAD|EmailMirco,,,Grosseto Edilizia,,,,IT,,,,,,,,,info@grossetoedilizia.com,,39056419319900,39056419319900,,,,,,Italia,,,,,,,,,,,,,,,,,,,,GUEST,FREE,,0,18/06/2026,FREDDO,,
SIC03660,3660,AZIENDA,81LEAD|EmailMirco,,,Group E - Edilflaminio,,,,IT,,,,,,,,,info@gruppoe.com,,3906529963000,3906529963000,,,,,,Italia,,,,,,,,,,,,,,,,,,,,GUEST,FREE,,0,18/06/2026,FREDDO,,
SIC03661,3661,AZIENDA,81LEAD|ContattiMirco|EmailMirco,,,Groups,,,,IT,,,,,,,,,groups@ramadaplazamilano.it,,,,,,,,,Italia,,,,,,,,,,,,,,,,,,,,GUEST,FREE,,0,18/06/2026,FREDDO,,
SIC03662,3662,AZIENDA,81LEAD|ContattiMirco|Labotecnic1|Labotecnic2,,,Groupsgvcaminetti,,,,IT,,,,,,,,,groupsgvcaminetti@virgilio.it,,,,,,,,,Italia,,,,,,,,,,,,,,,,,,,,GUEST,FREE,,0,18/06/2026,FREDDO,,
SIC03663,3663,AZIENDA,81LEAD|ContattiMirco|EmailMirco,,,Gruppo Di stefano srl,,,,IT,,,,,,,,,gruppodistefano@libero.it,,3909249221930,3909249221930,,,,,,Italia,,,,,,,,,,,,,,,,,,,,GUEST,FREE,,0,18/06/2026,FREDDO,,
SIC03664,3664,AZIENDA,81LEAD|ContattiMirco|EmailMirco,,,Gruppo Michielan srl - impresa edile,,,,IT,,,,,,,,,info@gruppomichielan.it,,390414475470,390414475470,,,,,,Italia,,,,,,,,,,,,,,,,,,,,GUEST,FREE,,0,18/06/2026,FREDDO,,
SIC03665,3665,AZIENDA,81LEAD|ContattiMirco|EmailMirco,,,Gullo Costruzioni,,,,IT,,,,,,,,,info@026969.it,,3932873669690,3932873669690,,,,,,Italia,,,,,,,,,,,,,,,,,,,,GUEST,FREE,,0,18/06/2026,FREDDO,,
SIC03666,3666,AZIENDA,81LEAD|EmailMirco,,,HABIMAT F.lli Crusco S.R.L.,,,,IT,,,,,,,,,info@fioriniedilizia.it,,3909858018520,3909858018520,,,,,,Italia,,,,,,,,,,,,,,,,,,,,GUEST,FREE,,0,18/06/2026,FREDDO,,
SIC03667,3667,AZIENDA,81LEAD|EmailMirco,,,HABITUS | Led Edilizia,,,,IT,,,,,,,,,commerce@lededilizia.it,,3906902121420,3906902121420,,,,,,Italia,,,,,,,,,,,,,,,,,,,,GUEST,FREE,,0,18/06/2026,FREDDO,,
SIC03668,3668,AZIENDA,81LEAD|EmailMirco,,,HDC - Hub Design Coronari,,,,IT,,,,,,,,,info@epmroma.it,,3906688046080,3906688046080,,,,,,Italia,,,,,,,,,,,,,,,,,,,,GUEST,FREE,,0,18/06/2026,FREDDO,,
SIC03669,3669,AZIENDA,81LEAD|ContattiMirco|EmailMirco,,,Hotel,,,,IT,,,,,,,,,hotel@pragserwildsee.com,,,,,,,,,Italia,,,,,,,,,,,,,,,,,,,,GUEST,FREE,,0,18/06/2026,FREDDO,,
SIC03670,3670,AZIENDA,81LEAD|ContattiMirco|EmailMirco|Labotecnic1|Labotecnic2,,,Hotel Asiago,,,,IT,,,,,,,,,info@relaxhotelasiago.it,,,,,,,,,Italia,,,,,,,,,,,,,,,,,,,,GUEST,FREE,,0,18/06/2026,FREDDO,,
SIC03671,3671,AZIENDA,81LEAD|ContattiMirco|EmailMirco|Labotecnic1|Labotecnic2,,,Hotel Bella Vista Terme,,,,IT,,,,,,,,,info@bellavistaterme.com,,,,,,,,,Italia,,,,,,,,,,,,,,,,,,,,GUEST,FREE,,0,18/06/2026,FREDDO,,
SIC03672,3672,AZIENDA,81LEAD|ContattiMirco|EmailMirco,,,Hotel Da Barba,,,,IT,,,,,,,,,info@dabarba.it,,,,,,,,,Italia,,,,,,,,,,,,,,,,,,,,GUEST,FREE,,0,18/06/2026,FREDDO,,
SIC03673,3673,AZIENDA,81LEAD|ContattiMirco|EmailMirco|Labotecnic1|Labotecnic2,,,Hotel Paradiso Asiago,,,,IT,,,,,,,,,info@hotelparadisoasiago.it,,,,,,,,,Italia,,,,,,,,,,,,,,,,,,,,GUEST,FREE,,0,18/06/2026,FREDDO,,
SIC03674,3674,AZIENDA,81LEAD|ContattiMirco|EmailMirco|Labotecnic1|Labotecnic2,,,Hotel Real,,,,IT,,,,,,,,,hotel.real@libero.it,,,,,,,,,Italia,,,,,,,,,,,,,,,,,,,,GUEST,FREE,,0,18/06/2026,FREDDO,,
SIC03675,3675,AZIENDA,ClientiFatt1|ClientiFatt2,,,I Sapori di Casa di Ferrari Egle,,,,IT,FRRGLE77D58A059E,14363602990,BA6ET11,,,,,,isaporidiegle@pec.it,,,,,,,,,Italia,,,,,Riviera G. Marconi 68,45017,Loreo,RO,,,,,,,,,,,,GUEST,FREE,,0,18/06/2026,FREDDO,,
SIC03676,3676,AZIENDA,ClientiFatt1|ClientiFatt2|81LEAD|ContattiMirco|EmailMirco|Labotecnic1|Labotecnic2,,,I.D.E.A. RESTAURI SNC DI RANZATO ANDREA E PERINI DAVIDE,,,,IT,04275950279,42759502790,sncidearestauri@pec.it,,,,,,ranzatoandrea1976@libero.it,,39328562216900,39328562216900,,,,,,Italia,,,,,RIONE DUOMO 543,30015,Chioggia,VE,,,,,,,,,,,,GUEST,FREE,,0,18/06/2026,FREDDO,,
SIC03677,3677,AZIENDA,ClientiFatt1|ClientiFatt2,,,I.M.I. IMPRESA MONTAGGI INDUSTRIALI SRL,,,,IT,04920180280,49201802800,USAL8PV,,,,,,imi.montaggi@pec.it,,,,,,,,,Italia,,,,,Via C. Colombo 30,35030,Selvazzano Dentro,PD,,,,,,,,,,,,GUEST,FREE,,0,18/06/2026,FREDDO,,
SIC03678,3678,AZIENDA,81LEAD|ContattiMirco|EmailMirco,,,I.r.e. impresa ripristini edili,,,,IT,,,,,,,,,info@impresaire.com,,3939071357910,3939071357910,,,,,,Italia,,,,,,,,,,,,,,,,,,,,GUEST,FREE,,0,18/06/2026,FREDDO,,
SIC03679,3679,AZIENDA,81LEAD|EmailMirco,,,"ICEA S.R.L | Impresa di ristrutturazioni edilizie, costruzioni, impianti fotovoltaici, pannelli solari",,,,IT,,,,,,,,,info@iceaimpianti.com,,390707893060,390707893060,,,,,,Italia,,,,,,,,,,,,,,,,,,,,GUEST,FREE,,0,18/06/2026,FREDDO,,
SIC03680,3680,AZIENDA,81LEAD|EmailMirco,,,IDE Danico edilizia srl,,,,IT,,,,,,,,,danico@danico.it,,3906954610720,3906954610720,,,,,,Italia,,,,,,,,,,,,,,,,,,,,GUEST,FREE,,0,18/06/2026,FREDDO,,
SIC03681,3681,AZIENDA,ClientiFatt1|ClientiFatt2,,,IDRO-SERVICE DI FERRO GIAN PIETRO,,,,IT,FRRGPT67H04C638X,33079602720,W7YVJK9,,,,,,ferrogianpietro@pec.it,,,,,,,,,Italia,,,,,Località Punta Pettorina 17/2,30014,Cavarzere,VE,,,,,,,,,,,,GUEST,FREE,,0,18/06/2026,FREDDO,,
SIC03682,3682,AZIENDA,ClientiFatt1|ClientiFatt2|81LEAD|ContattiMirco|EmailMirco|Labotecnic1|Labotecnic2,,,IL TEMPIO DEL CORPO di Fogo Veronica,,,,IT,FGOVNC87D47H620W,38926602790,0000000,,,,,,fogoveronica@gmail.com,,,,,,,,,Italia,,,,,Via Centro  Loc. San Pietro 69,30014,Cavarzere,VE,,,,,,,,,,,,GUEST,FREE,,0,18/06/2026,FREDDO,,
SIC03683,3683,AZIENDA,ClientiFatt1|ClientiFatt2,,,IL TEMPIO DELLA BELLEZZA DI BONANDINI SILVIA,,,,IT,BNNSLV78C58C967U,11792402940,W7YVJK9,,,,,,info@pec.tempiobellezza.eu,,,,,,,,,Italia,,,,,"VIA GIUSEPPE MAZZINI, 159/A",45014,PORTO VIRO,RO,,,,,,,,,,,,GUEST,FREE,,0,18/06/2026,FREDDO,,
SIC03684,3684,AZIENDA,ClientiFatt1|ClientiFatt2|81LEAD|ContattiMirco|EmailMirco|Labotecnic1|Labotecnic2,,,IMPRESA EDILE FERRO CLAUDIO,,,,IT,,12138502980,J6URRTW,,,,,,morosini2003@libero.it,,3352497430,3352497430,,,,,,Italia,,,,,Via Deserto 5,45010,Rosolina,RO,,,,,,,,,,,,GUEST,FREE,,0,18/06/2026,FREDDO,,
SIC03685,3685,AZIENDA,81LEAD,,,IMPRESA EDILE MILAZZO del Geom. Alex Milazzo,,,,IT,,,,,,,,,.alex@gmail.com,,3934851148150,3934851148150,,,,,,Italia,,,,,,,,,,,,,,,,,,,,GUEST,FREE,,0,18/06/2026,FREDDO,,
SIC03686,3686,AZIENDA,81LEAD|ContattiMirco|EmailMirco|Labotecnic1|Labotecnic2,,,INFO Centro Servizi Anna,,,,IT,,,,,,,,,info@cssanna.com,,,,,,,,,Italia,,,,,,,,,,,,,,,,,,,,GUEST,FREE,,0,18/06/2026,FREDDO,,
SIC03687,3687,AZIENDA,81LEAD|EmailMirco,,,INNOVAZIONE(IN)EDILIZIA srls,,,,IT,,,,,,,,,info@innovazioneinedilizia.com,,3906830869150,3906830869150,,,,,,Italia,,,,,,,,,,,,,,,,,,,,GUEST,FREE,,0,18/06/2026,FREDDO,,
SIC03688,3688,AZIENDA,81LEAD|EmailMirco,,,ISOLA COSTRUZIONI Srl,,,,IT,,,,,,,,,info@isolaugo.it,,3934777212910,3934777212910,,,,,,Italia,,,,,,,,,,,,,,,,,,,,GUEST,FREE,,0,18/06/2026,FREDDO,,
SIC03689,3689,AZIENDA,81LEAD|EmailMirco,,,Idea Colore s.r.l.,,,,IT,,,,,,,,,info@ideacolore.it,,3939050430750,3939050430750,,,,,,Italia,,,,,,,,,,,,,,,,,,,,GUEST,FREE,,0,18/06/2026,FREDDO,,
SIC03690,3690,AZIENDA,81LEAD|ContattiMirco|EmailMirco,,,Ideal Impianti s.r.l,,,,IT,,,,,,,,,info.idealimpiantisrl@gmail.com,,390924870460,390924870460,,,,,,Italia,,,,,,,,,,,,,,,,,,,,GUEST,FREE,,0,18/06/2026,FREDDO,,
SIC03691,3691,AZIENDA,81LEAD|EmailMirco,,,Idraulica Gazometro,,,,IT,,,,,,,,,info@idraulicagazometro.com,,390657807610,390657807610,,,,,,Italia,,,,,,,,,,,,,,,,,,,,GUEST,FREE,,0,18/06/2026,FREDDO,,
SIC03692,3692,AZIENDA,ClientiFatt1|ClientiFatt2|81LEAD|ContattiMirco|EmailMirco|Labotecnic1|Labotecnic2,,,"Il Capriccio S.n.c. 
di Spinello Alessandro e Mantovani Marika",,,,IT,01409390299,14093902990,M5UXCR1,,,,,,spinello.alessandro@libero.it,,3934031973830,3934031973830,,,,,,Italia,,,,,Via Marco Polo 2,45019,Taglio di Po,RO,,,,,,,,,,,,GUEST,FREE,,0,18/06/2026,FREDDO,,
SIC03693,3693,AZIENDA,81LEAD|EmailMirco,,,Immobil Service Srl,,,,IT,,,,,,,,,info@immobilservicesrl.it,,3906978416090,3906978416090,,,,,,Italia,,,,,,,,,,,,,,,,,,,,GUEST,FREE,,0,18/06/2026,FREDDO,,
SIC03694,3694,AZIENDA,81LEAD|ContattiMirco|EmailMirco,,,Immobiliare Di adria,,,,IT,,,,,,,,,immobiliare.di.adria@gmail.com,,,,,,,,,Italia,,,,,,,,,,,,,,,,,,,,GUEST,FREE,,0,18/06/2026,FREDDO,,
SIC03695,3695,AZIENDA,81LEAD,,,Immobiliare Rebecca Sas di Tosatto Paolo,,,,IT,,,,,,,,,rebecca.tosatto@odcecvenezia.legalmail.it,,3904156600110,3904156600110,,,,,,Italia,,,,,,,,,,,,,,,,,,,,GUEST,FREE,,0,18/06/2026,FREDDO,,
SIC03696,3696,AZIENDA,81LEAD|EmailMirco,,,Immobiliare Roana,,,,IT,,,,,,,,,info@immobiliareroana.it,,390424661240,390424661240,,,,,,Italia,,,,,,,,,,,,,,,,,,,,GUEST,FREE,,0,18/06/2026,FREDDO,,
SIC03697,3697,AZIENDA,81LEAD|ContattiMirco|EmailMirco,,,Imperiale Costruzioni srl,,,,IT,,,,,,,,,info@imperialecostruzioni.com,,3938873312740,3938873312740,,,,,,Italia,,,,,,,,,,,,,,,,,,,,GUEST,FREE,,0,18/06/2026,FREDDO,,
SIC03698,3698,AZIENDA,81LEAD,,,Impermeo - Impermeabilizzazioni Roma e Regione Lazio,,,,IT,,,,,,,,,tudinihousing@legalmail.it,,3935178722310,3935178722310,,,,,,Italia,,,,,,,,,,,,,,,,,,,,GUEST,FREE,,0,18/06/2026,FREDDO,,
SIC03699,3699,AZIENDA,81LEAD|ContattiMirco|EmailMirco,,,Impianti FTV CDNE,,,,IT,,,,,,,,,impiantifv@cdne.it,,3932860109340,3932860109340,,,,,,Italia,,,,,,,,,,,,,,,,,,,,GUEST,FREE,,0,18/06/2026,FREDDO,,
SIC03700,3700,AZIENDA,81LEAD|EmailMirco,,,Impiantistica Edilizia 2020,,,,IT,,,,,,,,,impiantisticaedilizia2020@gmail.com,,3939317734910,3939317734910,,,,,,Italia,,,,,,,,,,,,,,,,,,,,GUEST,FREE,,0,18/06/2026,FREDDO,,
SIC03701,3701,AZIENDA,81LEAD|ContattiMirco|EmailMirco,,,Impresa,,,,IT,,,,,,,,,impresacastaldi@gmail.com,,3937915734150,3937915734150,,,,,,Italia,,,,,,,,,,,,,,,,,,,,GUEST,FREE,,0,18/06/2026,FREDDO,,
SIC03702,3702,AZIENDA,81LEAD|ContattiMirco|EmailMirco,,,Impresa Bianconi,,,,IT,,,,,,,,,info@bianconigroup.com,,3934515584750,3934515584750,,,,,,Italia,,,,,,,,,,,,,,,,,,,,GUEST,FREE,,0,18/06/2026,FREDDO,,
SIC03703,3703,AZIENDA,81LEAD|ContattiMirco|EmailMirco,,,Impresa Bioedilizia | edilverde costruzioni s.r.l.,,,,IT,,,,,,,,,info@costruzioniedilverde.com,,3905320932690,3905320932690,,,,,,Italia,,,,,,,,,,,,,,,,,,,,GUEST,FREE,,0,18/06/2026,FREDDO,,
SIC03704,3704,AZIENDA,81LEAD|ContattiMirco|EmailMirco,,,Impresa Costruzioni grossi walter s.r.l. - impresa edile a parma,,,,IT,,,,,,,,,info@impresagrossi.com,,3905212812120,3905212812120,,,,,,Italia,,,,,,,,,,,,,,,,,,,,GUEST,FREE,,0,18/06/2026,FREDDO,,
SIC03705,3705,AZIENDA,81LEAD|EmailMirco,,,Impresa Di Costruzioni Ing. Raffaello Pellegrini S.R.L.,,,,IT,,,,,,,,,odv@impresapellegrini.it,,390702652710,390702652710,,,,,,Italia,,,,,,,,,,,,,,,,,,,,GUEST,FREE,,0,18/06/2026,FREDDO,,
SIC03706,3706,AZIENDA,81LEAD|ContattiMirco,,,Impresa Di costruzioni la rinascente - sabbiatura edile,,,,IT,,,,,,,,,info@impresaedilelarinascente.it,,3933475707840,3933475707840,,,,,,Italia,,,,,,,,,,,,,,,,,,,,GUEST,FREE,,0,18/06/2026,FREDDO,,
SIC03707,3707,AZIENDA,81LEAD|ContattiMirco|EmailMirco,,,Impresa E.d.i.l.e seven,,,,IT,,,,,,,,,seven@sevensrl.it,,,,,,,,,Italia,,,,,,,,,,,,,,,,,,,,GUEST,FREE,,0,18/06/2026,FREDDO,,
SIC03708,3708,AZIENDA,81LEAD|ContattiMirco|EmailMirco,,,Impresa Edile,,,,IT,,,,,,,,,s.p.e.costruzioni@gmail.com,,,,,,,,,Italia,,,,,,,,,,,,,,,,,,,,GUEST,FREE,,0,18/06/2026,FREDDO,,
SIC03709,3709,AZIENDA,81LEAD|ContattiMirco|EmailMirco,,,Impresa Edile,,,,IT,,,,,,,,,cacciatoregioacchino@gmail.com,,3905218166650,3905218166650,,,,,,Italia,,,,,,,,,,,,,,,,,,,,GUEST,FREE,,0,18/06/2026,FREDDO,,
SIC03710,3710,AZIENDA,81LEAD|ContattiMirco|EmailMirco,,,Impresa Edile - lattoneria mazzotti daniele,,,,IT,,,,,,,,,lattoneriamazzotti@alice.it,,3933582335810,3933582335810,,,,,,Italia,,,,,,,,,,,,,,,,,,,,GUEST,FREE,,0,18/06/2026,FREDDO,,
SIC03711,3711,AZIENDA,81LEAD|EmailMirco,,,Impresa Edile 2g,,,,IT,,,,,,,,,info@rsgroupitalia.it,,3933933324410,3933933324410,,,,,,Italia,,,,,,,,,,,,,,,,,,,,GUEST,FREE,,0,18/06/2026,FREDDO,,
SIC03712,3712,AZIENDA,81LEAD|ContattiMirco|EmailMirco,,,Impresa Edile 3d giuseppe d'antuono,,,,IT,,,,,,,,,contatto@contattogenova.it,,3934881875730,3934881875730,,,,,,Italia,,,,,,,,,,,,,,,,,,,,GUEST,FREE,,0,18/06/2026,FREDDO,,
SIC03713,3713,AZIENDA,81LEAD|ContattiMirco|EmailMirco,,,Impresa Edile 4d coperture san felice sul panaro modena,,,,IT,,,,,,,,,info@4dcoperture.com,,3934026387780,3934026387780,,,,,,Italia,,,,,,,,,,,,,,,,,,,,GUEST,FREE,,0,18/06/2026,FREDDO,,
SIC03714,3714,AZIENDA,81LEAD,,,Impresa Edile Barizza S.A.S.,,,,IT,,,,,,,,,605a7baede844d278b89dc95ae0a9123@sentry-next.wixpress.com,,,,,,,,,Italia,,,,,,,,,,,,,,,,,,,,GUEST,FREE,,0,18/06/2026,FREDDO,,
SIC03715,3715,AZIENDA,81LEAD|EmailMirco,,,Impresa Edile Bonalumi Giuliano e Figli S.r.l.,,,,IT,,,,,,,,,impresabonalumisrl@gmail.com,,390355424870,390355424870,,,,,,Italia,,,,,,,,,,,,,,,,,,,,GUEST,FREE,,0,18/06/2026,FREDDO,,
SIC03716,3716,AZIENDA,81LEAD|EmailMirco,,,Impresa Edile Cappai Vincenzo - Sinnai,,,,IT,,,,,,,,,disservizi@amicacard.it,,3933395774210,3933395774210,,,,,,Italia,,,,,,,,,,,,,,,,,,,,GUEST,FREE,,0,18/06/2026,FREDDO,,
SIC03717,3717,AZIENDA,81LEAD|EmailMirco,,,Impresa Edile DMBP SRL Dhamo Martin,,,,IT,,,,,,,,,info@impresaediledm.it,,3934048704990,3934048704990,,,,,,Italia,,,,,,,,,,,,,,,,,,,,GUEST,FREE,,0,18/06/2026,FREDDO,,
SIC03718,3718,AZIENDA,81LEAD|EmailMirco,,,Impresa Edile Emili Evelyn,,,,IT,,,,,,,,,noshifabjan@gmail.com,,3932887693500,3932887693500,,,,,,Italia,,,,,,,,,,,,,,,,,,,,GUEST,FREE,,0,18/06/2026,FREDDO,,
SIC03719,3719,AZIENDA,81LEAD|EmailMirco,,,Impresa Edile Roma - Gruppo EB,,,,IT,,,,,,,,,info@gruppoeb.it,,3906565484180,3906565484180,,,,,,Italia,,,,,,,,,,,,,,,,,,,,GUEST,FREE,,0,18/06/2026,FREDDO,,
SIC03720,3720,AZIENDA,81LEAD|EmailMirco,,,Impresa Edile Roma - S.E.A. 89,,,,IT,,,,,,,,,info@sea89.it,,390665326320,390665326320,,,,,,Italia,,,,,,,,,,,,,,,,,,,,GUEST,FREE,,0,18/06/2026,FREDDO,,
SIC03721,3721,AZIENDA,81LEAD|EmailMirco,,,Impresa Edile Rossi Michele,,,,IT,,,,,,,,,rossiedil@libero.it,,393603401110,393603401110,,,,,,Italia,,,,,,,,,,,,,,,,,,,,GUEST,FREE,,0,18/06/2026,FREDDO,,
SIC03722,3722,AZIENDA,81LEAD|EmailMirco,,,Impresa Edile Schirru Oscar,,,,IT,,,,,,,,,oscar.schirru@gmail.com,,3939319462560,3939319462560,,,,,,Italia,,,,,,,,,,,,,,,,,,,,GUEST,FREE,,0,18/06/2026,FREDDO,,
SIC03723,3723,AZIENDA,81LEAD|EmailMirco,,,Impresa Edile Tommasini Di Tommasini Enio & C. Snc,,,,IT,,,,,,,,,impresatommasini@gmail.com,,3904571562860,3904571562860,,,,,,Italia,,,,,,,,,,,,,,,,,,,,GUEST,FREE,,0,18/06/2026,FREDDO,,
SIC03724,3724,AZIENDA,81LEAD|EmailMirco,,,Impresa Edile Zimer - Coperture e Bonifica Amianto,,,,IT,,,,,,,,,tecnico@impresazimer.com,,3904329349280,3904329349280,,,,,,Italia,,,,,,,,,,,,,,,,,,,,GUEST,FREE,,0,18/06/2026,FREDDO,,
SIC03725,3725,AZIENDA,81LEAD|ContattiMirco,,,Impresa Edile a modena - c.c.e.a. costruzioni,,,,IT,,,,,,,,,coop.ccea@gmail.com,,3905225577810,3905225577810,,,,,,Italia,,,,,,,,,,,,,,,,,,,,GUEST,FREE,,0,18/06/2026,FREDDO,,
SIC03726,3726,AZIENDA,81LEAD|ContattiMirco,,,Impresa Edile accardo giuseppe,,,,IT,,,,,,,,,info@restone.it,,3934787567670,3934787567670,,,,,,Italia,,,,,,,,,,,,,,,,,,,,GUEST,FREE,,0,18/06/2026,FREDDO,,
SIC03727,3727,AZIENDA,81LEAD|ContattiMirco|EmailMirco,,,Impresa Edile aia mario costruzioni,,,,IT,,,,,,,,,info@ananiamariocostruzioni.it,,3934746741050,3934746741050,,,,,,Italia,,,,,,,,,,,,,,,,,,,,GUEST,FREE,,0,18/06/2026,FREDDO,,
SIC03728,3728,AZIENDA,81LEAD|ContattiMirco,,,Impresa Edile alex service,,,,IT,,,,,,,,,alexservicesrls@libero.it,,3932063889880,3932063889880,,,,,,Italia,,,,,,,,,,,,,,,,,,,,GUEST,FREE,,0,18/06/2026,FREDDO,,
SIC03729,3729,AZIENDA,81LEAD|ContattiMirco|EmailMirco,,,Impresa Edile ammirata rosario,,,,IT,,,,,,,,,info@hotel-boccaccio.it,,3905459945510,3905459945510,,,,,,Italia,,,,,,,,,,,,,,,,,,,,GUEST,FREE,,0,18/06/2026,FREDDO,,
SIC03730,3730,AZIENDA,81LEAD|ContattiMirco|EmailMirco,,,Impresa Edile antonello s.r.l.,,,,IT,,,,,,,,,antonellosrl@hotmail.it,,3933190621800,3933190621800,,,,,,Italia,,,,,,,,,,,,,,,,,,,,GUEST,FREE,,0,18/06/2026,FREDDO,,
SIC03731,3731,AZIENDA,81LEAD|ContattiMirco|EmailMirco,,,Impresa Edile aralla,,,,IT,,,,,,,,,arallanik92@gmail.com,,3933122570990,3933122570990,,,,,,Italia,,,,,,,,,,,,,,,,,,,,GUEST,FREE,,0,18/06/2026,FREDDO,,
SIC03732,3732,AZIENDA,81LEAD|ContattiMirco|EmailMirco,,,Impresa Edile arena nicola,,,,IT,,,,,,,,,info@impresaedilearena.com,,3933828985210,3933828985210,,,,,,Italia,,,,,,,,,,,,,,,,,,,,GUEST,FREE,,0,18/06/2026,FREDDO,,
SIC03733,3733,AZIENDA,81LEAD|ContattiMirco|EmailMirco,,,Impresa Edile artigiana barolo graziano,,,,IT,,,,,,,,,d.barolo@studioarchitetti.com,,3934602325260,3934602325260,,,,,,Italia,,,,,,,,,,,,,,,,,,,,GUEST,FREE,,0,18/06/2026,FREDDO,,
SIC03734,3734,AZIENDA,81LEAD|ContattiMirco|EmailMirco,,,Impresa Edile baldo paolo & c. snc,,,,IT,,,,,,,,,info@botter.it,,3904212051800,3904212051800,,,,,,Italia,,,,,,,,,,,,,,,,,,,,GUEST,FREE,,0,18/06/2026,FREDDO,,
SIC03735,3735,AZIENDA,81LEAD|ContattiMirco|EmailMirco,,,Impresa Edile baraldo,,,,IT,,,,,,,,,info@impresabaraldo.it,,3904453648450,3904453648450,,,,,,Italia,,,,,,,,,,,,,,,,,,,,GUEST,FREE,,0,18/06/2026,FREDDO,,
SIC03736,3736,AZIENDA,81LEAD|ContattiMirco|EmailMirco,,,Impresa Edile bartucca srl,,,,IT,,,,,,,,,impresaedilebartucca@gmail.com,,3934522351210,3934522351210,,,,,,Italia,,,,,,,,,,,,,,,,,,,,GUEST,FREE,,0,18/06/2026,FREDDO,,
SIC03737,3737,AZIENDA,81LEAD|ContattiMirco|EmailMirco,,,Impresa Edile baruffaldi luigi,,,,IT,,,,,,,,,info.mtc@baruffaldi.it,,3905168492470,3905168492470,,,,,,Italia,,,,,,,,,,,,,,,,,,,,GUEST,FREE,,0,18/06/2026,FREDDO,,
SIC03738,3738,AZIENDA,81LEAD|ContattiMirco|EmailMirco,,,Impresa Edile barzon stefano,,,,IT,,,,,,,,,info@impresabarzon.it,,3934874929310,3934874929310,,,,,,Italia,,,,,,,,,,,,,,,,,,,,GUEST,FREE,,0,18/06/2026,FREDDO,,
SIC03739,3739,AZIENDA,81LEAD|ContattiMirco|EmailMirco,,,Impresa Edile bianchi pietro,,,,IT,,,,,,,,,info@novelloec.com,,3934874509330,3934874509330,,,,,,Italia,,,,,,,,,,,,,,,,,,,,GUEST,FREE,,0,18/06/2026,FREDDO,,
SIC03740,3740,AZIENDA,81LEAD|ContattiMirco|EmailMirco,,,Impresa Edile bologna pinto tommaso,,,,IT,,,,,,,,,tommaso@gmail.com,,393378612300,393378612300,,,,,,Italia,,,,,,,,,,,,,,,,,,,,GUEST,FREE,,0,18/06/2026,FREDDO,,
SIC03741,3741,AZIENDA,81LEAD|ContattiMirco|EmailMirco,,,Impresa Edile boscain silvano e figlio,,,,IT,,,,,,,,,info@impresaedileboscain.it,,3934729608600,3934729608600,,,,,,Italia,,,,,,,,,,,,,,,,,,,,GUEST,FREE,,0,18/06/2026,FREDDO,,
SIC03742,3742,AZIENDA,81LEAD|ContattiMirco|EmailMirco,,,Impresa Edile bucaj,,,,IT,,,,,,,,,edil@vucaj.net,,3904124394660,3904124394660,,,,,,Italia,,,,,,,,,,,,,,,,,,,,GUEST,FREE,,0,18/06/2026,FREDDO,,
SIC03743,3743,AZIENDA,81LEAD|ContattiMirco|EmailMirco,,,Impresa Edile bullado antonio,,,,IT,,,,,,,,,info@bulladoantonio.com,,3934086142520,3934086142520,,,,,,Italia,,,,,,,,,,,,,,,,,,,,GUEST,FREE,,0,18/06/2026,FREDDO,,
SIC03744,3744,AZIENDA,81LEAD|ContattiMirco|EmailMirco,,,Impresa Edile c.e.bu. s.r.l.s.,,,,IT,,,,,,,,,info@ce-bu.it,,3939275700250,3939275700250,,,,,,Italia,,,,,,,,,,,,,,,,,,,,GUEST,FREE,,0,18/06/2026,FREDDO,,
SIC03745,3745,AZIENDA,81LEAD|ContattiMirco,,,Impresa Edile camillo mardegan,,,,IT,,,,,,,,,social@mardegan.it,,3933564865330,3933564865330,,,,,,Italia,,,,,,,,,,,,,,,,,,,,GUEST,FREE,,0,18/06/2026,FREDDO,,
SIC03746,3746,AZIENDA,81LEAD|ContattiMirco|EmailMirco,,,Impresa Edile catalano nicolo',,,,IT,,,,,,,,,info@impresacatalano.it,,3933940232240,3933940232240,,,,,,Italia,,,,,,,,,,,,,,,,,,,,GUEST,FREE,,0,18/06/2026,FREDDO,,
SIC03747,3747,AZIENDA,81LEAD|ContattiMirco|EmailMirco,,,Impresa Edile cdm srl,,,,IT,,,,,,,,,segreteria.cdmsrl@gmail.com,,3905223434920,3905223434920,,,,,,Italia,,,,,,,,,,,,,,,,,,,,GUEST,FREE,,0,18/06/2026,FREDDO,,
SIC03748,3748,AZIENDA,81LEAD|ContattiMirco|EmailMirco,,,Impresa Edile cestaro di cestaro claudia - lavori pubblici privati costruzioni appartamenti,,,,IT,,,,,,,,,arrigo.cestaro@libero.it,,3904257012480,3904257012480,,,,,,Italia,,,,,,,,,,,,,,,,,,,,GUEST,FREE,,0,18/06/2026,FREDDO,,
SIC03749,3749,AZIENDA,81LEAD|ContattiMirco|EmailMirco,,,Impresa Edile ciaravolo luigi,,,,IT,,,,,,,,,info@impresaedileciaravolo.it,,3934084059230,3934084059230,,,,,,Italia,,,,,,,,,,,,,,,,,,,,GUEST,FREE,,0,18/06/2026,FREDDO,,
SIC03750,3750,AZIENDA,81LEAD|ContattiMirco|EmailMirco,,,Impresa Edile ciprì paolo – ristrutturazioni e lavori edili,,,,IT,,,,,,,,,cipripaolo2015@gmail.com,,3932875452630,3932875452630,,,,,,Italia,,,,,,,,,,,,,,,,,,,,GUEST,FREE,,0,18/06/2026,FREDDO,,
SIC03751,3751,AZIENDA,81LEAD|ContattiMirco|EmailMirco,,,Impresa Edile colombani giacomo,,,,IT,,,,,,,,,colombanigiacomo@alice.it,,3933872186390,3933872186390,,,,,,Italia,,,,,,,,,,,,,,,,,,,,GUEST,FREE,,0,18/06/2026,FREDDO,,
SIC03752,3752,AZIENDA,81LEAD|ContattiMirco|EmailMirco,,,Impresa Edile coppola giuseppe,,,,IT,,,,,,,,,www.ariabona.it@gmail.com,,3933888512850,3933888512850,,,,,,Italia,,,,,,,,,,,,,,,,,,,,GUEST,FREE,,0,18/06/2026,FREDDO,,
SIC03753,3753,AZIENDA,81LEAD|ContattiMirco,,,Impresa Edile corradi,,,,IT,,,,,,,,,edilcorradi@gmail.com,,3934066420250,3934066420250,,,,,,Italia,,,,,,,,,,,,,,,,,,,,GUEST,FREE,,0,18/06/2026,FREDDO,,
SIC03754,3754,AZIENDA,81LEAD|ContattiMirco|EmailMirco,,,Impresa Edile costel srl di pasquale stellato,,,,IT,,,,,,,,,privacy@astrazeneca.com,,3934524135950,3934524135950,,,,,,Italia,,,,,,,,,,,,,,,,,,,,GUEST,FREE,,0,18/06/2026,FREDDO,,
SIC03755,3755,AZIENDA,81LEAD|ContattiMirco|EmailMirco,,,Impresa Edile cristian,,,,IT,,,,,,,,,impresaedilecristian@gmail.com,,3932786634140,3932786634140,,,,,,Italia,,,,,,,,,,,,,,,,,,,,GUEST,FREE,,0,18/06/2026,FREDDO,,
SIC03756,3756,AZIENDA,81LEAD|ContattiMirco|EmailMirco,,,Impresa Edile de vincenti,,,,IT,,,,,,,,,devincentiemanuele@yahoo.it,,3934545722940,3934545722940,,,,,,Italia,,,,,,,,,,,,,,,,,,,,GUEST,FREE,,0,18/06/2026,FREDDO,,
SIC03757,3757,AZIENDA,81LEAD|ContattiMirco|EmailMirco,,,Impresa Edile di bevilacqua walter,,,,IT,,,,,,,,,segreteria@athenagroup.eu,,3904156003960,3904156003960,,,,,,Italia,,,,,,,,,,,,,,,,,,,,GUEST,FREE,,0,18/06/2026,FREDDO,,
SIC03758,3758,AZIENDA,81LEAD|ContattiMirco|EmailMirco,,,Impresa Edile di cesaretti filippo - ferrara,,,,IT,,,,,,,,,info@studiocesaretti.it,,3933552528530,3933552528530,,,,,,Italia,,,,,,,,,,,,,,,,,,,,GUEST,FREE,,0,18/06/2026,FREDDO,,
SIC03759,3759,AZIENDA,81LEAD|ContattiMirco|EmailMirco,,,Impresa Edile di costruzioni di giovanni,,,,IT,,,,,,,,,infoimpresaediledigiovanni@gmail.com,,3937141934900,3937141934900,,,,,,Italia,,,,,,,,,,,,,,,,,,,,GUEST,FREE,,0,18/06/2026,FREDDO,,
SIC03760,3760,AZIENDA,81LEAD|ContattiMirco|EmailMirco,,,Impresa Edile domi dritan,,,,IT,,,,,,,,,domidritan2@gmail.com,,3933312060320,3933312060320,,,,,,Italia,,,,,,,,,,,,,,,,,,,,GUEST,FREE,,0,18/06/2026,FREDDO,,
SIC03761,3761,AZIENDA,81LEAD|ContattiMirco|EmailMirco,,,Impresa Edile duilio gazzetta s.r.l.,,,,IT,,,,,,,,,info@duiliogazzettasrl.com,,390417219110,390417219110,,,,,,Italia,,,,,,,,,,,,,,,,,,,,GUEST,FREE,,0,18/06/2026,FREDDO,,
SIC03762,3762,AZIENDA,81LEAD|ContattiMirco|EmailMirco,,,Impresa Edile ebi,,,,IT,,,,,,,,,ristrutturazioneeb.srl@gmail.com,,3939246582040,3939246582040,,,,,,Italia,,,,,,,,,,,,,,,,,,,,GUEST,FREE,,0,18/06/2026,FREDDO,,
SIC03763,3763,AZIENDA,81LEAD|ContattiMirco|EmailMirco,,,Impresa Edile edilangeli,,,,IT,,,,,,,,,edilangeli@yahoo.it,,3934977975710,3934977975710,,,,,,Italia,,,,,,,,,,,,,,,,,,,,GUEST,FREE,,0,18/06/2026,FREDDO,,
SIC03764,3764,AZIENDA,81LEAD|ContattiMirco|EmailMirco,,,Impresa Edile eurocasa srl,,,,IT,,,,,,,,,info@giorgiobormac.com,,3905939716950,3905939716950,,,,,,Italia,,,,,,,,,,,,,,,,,,,,GUEST,FREE,,0,18/06/2026,FREDDO,,
SIC03765,3765,AZIENDA,81LEAD|ContattiMirco|EmailMirco,,,Impresa Edile euroedil di laca fred,,,,IT,,,,,,,,,lacafred@hotmail.com,,3932993780460,3932993780460,,,,,,Italia,,,,,,,,,,,,,,,,,,,,GUEST,FREE,,0,18/06/2026,FREDDO,,
SIC03766,3766,AZIENDA,81LEAD|ContattiMirco|EmailMirco,,,Impresa Edile f.lli bezzegato & c. s.n.c.,,,,IT,,,,,,,,,info@impresaedilebezzegato.com,,3933581235140,3933581235140,,,,,,Italia,,,,,,,,,,,,,,,,,,,,GUEST,FREE,,0,18/06/2026,FREDDO,,
SIC03767,3767,AZIENDA,81LEAD|ContattiMirco|EmailMirco,,,Impresa Edile f.lli lecce,,,,IT,,,,,,,,,info@impresalecce.it,,3903863900250,3903863900250,,,,,,Italia,,,,,,,,,,,,,,,,,,,,GUEST,FREE,,0,18/06/2026,FREDDO,,
SIC03768,3768,AZIENDA,81LEAD|ContattiMirco|EmailMirco,,,Impresa Edile f.lli moro s.r.l.,,,,IT,,,,,,,,,media.relations@delonghigroup.com,,3904228414750,3904228414750,,,,,,Italia,,,,,,,,,,,,,,,,,,,,GUEST,FREE,,0,18/06/2026,FREDDO,,
SIC03769,3769,AZIENDA,81LEAD|ContattiMirco|EmailMirco,,,Impresa Edile ferrari,,,,IT,,,,,,,,,ing.ferrari1954@libero.it,,390593409990,390593409990,,,,,,Italia,,,,,,,,,,,,,,,,,,,,GUEST,FREE,,0,18/06/2026,FREDDO,,
SIC03770,3770,AZIENDA,81LEAD|ContattiMirco|EmailMirco,,,Impresa Edile fontana,,,,IT,,,,,,,,,info@impresaedilefontana.com,,3933122303340,3933122303340,,,,,,Italia,,,,,,,,,,,,,,,,,,,,GUEST,FREE,,0,18/06/2026,FREDDO,,
SIC03771,3771,AZIENDA,81LEAD|ContattiMirco|EmailMirco,,,Impresa Edile francesco palmeri,,,,IT,,,,,,,,,francopalmericostruzioni@gmail.com,,39023581308190,39023581308190,,,,,,Italia,,,,,,,,,,,,,,,,,,,,GUEST,FREE,,0,18/06/2026,FREDDO,,
SIC03772,3772,AZIENDA,81LEAD|ContattiMirco|EmailMirco,,,Impresa Edile fratelli facchin snc,,,,IT,,,,,,,,,fratelli.facchin@libero.it,,393605009900,393605009900,,,,,,Italia,,,,,,,,,,,,,,,,,,,,GUEST,FREE,,0,18/06/2026,FREDDO,,
SIC03773,3773,AZIENDA,81LEAD|ContattiMirco|EmailMirco,,,Impresa Edile fratelli giuliani,,,,IT,,,,,,,,,info@giulianibau.com,,3905328924070,3905328924070,,,,,,Italia,,,,,,,,,,,,,,,,,,,,GUEST,FREE,,0,18/06/2026,FREDDO,,
SIC03774,3774,AZIENDA,81LEAD|ContattiMirco,,,"Impresa Edile fratelli turra di turra luigi, valerio snc",,,,IT,,,,,,,,,info@impresaturra.it,,3905328704880,3905328704880,,,,,,Italia,,,,,,,,,,,,,,,,,,,,GUEST,FREE,,0,18/06/2026,FREDDO,,
SIC03775,3775,AZIENDA,81LEAD|ContattiMirco|EmailMirco,,,Impresa Edile gatto di gatto vittorio,,,,IT,,,,,,,,,info@gattocostruzioni.com,,3904226330650,3904226330650,,,,,,Italia,,,,,,,,,,,,,,,,,,,,GUEST,FREE,,0,18/06/2026,FREDDO,,
SIC03776,3776,AZIENDA,81LEAD|ContattiMirco|EmailMirco,,,Impresa Edile general costruzioni,,,,IT,,,,,,,,,info@gccostruzioni.net,,3904228492460,3904228492460,,,,,,Italia,,,,,,,,,,,,,,,,,,,,GUEST,FREE,,0,18/06/2026,FREDDO,,
SIC03777,3777,AZIENDA,81LEAD|ContattiMirco|EmailMirco,,,Impresa Edile gentilin christian,,,,IT,,,,,,,,,info@gentile-costruzioni.com,,3933936873020,3933936873020,,,,,,Italia,,,,,,,,,,,,,,,,,,,,GUEST,FREE,,0,18/06/2026,FREDDO,,
SIC03778,3778,AZIENDA,81LEAD|ContattiMirco|EmailMirco,,,Impresa Edile giorgio domenicangelo,,,,IT,,,,,,,,,aregoladarte_bo@alice.it,,390517046270,390517046270,,,,,,Italia,,,,,,,,,,,,,,,,,,,,GUEST,FREE,,0,18/06/2026,FREDDO,,
SIC03779,3779,AZIENDA,81LEAD|ContattiMirco|EmailMirco,,,Impresa Edile grosso candido,,,,IT,,,,,,,,,info@grossocandido.it,,3933862783430,3933862783430,,,,,,Italia,,,,,,,,,,,,,,,,,,,,GUEST,FREE,,0,18/06/2026,FREDDO,,
SIC03780,3780,AZIENDA,81LEAD|ContattiMirco|EmailMirco,,,Impresa Edile linguerri srl,,,,IT,,,,,,,,,edile.linguerri@tiscali.it,,390518517180,390518517180,,,,,,Italia,,,,,,,,,,,,,,,,,,,,GUEST,FREE,,0,18/06/2026,FREDDO,,
SIC03781,3781,AZIENDA,81LEAD|ContattiMirco|EmailMirco,,,Impresa Edile loverre,,,,IT,,,,,,,,,loverre.salvatore@gmail.com,,3933935967680,3933935967680,,,,,,Italia,,,,,,,,,,,,,,,,,,,,GUEST,FREE,,0,18/06/2026,FREDDO,,
SIC03782,3782,AZIENDA,81LEAD|ContattiMirco|EmailMirco,,,Impresa Edile lugli giuseppe,,,,IT,,,,,,,,,info@casa39.com,,3933841404010,3933841404010,,,,,,Italia,,,,,,,,,,,,,,,,,,,,GUEST,FREE,,0,18/06/2026,FREDDO,,
SIC03783,3783,AZIENDA,81LEAD|ContattiMirco,,,Impresa Edile maccan,,,,IT,,,,,,,,,impresamaccan@libero.it,,3904346265500,3904346265500,,,,,,Italia,,,,,,,,,,,,,,,,,,,,GUEST,FREE,,0,18/06/2026,FREDDO,,
SIC03784,3784,AZIENDA,81LEAD|ContattiMirco|EmailMirco,,,Impresa Edile masiero cristian,,,,IT,,,,,,,,,info@bpriduttori.com,,390414860880,390414860880,,,,,,Italia,,,,,,,,,,,,,,,,,,,,GUEST,FREE,,0,18/06/2026,FREDDO,,
SIC03785,3785,AZIENDA,81LEAD|ContattiMirco,,,Impresa Edile masiero s.r.l.,,,,IT,,,,,,,,,atrex@atrex.it,,3904986261660,3904986261660,,,,,,Italia,,,,,,,,,,,,,,,,,,,,GUEST,FREE,,0,18/06/2026,FREDDO,,
SIC03786,3786,AZIENDA,81LEAD|ContattiMirco|EmailMirco,,,Impresa Edile masiero s.r.l.,,,,IT,,,,,,,,,info@masierogiovanni.it,,3904986261660,3904986261660,,,,,,Italia,,,,,,,,,,,,,,,,,,,,GUEST,FREE,,0,18/06/2026,FREDDO,,
SIC03787,3787,AZIENDA,81LEAD|ContattiMirco|EmailMirco,,,Impresa Edile mattiuzzo g. & g. s.n.c.,,,,IT,,,,,,,,,info@impresaedilemattiuzzo.it,,3904212213430,3904212213430,,,,,,Italia,,,,,,,,,,,,,,,,,,,,GUEST,FREE,,0,18/06/2026,FREDDO,,
SIC03788,3788,AZIENDA,81LEAD|ContattiMirco|EmailMirco,,,Impresa Edile matulli roberto,,,,IT,,,,,,,,,info@pucci.it,,390545515860,390545515860,,,,,,Italia,,,,,,,,,,,,,,,,,,,,GUEST,FREE,,0,18/06/2026,FREDDO,,
SIC03789,3789,AZIENDA,81LEAD|ContattiMirco|EmailMirco,,,Impresa Edile meli,,,,IT,,,,,,,,,edilemelisrl@gmail.com,,3905327153610,3905327153610,,,,,,Italia,,,,,,,,,,,,,,,,,,,,GUEST,FREE,,0,18/06/2026,FREDDO,,
SIC03790,3790,AZIENDA,81LEAD|ContattiMirco|EmailMirco,,,Impresa Edile michi house,,,,IT,,,,,,,,,michitumminello67@gmail.com,,3933568148800,3933568148800,,,,,,Italia,,,,,,,,,,,,,,,,,,,,GUEST,FREE,,0,18/06/2026,FREDDO,,
SIC03791,3791,AZIENDA,81LEAD|ContattiMirco|EmailMirco,,,Impresa Edile michielan,,,,IT,,,,,,,,,alaricomichielan@libero.it,,3934913435970,3934913435970,,,,,,Italia,,,,,,,,,,,,,,,,,,,,GUEST,FREE,,0,18/06/2026,FREDDO,,
SIC03792,3792,AZIENDA,81LEAD|ContattiMirco,,,Impresa Edile milazzo del geom. alex milazzo,,,,IT,,,,,,,,,alex@gmail.com,,3934851148150,3934851148150,,,,,,Italia,,,,,,,,,,,,,,,,,,,,GUEST,FREE,,0,18/06/2026,FREDDO,,
SIC03793,3793,AZIENDA,81LEAD|ContattiMirco,,,Impresa Edile mirco badalotti,,,,IT,,,,,,,,,info@mircobadalottimpresaedile.it,,3903758990320,3903758990320,,,,,,Italia,,,,,,,,,,,,,,,,,,,,GUEST,FREE,,0,18/06/2026,FREDDO,,
SIC03794,3794,AZIENDA,81LEAD|ContattiMirco|EmailMirco,,,Impresa Edile mondo costruzioni,,,,IT,,,,,,,,,info@nomesito.it,,3933915389330,3933915389330,,,,,,Italia,,,,,,,,,,,,,,,,,,,,GUEST,FREE,,0,18/06/2026,FREDDO,,
SIC03795,3795,AZIENDA,81LEAD|ContattiMirco|EmailMirco,,,Impresa Edile nico costruzioni,,,,IT,,,,,,,,,info@nicocostruzioni.it,,3905168714870,3905168714870,,,,,,Italia,,,,,,,,,,,,,,,,,,,,GUEST,FREE,,0,18/06/2026,FREDDO,,
SIC03796,3796,AZIENDA,81LEAD|ContattiMirco|EmailMirco,,,Impresa Edile nicoli giovanni & luigino s.n.c.,,,,IT,,,,,,,,,info@impresaedilenicoli.it,,3933182518390,3933182518390,,,,,,Italia,,,,,,,,,,,,,,,,,,,,GUEST,FREE,,0,18/06/2026,FREDDO,,
SIC03797,3797,AZIENDA,81LEAD|ContattiMirco|EmailMirco,,,Impresa Edile nova domus snc,,,,IT,,,,,,,,,ufficio@novadomus-snc.it,,3933568928440,3933568928440,,,,,,Italia,,,,,,,,,,,,,,,,,,,,GUEST,FREE,,0,18/06/2026,FREDDO,,
SIC03798,3798,AZIENDA,81LEAD|ContattiMirco|EmailMirco,,,Impresa Edile noventa,,,,IT,,,,,,,,,info@costruzioniedilinoventa.it,,3932915445930,3932915445930,,,,,,Italia,,,,,,,,,,,,,,,,,,,,GUEST,FREE,,0,18/06/2026,FREDDO,,
SIC03799,3799,AZIENDA,ContattiMirco|EmailMirco,,,Impresa Edile oddo paolo,,,,IT,,,,,,,,,info@impresaedileoddopaolo.it,,3933352852070,3933352852070,,,,,,Italia,,,,,,,,,,,,,,,,,,,,GUEST,FREE,,0,18/06/2026,FREDDO,,
SIC03800,3800,AZIENDA,81LEAD|ContattiMirco|EmailMirco,,,Impresa Edile omb s.r.l.,,,,IT,,,,,,,,,amministrazioneombsrl@gmail.com,,3934651188800,3934651188800,,,,,,Italia,,,,,,,,,,,,,,,,,,,,GUEST,FREE,,0,18/06/2026,FREDDO,,
SIC03801,3801,AZIENDA,81LEAD|ContattiMirco|EmailMirco,,,Impresa Edile palamin mauro srl,,,,IT,,,,,,,,,info@impresaedilepalaminmaurosrl.it,,39042118806370,39042118806370,,,,,,Italia,,,,,,,,,,,,,,,,,,,,GUEST,FREE,,0,18/06/2026,FREDDO,,
SIC03802,3802,AZIENDA,81LEAD|ContattiMirco|EmailMirco,,,Impresa Edile patrizi s.r.l.,,,,IT,,,,,,,,,info@impresaedilepatrizi.it,,3907617518280,3907617518280,,,,,,Italia,,,,,,,,,,,,,,,,,,,,GUEST,FREE,,0,18/06/2026,FREDDO,,
SIC03803,3803,AZIENDA,81LEAD|ContattiMirco|EmailMirco,,,Impresa Edile pavan di pavan silvano e roberto s.n.c.,,,,IT,,,,,,,,,info@costruzionipavan.com,,3904228071560,3904228071560,,,,,,Italia,,,,,,,,,,,,,,,,,,,,GUEST,FREE,,0,18/06/2026,FREDDO,,
SIC03804,3804,AZIENDA,81LEAD|ContattiMirco|EmailMirco,,,Impresa Edile pedocchi srl,,,,IT,,,,,,,,,info@pedocchi.it,,3904257568640,3904257568640,,,,,,Italia,,,,,,,,,,,,,,,,,,,,GUEST,FREE,,0,18/06/2026,FREDDO,,
SIC03805,3805,AZIENDA,81LEAD|ContattiMirco,,,Impresa Edile peruzzo mirco e poletto ilario s.n.c.,,,,IT,,,,,,,,,shoponline@peserico.it,,3904456056770,3904456056770,,,,,,Italia,,,,,,,,,,,,,,,,,,,,GUEST,FREE,,0,18/06/2026,FREDDO,,
SIC03806,3806,AZIENDA,81LEAD|ContattiMirco|EmailMirco,,,Impresa Edile piazza sergio di piazza geom. nicola,,,,IT,,,,,,,,,nicola@ediliziapiazza.it,,3933870020910,3933870020910,,,,,,Italia,,,,,,,,,,,,,,,,,,,,GUEST,FREE,,0,18/06/2026,FREDDO,,
SIC03807,3807,AZIENDA,81LEAD|ContattiMirco|EmailMirco,,,Impresa Edile pisconti leonardo - costruzioni e ristrutturazioni chiavi in mano,,,,IT,,,,,,,,,piscontileonardo@libero.it,,3934564449810,3934564449810,,,,,,Italia,,,,,,,,,,,,,,,,,,,,GUEST,FREE,,0,18/06/2026,FREDDO,,
SIC03808,3808,AZIENDA,81LEAD|ContattiMirco|EmailMirco,,,Impresa Edile pivato srl,,,,IT,,,,,,,,,impresapivato@libero.it,,3904234841880,3904234841880,,,,,,Italia,,,,,,,,,,,,,,,,,,,,GUEST,FREE,,0,18/06/2026,FREDDO,,
SIC03809,3809,AZIENDA,81LEAD|ContattiMirco|EmailMirco,,,Impresa Edile progetto ristrutturare geom. cipriano tufano,,,,IT,,,,,,,,,tufanocipriano@gmail.com,,3932753810670,3932753810670,,,,,,Italia,,,,,,,,,,,,,,,,,,,,GUEST,FREE,,0,18/06/2026,FREDDO,,
SIC03810,3810,AZIENDA,81LEAD|ContattiMirco|EmailMirco,,,Impresa Edile ragona rag. adriano,,,,IT,,,,,,,,,impresaedile.ragona@gmail.com,,3934021827720,3934021827720,,,,,,Italia,,,,,,,,,,,,,,,,,,,,GUEST,FREE,,0,18/06/2026,FREDDO,,
SIC03811,3811,AZIENDA,81LEAD|ContattiMirco|EmailMirco,,,Impresa Edile rampazzo aurelio s.r.l.,,,,IT,,,,,,,,,info@impresarampazzo.it,,3904154894570,3904154894570,,,,,,Italia,,,,,,,,,,,,,,,,,,,,GUEST,FREE,,0,18/06/2026,FREDDO,,
SIC03812,3812,AZIENDA,81LEAD|ContattiMirco|EmailMirco,,,Impresa Edile reggio emilia c.c.e.a. costruzioni,,,,IT,,,,,,,,,info@cceacostruzioni.it,,3905225577810,3905225577810,,,,,,Italia,,,,,,,,,,,,,,,,,,,,GUEST,FREE,,0,18/06/2026,FREDDO,,
SIC03813,3813,AZIENDA,81LEAD|ContattiMirco,,,Impresa Edile riberti roberto,,,,IT,,,,,,,,,faustinirobertoimpresa@gmail.com,,,,,,,,,Italia,,,,,,,,,,,,,,,,,,,,GUEST,FREE,,0,18/06/2026,FREDDO,,
SIC03814,3814,AZIENDA,81LEAD|ContattiMirco|EmailMirco,,,Impresa Edile rossi giuseppe,,,,IT,,,,,,,,,info@impresarossi.it,,390426230130,390426230130,,,,,,Italia,,,,,,,,,,,,,,,,,,,,GUEST,FREE,,0,18/06/2026,FREDDO,,
SIC03815,3815,AZIENDA,81LEAD|ContattiMirco|EmailMirco,,,Impresa Edile rovigo,,,,IT,,,,,,,,,info@impresaboaretto.it,,3932934068920,3932934068920,,,,,,Italia,,,,,,,,,,,,,,,,,,,,GUEST,FREE,,0,18/06/2026,FREDDO,,
SIC03816,3816,AZIENDA,81LEAD|ContattiMirco|EmailMirco,,,Impresa Edile rukolli,,,,IT,,,,,,,,,ramadanrukolli6@gmail.com,,3933966277020,3933966277020,,,,,,Italia,,,,,,,,,,,,,,,,,,,,GUEST,FREE,,0,18/06/2026,FREDDO,,
SIC03817,3817,AZIENDA,81LEAD|ContattiMirco|EmailMirco,,,Impresa Edile russo gabriele,,,,IT,,,,,,,,,geom.russogabriele@gmail.com,,3933837671870,3933837671870,,,,,,Italia,,,,,,,,,,,,,,,,,,,,GUEST,FREE,,0,18/06/2026,FREDDO,,
SIC03818,3818,AZIENDA,81LEAD|ContattiMirco|EmailMirco,,,Impresa Edile sabbion,,,,IT,,,,,,,,,info@impresaedilesabbion.it,,390497192850,390497192850,,,,,,Italia,,,,,,,,,,,,,,,,,,,,GUEST,FREE,,0,18/06/2026,FREDDO,,
SIC03819,3819,AZIENDA,81LEAD|ContattiMirco|EmailMirco,,,Impresa Edile scarato,,,,IT,,,,,,,,,impresascarato@gmail.com,,3934849045030,3934849045030,,,,,,Italia,,,,,,,,,,,,,,,,,,,,GUEST,FREE,,0,18/06/2026,FREDDO,,
SIC03820,3820,AZIENDA,81LEAD|ContattiMirco|EmailMirco,,,Impresa Edile segatto s.r.l,,,,IT,,,,,,,,,info@impresaedilesegatto.it,,3904227460460,3904227460460,,,,,,Italia,,,,,,,,,,,,,,,,,,,,GUEST,FREE,,0,18/06/2026,FREDDO,,
SIC03821,3821,AZIENDA,81LEAD|ContattiMirco|EmailMirco,,,Impresa Edile selmani,,,,IT,,,,,,,,,impresaselmani@gmail.com,,3939224909900,3939224909900,,,,,,Italia,,,,,,,,,,,,,,,,,,,,GUEST,FREE,,0,18/06/2026,FREDDO,,
SIC03822,3822,AZIENDA,81LEAD|ContattiMirco|EmailMirco,,,Impresa Edile sinigaglia daniele,,,,IT,,,,,,,,,info@edilsinigaglia.com,,3933868715000,3933868715000,,,,,,Italia,,,,,,,,,,,,,,,,,,,,GUEST,FREE,,0,18/06/2026,FREDDO,,
SIC03823,3823,AZIENDA,81LEAD|ContattiMirco|EmailMirco,,,Impresa Edile spricigo adamo e figli sas,,,,IT,,,,,,,,,impresa@edilespricigo.it,,3904223961640,3904223961640,,,,,,Italia,,,,,,,,,,,,,,,,,,,,GUEST,FREE,,0,18/06/2026,FREDDO,,
SIC03824,3824,AZIENDA,81LEAD|ContattiMirco,,,Impresa Edile stangherlin camillo e adriano s.r.l.,,,,IT,,,,,,,,,info@stangherlin.it,,3904234682500,3904234682500,,,,,,Italia,,,,,,,,,,,,,,,,,,,,GUEST,FREE,,0,18/06/2026,FREDDO,,
SIC03825,3825,AZIENDA,81LEAD|ContattiMirco,,,Impresa Edile stradale e movimento terra sciacca francesco,,,,IT,,,,,,,,,info@impresasciaccafrancesco.it,,3932840039350,3932840039350,,,,,,Italia,,,,,,,,,,,,,,,,,,,,GUEST,FREE,,0,18/06/2026,FREDDO,,
SIC03826,3826,AZIENDA,81LEAD|ContattiMirco|EmailMirco,,,Impresa Edile stradale ghedin di ghedin umberto & figlio,,,,IT,,,,,,,,,investor.relations@delonghigroup.com,,390422972850,390422972850,,,,,,Italia,,,,,,,,,,,,,,,,,,,,GUEST,FREE,,0,18/06/2026,FREDDO,,
SIC03827,3827,AZIENDA,81LEAD|ContattiMirco|EmailMirco,,,Impresa Edile tasselli,,,,IT,,,,,,,,,info@impresatasselli.it,,390545259420,390545259420,,,,,,Italia,,,,,,,,,,,,,,,,,,,,GUEST,FREE,,0,18/06/2026,FREDDO,,
SIC03828,3828,AZIENDA,81LEAD|ContattiMirco|EmailMirco,,,Impresa Edile tecnocostruzioni,,,,IT,,,,,,,,,tecnocostruzionivozza@gmail.com,,3933827813330,3933827813330,,,,,,Italia,,,,,,,,,,,,,,,,,,,,GUEST,FREE,,0,18/06/2026,FREDDO,,
SIC03829,3829,AZIENDA,81LEAD|ContattiMirco|EmailMirco,,,Impresa Edile tessaro remo,,,,IT,,,,,,,,,info@impresatessaro.com,,390496310310,390496310310,,,,,,Italia,,,,,,,,,,,,,,,,,,,,GUEST,FREE,,0,18/06/2026,FREDDO,,
SIC03830,3830,AZIENDA,81LEAD|ContattiMirco|EmailMirco,,,Impresa Edile tomanin,,,,IT,,,,,,,,,giuliotomanin975@gmail.com,,3932868911190,3932868911190,,,,,,Italia,,,,,,,,,,,,,,,,,,,,GUEST,FREE,,0,18/06/2026,FREDDO,,
SIC03831,3831,AZIENDA,81LEAD|ContattiMirco|EmailMirco,,,Impresa Edile tosatto di verghi tosatto,,,,IT,,,,,,,,,immobiliare.rebecca@tosatto.it,,3904157801280,3904157801280,,,,,,Italia,,,,,,,,,,,,,,,,,,,,GUEST,FREE,,0,18/06/2026,FREDDO,,
SIC03832,3832,AZIENDA,81LEAD|ContattiMirco|EmailMirco,,,Impresa Edile tosatto paolo,,,,IT,,,,,,,,,webmaster@tosatto.it,,3933952738430,3933952738430,,,,,,Italia,,,,,,,,,,,,,,,,,,,,GUEST,FREE,,0,18/06/2026,FREDDO,,
SIC03833,3833,AZIENDA,81LEAD|ContattiMirco|EmailMirco,,,Impresa Edile tre n.p.,,,,IT,,,,,,,,,impresaediletrenp@gmail.com,,3934892895910,3934892895910,,,,,,Italia,,,,,,,,,,,,,,,,,,,,GUEST,FREE,,0,18/06/2026,FREDDO,,
SIC03834,3834,AZIENDA,81LEAD|ContattiMirco|EmailMirco,,,Impresa Edile viterbo - gruppo eb,,,,IT,,,,,,,,,info@bruppoeb.it,,39076115768450,39076115768450,,,,,,Italia,,,,,,,,,,,,,,,,,,,,GUEST,FREE,,0,18/06/2026,FREDDO,,
SIC03835,3835,AZIENDA,81LEAD|ContattiMirco|EmailMirco,,,Impresa Edile zemolini srl,,,,IT,,,,,,,,,info@impresaedilezemolini.com,,3905324783390,3905324783390,,,,,,Italia,,,,,,,,,,,,,,,,,,,,GUEST,FREE,,0,18/06/2026,FREDDO,,
SIC03836,3836,AZIENDA,81LEAD|ContattiMirco|EmailMirco,,,Impresa Edile zorzin,,,,IT,,,,,,,,,info@impresaedilezorzin.it,,3934914171650,3934914171650,,,,,,Italia,,,,,,,,,,,,,,,,,,,,GUEST,FREE,,0,18/06/2026,FREDDO,,
SIC03837,3837,AZIENDA,81LEAD|ContattiMirco|EmailMirco|Labotecnic1|Labotecnic2,,,Impresa Ferratisrl,,,,IT,,,,,,,,,impresa.ferratisrl@gmail.com,,,,,,,,,Italia,,,,,,,,,,,,,,,,,,,,GUEST,FREE,,0,18/06/2026,FREDDO,,
SIC03838,3838,AZIENDA,81LEAD|EmailMirco,,,Impresa Giorgio Fontana,,,,IT,,,,,,,,,info@costruzioniedilifontana.it,,3903323340120,3903323340120,,,,,,Italia,,,,,,,,,,,,,,,,,,,,GUEST,FREE,,0,18/06/2026,FREDDO,,
SIC03839,3839,AZIENDA,81LEAD|ContattiMirco|EmailMirco,,,Impresa Moretti srl,,,,IT,,,,,,,,,info@impresamoretti.it,,3905327201500,3905327201500,,,,,,Italia,,,,,,,,,,,,,,,,,,,,GUEST,FREE,,0,18/06/2026,FREDDO,,
SIC03840,3840,AZIENDA,81LEAD|ContattiMirco|EmailMirco,,,Impresa Naso,,,,IT,,,,,,,,,vito@impresanaso.it,,3933347336230,3933347336230,,,,,,Italia,,,,,,,,,,,,,,,,,,,,GUEST,FREE,,0,18/06/2026,FREDDO,,
SIC03841,3841,AZIENDA,81LEAD|EmailMirco,,,Impresa Pasqual Zemiro Srl,,,,IT,,,,,,,,,info@pasqualzemirosrl.it,,3904154700170,3904154700170,,,,,,Italia,,,,,,,,,,,,,,,,,,,,GUEST,FREE,,0,18/06/2026,FREDDO,,
SIC03842,3842,AZIENDA,81LEAD|EmailMirco,,,Impresa edile Leghi Luigi srl,,,,IT,,,,,,,,,leghiluigi@gmail.com,,3903507819400,3903507819400,,,,,,Italia,,,,,,,,,,,,,,,,,,,,GUEST,FREE,,0,18/06/2026,FREDDO,,
SIC03843,3843,AZIENDA,81LEAD|EmailMirco,,,Impresa edile Tecnicaedilizia di Cherubini Michele,,,,IT,,,,,,,,,tecnicaedilizia@tecnicaedilizia.it,,3904586219960,3904586219960,,,,,,Italia,,,,,,,,,,,,,,,,,,,,GUEST,FREE,,0,18/06/2026,FREDDO,,
SIC03844,3844,AZIENDA,81LEAD|ContattiMirco|EmailMirco,,,Impresa lavori marittimi ancona - i.l.m.a.,,,,IT,,,,,,,,,info@ilmaoffshore.it,,390712019080,390712019080,,,,,,Italia,,,,,,,,,,,,,,,,,,,,GUEST,FREE,,0,18/06/2026,FREDDO,,
SIC03845,3845,AZIENDA,81LEAD|ContattiMirco|EmailMirco|Labotecnic1|Labotecnic2,,,Impresacogipa,,,,IT,,,,,,,,,impresacogipa@gmail.com,,,,,,,,,Italia,,,,,,,,,,,,,,,,,,,,GUEST,FREE,,0,18/06/2026,FREDDO,,
SIC03846,3846,AZIENDA,81LEAD|ContattiMirco|EmailMirco|Labotecnic1|Labotecnic2,,,Impresaguerra,,,,IT,,,,,,,,,impresaguerra@virgilio.it,,,,,,,,,Italia,,,,,,,,,,,,,,,,,,,,GUEST,FREE,,0,18/06/2026,FREDDO,,
SIC03847,3847,AZIENDA,81LEAD|ContattiMirco|EmailMirco,,,Imprese Edili baricella impresa edile barletta angelo antonio,,,,IT,,,,,,,,,redazione@pritalia.it,,390518791830,390518791830,,,,,,Italia,,,,,,,,,,,,,,,,,,,,GUEST,FREE,,0,18/06/2026,FREDDO,,
SIC03848,3848,AZIENDA,81LEAD|EmailMirco,,,In Quota Srls,,,,IT,,,,,,,,,quotasrls@gmail.com,,398000339950,398000339950,,,,,,Italia,,,,,,,,,,,,,,,,,,,,GUEST,FREE,,0,18/06/2026,FREDDO,,
SIC03849,3849,AZIENDA,81LEAD|ContattiMirco|EmailMirco,,,Info Group,,,,IT,,,,,,,,,info@tec-group.net,,,,,,,,,Italia,,,,,,,,,,,,,,,,,,,,GUEST,FREE,,0,18/06/2026,FREDDO,,
SIC03850,3850,AZIENDA,81LEAD|ContattiMirco|EmailMirco|Labotecnic1|Labotecnic2,,,Infoboxsrls,,,,IT,,,,,,,,,infoboxsrls@gmail.com,,,,,,,,,Italia,,,,,,,,,,,,,,,,,,,,GUEST,FREE,,0,18/06/2026,FREDDO,,
SIC03851,3851,AZIENDA,81LEAD|ContattiMirco|EmailMirco|Labotecnic1|Labotecnic2,,,Infostudio,,,,IT,,,,,,,,,infostudio.cb@gmail.com,,,,,,,,,Italia,,,,,,,,,,,,,,,,,,,,GUEST,FREE,,0,18/06/2026,FREDDO,,
SIC03852,3852,AZIENDA,81LEAD|ContattiMirco,,,Ing. Antonino campo & c. costruzioni e impianti snc,,,,IT,,,,,,,,,prenotazioni@villamargherita.it,,3909239215010,3909239215010,,,,,,Italia,,,,,,,,,,,,,,,,,,,,GUEST,FREE,,0,18/06/2026,FREDDO,,
SIC03853,3853,AZIENDA,81LEAD|ContattiMirco|EmailMirco|Labotecnic1|Labotecnic2,,,Ing. Rinaldi APE,,,,IT,,,,,,,,,certienergia@gmail.com,,349245819200,349245819200,,,,,,Italia,,,,,,,,,,,,,,,,,,,,GUEST,FREE,,0,18/06/2026,FREDDO,,
SIC03854,3854,AZIENDA,81LEAD|EmailMirco,,,Ing.G. Lombardi E C. Costruzioni Edilizie Srl,,,,IT,,,,,,,,,ufficiotecnico@inglombardi.com,,3908158485760,3908158485760,,,,,,Italia,,,,,,,,,,,,,,,,,,,,GUEST,FREE,,0,18/06/2026,FREDDO,,
SIC03855,3855,AZIENDA,81LEAD|EmailMirco,,,Innamorati Edilizia SpA,,,,IT,,,,,,,,,webserver@staff.aruba.it,,390862028910,390862028910,,,,,,Italia,,,,,,,,,,,,,,,,,,,,GUEST,FREE,,0,18/06/2026,FREDDO,,
SIC03856,3856,AZIENDA,81LEAD|EmailMirco,,,Intersonda S.r.l.,,,,IT,,,,,,,,,ufficiocommerciale@intersonda.it,,3905836446460,3905836446460,,,,,,Italia,,,,,,,,,,,,,,,,,,,,GUEST,FREE,,0,18/06/2026,FREDDO,,
SIC03857,3857,AZIENDA,81LEAD|ContattiMirco|EmailMirco,,,Intesa Verde s.r.l.,,,,IT,,,,,,,,,info@verdeintesa.it,,3933130165460,3933130165460,,,,,,Italia,,,,,,,,,,,,,,,,,,,,GUEST,FREE,,0,18/06/2026,FREDDO,,
SIC03858,3858,AZIENDA,81LEAD|ContattiMirco|EmailMirco|Labotecnic1|Labotecnic2,,,Isaqsrl,,,,IT,,,,,,,,,isaqsrl@gmail.com,,,,,,,,,Italia,,,,,,,,,,,,,,,,,,,,GUEST,FREE,,0,18/06/2026,FREDDO,,
SIC03859,3859,AZIENDA,81LEAD|EmailMirco,,,Isof Srl Impresa Costruzioni,,,,IT,,,,,,,,,impresaisof@gmail.com,,3907046380870,3907046380870,,,,,,Italia,,,,,,,,,,,,,,,,,,,,GUEST,FREE,,0,18/06/2026,FREDDO,,
SIC03860,3860,AZIENDA,81LEAD|EmailMirco,,,Italia Costruzioni Impianti srls,,,,IT,,,,,,,,,italiacostruzionimpiantisrls@gmail.com,,3932761628190,3932761628190,,,,,,Italia,,,,,,,,,,,,,,,,,,,,GUEST,FREE,,0,18/06/2026,FREDDO,,
SIC03861,3861,AZIENDA,ClientiFatt1|ClientiFatt2|81LEAD|ContattiMirco|EmailMirco|Labotecnic1|Labotecnic2,,,KRISTIAN PIVA,,,,IT,PVIKST79D06A059D,13263802900,0000000,,,,,,kristianpiva@libero.it,,,,,,,,,Italia,,,,,Frazione Cà Cappello 17,45014,Porto Viro,RO,,,,,,,,,,,,GUEST,FREE,,0,18/06/2026,FREDDO,,
SIC03862,3862,AZIENDA,81LEAD|EmailMirco,,,Karrozzeria Vergone S.r.l.,,,,IT,,,,,,,,,info@carrozzeriavergone.com,,3909317506110,3909317506110,,,,,,Italia,,,,,,,,,,,,,,,,,,,,GUEST,FREE,,0,18/06/2026,FREDDO,,
SIC03863,3863,AZIENDA,ClientiFatt1|ClientiFatt2|81LEAD|ContattiMirco|EmailMirco|Labotecnic1|Labotecnic2,,,"L' Essenziale S.a.s. 
di Ferrari Monica & C.",,,,IT,03922700277,39227002770,UNI0W8G,,,,,,michela.pozzato@yahoo.it,,3934066641990,3934066641990,,,,,,Italia,,,,,Via Carabella 94,45010,Rosolina,RO,,,,,,,,,,,,GUEST,FREE,,0,18/06/2026,FREDDO,,
SIC03864,3864,AZIENDA,ClientiFatt1|ClientiFatt2|81LEAD|ContattiMirco|EmailMirco|Labotecnic1|Labotecnic2,,,L'ANGOLO DEL GUSTO DI MARZOLA SILVIA,,,,IT,MRZSLV83R48C638L,41202002760,0000000,,,,,,silviamarzola@libero.it,,,,,,,,,Italia,,,,,Via Vecchia Romea 221,30015,Chioggia,VE,,,,,,,,,,,,GUEST,FREE,,0,18/06/2026,FREDDO,,
SIC03865,3865,AZIENDA,81LEAD|EmailMirco,,,L'Arte di Abitare - Agenzia di Oriago di Mira,,,,IT,,,,,,,,,spinea@artediabitare.it,,390414724230,390414724230,,,,,,Italia,,,,,,,,,,,,,,,,,,,,GUEST,FREE,,0,18/06/2026,FREDDO,,
SIC03866,3866,AZIENDA,81LEAD|EmailMirco,,,L'Immobile Costruzioni Srl,,,,IT,,,,,,,,,info@limmobilecostruzioni.it,,3902914478800,3902914478800,,,,,,Italia,,,,,,,,,,,,,,,,,,,,GUEST,FREE,,0,18/06/2026,FREDDO,,
SIC03867,3867,AZIENDA,81LEAD|ContattiMirco|EmailMirco,,,L.r.a. Ristrutturazioni e costruzioni edili,,,,IT,,,,,,,,,impresaedilelra2014@gmail.com,,3937924497330,3937924497330,,,,,,Italia,,,,,,,,,,,,,,,,,,,,GUEST,FREE,,0,18/06/2026,FREDDO,,
SIC03868,3868,AZIENDA,ClientiFatt1|ClientiFatt2|81LEAD|ContattiMirco|EmailMirco|Labotecnic1|Labotecnic2,,,LA MELA Società Cooperativa,,,,IT,01458510292,14585102920,M5UXCR1,,,,,,info@lamelacoop.it,,,,,,,,,Italia,,,,,Via Roma 283,45015,Corbola,RO,,,,,,,,,,,,GUEST,FREE,,0,18/06/2026,FREDDO,,
SIC03869,3869,AZIENDA,81LEAD|ContattiMirco|EmailMirco,,,LABO+ Studio,,,,IT,,,,,,,,,labotecnicstudio@outlook.it,,347862647600,347862647600,,,,,,Italia,,,,,,,,,,,,,,,,,,,,GUEST,FREE,,0,18/06/2026,FREDDO,,
SIC03870,3870,AZIENDA,81LEAD|ContattiMirco|EmailMirco|Labotecnic1|Labotecnic2,,,LABO+ Studio,,,,IT,,,,,,,,,labomobile.lm@gmail.com,,3933896893380,3933896893380,,,,,,Italia,,,,,,,,,,,,,,,,,,,,GUEST,FREE,,0,18/06/2026,FREDDO,,
SIC03871,3871,AZIENDA,ClientiFatt1|ClientiFatt2|81LEAD|ContattiMirco|EmailMirco|Labotecnic1|Labotecnic2,,,"LAVORI EDILI SAS DI PULLARA
FILIPPO & C.",,,,IT,01575170293,15751702930,W7YVJK9,,,,,,pullara.filippo@libero.it,,3934753576170,3934753576170,,,,,,Italia,,,,,Via Mazzini 131/B,45014,Porto Viro,RO,,,,,,,,,,,,GUEST,FREE,,0,18/06/2026,FREDDO,,
SIC03872,3872,AZIENDA,ClientiFatt1|ClientiFatt2|81LEAD|ContattiMirco|EmailMirco,,,LAZZARIN COSTRUZIONI S.R.L.,,,,IT,01464030293,14640302930,5RUO82D,,,,,,paolo_lazzarin@libero.it,lazzarincostruzioni@legalmail.it,39347732164600,39347732164600,,,,,,Italia,,,,,VIA BASSAFONDA 68,45010,ROSOLINA,RO,,,,,,,,,,,,GUEST,FREE,,0,18/06/2026,FREDDO,,
SIC03873,3873,AZIENDA,81LEAD|ContattiMirco|EmailMirco|Labotecnic1|Labotecnic2,,,Lacasasulfiumebosa,,,,IT,,,,,,,,,lacasasulfiumebosa@gmail.com,,,,,,,,,Italia,,,,,,,,,,,,,,,,,,,,GUEST,FREE,,0,18/06/2026,FREDDO,,
SIC03874,3874,AZIENDA,81LEAD|ContattiMirco|EmailMirco,,,Lamelacoop Rimini,,,,IT,,,,,,,,,lamelacoop@icloud.com,,39371466387100,39371466387100,,,,,,Italia,,,,,,,,,,,,,,,,,,,,GUEST,FREE,,0,18/06/2026,FREDDO,,
SIC03875,3875,AZIENDA,81LEAD|EmailMirco,,,Latini Group Italia Srl,,,,IT,,,,,,,,,orjon.nallbati@onlawoffice.com,,3906863560600,3906863560600,,,,,,Italia,,,,,,,,,,,,,,,,,,,,GUEST,FREE,,0,18/06/2026,FREDDO,,
SIC03876,3876,AZIENDA,81LEAD|EmailMirco,,,Lattoneria Favaretto Di Favaretto Mattia,,,,IT,,,,,,,,,lattoneriafavaretto@gmail.com,,3933553234980,3933553234980,,,,,,Italia,,,,,,,,,,,,,,,,,,,,GUEST,FREE,,0,18/06/2026,FREDDO,,
SIC03877,3877,AZIENDA,81LEAD|ContattiMirco|EmailMirco,,,Lavori E costruzioni s.r.l.,,,,IT,,,,,,,,,info@lavoriecostruzioni.it,,390924266990,390924266990,,,,,,Italia,,,,,,,,,,,,,,,,,,,,GUEST,FREE,,0,18/06/2026,FREDDO,,
SIC03878,3878,AZIENDA,81LEAD|ContattiMirco|EmailMirco,,,Lavori Edili a bologna | gs ristrutturazioni,,,,IT,,,,,,,,,info@fashion-web.it,,3934827237740,3934827237740,,,,,,Italia,,,,,,,,,,,,,,,,,,,,GUEST,FREE,,0,18/06/2026,FREDDO,,
SIC03879,3879,AZIENDA,81LEAD|ContattiMirco|EmailMirco|Labotecnic1|Labotecnic2,,,Lavoricontoterzi,,,,IT,,,,,,,,,lavoricontoterzi@libero.it,,,,,,,,,Italia,,,,,,,,,,,,,,,,,,,,GUEST,FREE,,0,18/06/2026,FREDDO,,
SIC03880,3880,AZIENDA,81LEAD|EmailMirco,,,Lci Isolanti Termici - Coibentazioni,,,,IT,,,,,,,,,info@lci.it,,3904156308580,3904156308580,,,,,,Italia,,,,,,,,,,,,,,,,,,,,GUEST,FREE,,0,18/06/2026,FREDDO,,
SIC03881,3881,AZIENDA,81LEAD|ContattiMirco|EmailMirco,,,Le.il. Costruzioni s.r.l.,,,,IT,,,,,,,,,info@leilgroup.it,,3909187814380,3909187814380,,,,,,Italia,,,,,,,,,,,,,,,,,,,,GUEST,FREE,,0,18/06/2026,FREDDO,,
SIC03882,3882,AZIENDA,81LEAD|EmailMirco,,,Lemmi & C. Sede di Pistoia,,,,IT,,,,,,,,,info@dittalemmi.com,,39057317947240,39057317947240,,,,,,Italia,,,,,,,,,,,,,,,,,,,,GUEST,FREE,,0,18/06/2026,FREDDO,,
SIC03883,3883,AZIENDA,81LEAD|EmailMirco,,,Leofer di Leonardi Salvatore - Lavorazioni in ferro | Paesi Etnei | Catania,,,,IT,,,,,,,,,info.leofer@gmail.com,,3934072455800,3934072455800,,,,,,Italia,,,,,,,,,,,,,,,,,,,,GUEST,FREE,,0,18/06/2026,FREDDO,,
SIC03884,3884,AZIENDA,81LEAD|EmailMirco,,,Lessinia Costruzioni Srl,,,,IT,,,,,,,,,lessiniacostruzioni@gmail.com,,3904565003210,3904565003210,,,,,,Italia,,,,,,,,,,,,,,,,,,,,GUEST,FREE,,0,18/06/2026,FREDDO,,
SIC03885,3885,AZIENDA,81LEAD|ContattiMirco|EmailMirco,,,Lg edilizia srl,,,,IT,,,,,,,,,lgripasrl@gmail.com,,390735972300,390735972300,,,,,,Italia,,,,,,,,,,,,,,,,,,,,GUEST,FREE,,0,18/06/2026,FREDDO,,
SIC03886,3886,AZIENDA,81LEAD|ContattiMirco|EmailMirco|Labotecnic1|Labotecnic2,,,Lgfservizi,,,,IT,,,,,,,,,lgfservizi@gmail.com,,,,,,,,,Italia,,,,,,,,,,,,,,,,,,,,GUEST,FREE,,0,18/06/2026,FREDDO,,
SIC03887,3887,AZIENDA,81LEAD|ContattiMirco|EmailMirco|Labotecnic1|Labotecnic2,,,Lis Srl,,,,IT,,,,,,,,,info.lis.srl@gmail.com,,,,,,,,,Italia,,,,,,,,,,,,,,,,,,,,GUEST,FREE,,0,18/06/2026,FREDDO,,
SIC03888,3888,AZIENDA,81LEAD|EmailMirco,,,Lombardi Franco Srl,,,,IT,,,,,,,,,info@segheria-lombardi.it,,3904656211590,3904656211590,,,,,,Italia,,,,,,,,,,,,,,,,,,,,GUEST,FREE,,0,18/06/2026,FREDDO,,
SIC03889,3889,AZIENDA,81LEAD|ContattiMirco|EmailMirco,,,Lomonacostruzioni Srl,,,,IT,,,,,,,,,info@lomonacostruzioni.com,,3933921493170,3933921493170,,,,,,Italia,,,,,,,,,,,,,,,,,,,,GUEST,FREE,,0,18/06/2026,FREDDO,,
SIC03890,3890,AZIENDA,81LEAD|ContattiMirco|EmailMirco,,,Longhin Costruzioni edili s.r.l.,,,,IT,,,,,,,,,info@longhincostruzioniedili.it,,3933570345960,3933570345960,,,,,,Italia,,,,,,,,,,,,,,,,,,,,GUEST,FREE,,0,18/06/2026,FREDDO,,
SIC03891,3891,AZIENDA,81LEAD|ContattiMirco|EmailMirco|Labotecnic1|Labotecnic2,,,Lorella Studiogs,,,,IT,,,,,,,,,lorella.studiogs@gmail.com,,,,,,,,,Italia,,,,,,,,,,,,,,,,,,,,GUEST,FREE,,0,18/06/2026,FREDDO,,
SIC03892,3892,AZIENDA,81LEAD|ContattiMirco|EmailMirco,,,Lorena Srl,,,,IT,,,,,,,,,amministrazione@benazzosrl.it,,,,,,,,,Italia,,,,,,,,,,,,,,,,,,,,GUEST,FREE,,0,18/06/2026,FREDDO,,
SIC03893,3893,AZIENDA,81LEAD|EmailMirco,,,Lovato Giuseppe Srl,,,,IT,,,,,,,,,preventivi@lovatolegnami.it,,3904583479770,3904583479770,,,,,,Italia,,,,,,,,,,,,,,,,,,,,GUEST,FREE,,0,18/06/2026,FREDDO,,
SIC03894,3894,AZIENDA,81LEAD|ContattiMirco|EmailMirco,,,Luca Ravaioli impresa edile ravenna,,,,IT,,,,,,,,,nome@email.it,,3932808785720,3932808785720,,,,,,Italia,,,,,,,,,,,,,,,,,,,,GUEST,FREE,,0,18/06/2026,FREDDO,,
SIC03895,3895,AZIENDA,81LEAD|EmailMirco,,,Luccasfalti - sede e magazzino,,,,IT,,,,,,,,,info@luccasfalti.it,,3934074375390,3934074375390,,,,,,Italia,,,,,,,,,,,,,,,,,,,,GUEST,FREE,,0,18/06/2026,FREDDO,,
SIC03896,3896,AZIENDA,81LEAD|ContattiMirco|EmailMirco|Labotecnic1|Labotecnic2,,,Lucio Tessarin SERVICE,,,,IT,,,,,,,,,info@sldservice.it,,3932873740190,3932873740190,,,,,,Italia,,,,,,,,,,,,,,,,,,,,GUEST,FREE,,0,18/06/2026,FREDDO,,
SIC03897,3897,AZIENDA,81LEAD|ContattiMirco|EmailMirco|Labotecnic1|Labotecnic2,,,Luisas21,,,,IT,,,,,,,,,luisas21@hotmail.it,,3938943600410,3938943600410,,,,,,Italia,,,,,,,,,,,,,,,,,,,,GUEST,FREE,,0,18/06/2026,FREDDO,,
SIC03898,3898,AZIENDA,81LEAD,,,M.D. Costruzioni S.R.L.,,,,IT,,,,,,,,,m.d.costruzionisrls@legalmail.it,,3939200444150,3939200444150,,,,,,Italia,,,,,,,,,,,,,,,,,,,,GUEST,FREE,,0,18/06/2026,FREDDO,,
SIC03899,3899,AZIENDA,81LEAD|ContattiMirco|EmailMirco,,,M.g. Costruzioni s.r.l.,,,,IT,,,,,,,,,info@mggcostruzioni.com,,,,,,,,,Italia,,,,,,,,,,,,,,,,,,,,GUEST,FREE,,0,18/06/2026,FREDDO,,
SIC03900,3900,AZIENDA,81LEAD|EmailMirco,,,MA.C. S.r.l,,,,IT,,,,,,,,,privacy@mac-edilizia.it,,3907552809280,3907552809280,,,,,,Italia,,,,,,,,,,,,,,,,,,,,GUEST,FREE,,0,18/06/2026,FREDDO,,
SIC03901,3901,AZIENDA,81LEAD|EmailMirco,,,MA.GHI Impresa Edile di Geom. Matteo Ghirardi - Ristrutturazione Appartamenti a Bergamo e Milano,,,,IT,,,,,,,,,info@impresamaghi.it,,3934294870190,3934294870190,,,,,,Italia,,,,,,,,,,,,,,,,,,,,GUEST,FREE,,0,18/06/2026,FREDDO,,
SIC03902,3902,AZIENDA,81LEAD|ContattiMirco|EmailMirco,,,MABO Group,,,,IT,,,,,,,,,info@mabogroup.it,,,,,,,,,Italia,,,,,,,,,,,,,,,,,,,,GUEST,FREE,,0,18/06/2026,FREDDO,,
SIC03903,3903,AZIENDA,ClientiFatt1|ClientiFatt2|81LEAD|ContattiMirco|EmailMirco|Labotecnic1|Labotecnic2,,,MANTOVAN MATTIA,,,,IT,MNTMTT81B16C967Q,14233002900,M5UXCR1,,,,,,decor.mm@virgilio.it,,,,,,,,,Italia,,,,,Via Fiume 79/C,45014,Porto Viro,RO,,,,,,,,,,,,GUEST,FREE,,0,18/06/2026,FREDDO,,
SIC03904,3904,AZIENDA,ClientiFatt1|ClientiFatt2|81LEAD|ContattiMirco|EmailMirco,,,MANTOVANI LEONZIO & FIGLI S.R.L.,,,,IT,01213280298,12132802980,W7YVJK9,,,,,,info@mantovanitrasporti.it,mantovanitrasporti@pec.it,,,,,,,,Italia,,,,,"VIA PO VECCHIO, 21/B",45014,PORTO VIRO,RO,,,,,,,,,,,,GUEST,FREE,,0,18/06/2026,FREDDO,,
SIC03905,3905,AZIENDA,ClientiFatt1|ClientiFatt2|81LEAD|ContattiMirco|EmailMirco,,,MASIERO MATTIA COSTRUZIONI S.r.l.,,,,IT,04215070279,42150702790,SA0PL6Q,,,,,,amministrazionemasierosrl@gmail.com,,,,,,,,,Italia,,,,,Via Val di Rose 49,30015,Chioggia,VE,,,,,,,,,,,,GUEST,FREE,,0,18/06/2026,FREDDO,,
SIC03906,3906,AZIENDA,ClientiFatt1|ClientiFatt2,,,MF IMPRESA EDILE SRLS,,,,IT,01552370296,15523702960,X2PH38J,,,,,,mfimpresaedile@pec.it,,,,,,,,,Italia,,,,,Via Carabella 67,45010,Rosolina,RO,,,,,,,,,,,,GUEST,FREE,,0,18/06/2026,FREDDO,,
SIC03907,3907,AZIENDA,81LEAD|EmailMirco,,,MGR Costruzioni Edili,,,,IT,,,,,,,,,mgrcostruzioniedili@gmail.com,,3934034692840,3934034692840,,,,,,Italia,,,,,,,,,,,,,,,,,,,,GUEST,FREE,,0,18/06/2026,FREDDO,,
SIC03908,3908,AZIENDA,ClientiFatt1|ClientiFatt2|81LEAD|ContattiMirco|EmailMirco|Labotecnic1|Labotecnic2,,,MICHELON SIMON,,,,IT,MCHSMN84L11C224G,49082502870,0000000,,,,,,simonmike84@gmail.com,,,,,,,,,Italia,,,,,Via C. Battisti 8,35010,Vigodarzere,PD,,,,,,,,,,,,GUEST,FREE,,0,18/06/2026,FREDDO,,
SIC03909,3909,AZIENDA,ClientiFatt1|ClientiFatt2,,,"MILLESAPORI BANQUETING & RISTORAZIONE
DI FINOTTI ENRICO & C.",,,,IT,01187470297,11874702970,M5UXCR1,,,,,,millesapori.snc@arubapec.it,,,,,,,,,Italia,,,,,Via G. Minzoni 21,45014,Porto Viro,RO,,,,,,,,,,,,GUEST,FREE,,0,18/06/2026,FREDDO,,
SIC03910,3910,AZIENDA,ClientiFatt1|ClientiFatt2,,,MODENA MICHELA LAVORAZIONE MATERIE PLASTICHE,,,,IT,MDNMHL74P59G693M,52176602800,P62QHVQ,,,,,,michelamodena@pec.it,,,,,,,,,Italia,,,,,Via Vittorio Veneto 111/A,35028,Piove di Sacco,PD,,,,,,,,,,,,GUEST,FREE,,0,18/06/2026,FREDDO,,
SIC03911,3911,AZIENDA,81LEAD|EmailMirco,,,MQ COSTRUZIONI GENERALI,,,,IT,,,,,,,,,utente@dominio.com,,3935172800970,3935172800970,,,,,,Italia,,,,,,,,,,,,,,,,,,,,GUEST,FREE,,0,18/06/2026,FREDDO,,
SIC03912,3912,AZIENDA,81LEAD|EmailMirco,,,MSA s.r.l.,,,,IT,,,,,,,,,info@msappalti.it,,3908175990230,3908175990230,,,,,,Italia,,,,,,,,,,,,,,,,,,,,GUEST,FREE,,0,18/06/2026,FREDDO,,
SIC03913,3913,AZIENDA,81LEAD|EmailMirco,,,Magazzini Edili Tontine Srl,,,,IT,,,,,,,,,tontine.edile@gmail.com,,3901724137910,3901724137910,,,,,,Italia,,,,,,,,,,,,,,,,,,,,GUEST,FREE,,0,18/06/2026,FREDDO,,
SIC03914,3914,AZIENDA,81LEAD|EmailMirco,,,Magnani Edilizia SRL Varese,,,,IT,,,,,,,,,magnaniedilizia@cert.postecert.it,,3903324624180,3903324624180,,,,,,Italia,,,,,,,,,,,,,,,,,,,,GUEST,FREE,,0,18/06/2026,FREDDO,,
SIC03915,3915,AZIENDA,81LEAD|ContattiMirco|EmailMirco,,,Maltese S.r.l.,,,,IT,,,,,,,,,info@maltesesrl.it,,390924264330,390924264330,,,,,,Italia,,,,,,,,,,,,,,,,,,,,GUEST,FREE,,0,18/06/2026,FREDDO,,
SIC03916,3916,AZIENDA,81LEAD|ContattiMirco|EmailMirco|Labotecnic1|Labotecnic2,,,Maqconsultsrl,,,,IT,,,,,,,,,maqconsultsrl@tiscali.it,,,,,,,,,Italia,,,,,,,,,,,,,,,,,,,,GUEST,FREE,,0,18/06/2026,FREDDO,,
SIC03917,3917,AZIENDA,EmailMirco,,,Marcorelli Srl,,,,IT,,,,,,,,,commerciale@marcorellisrl.it,,,,,,,,,Italia,,,,,,,,,,,,,,,,,,,,GUEST,FREE,,0,18/06/2026,FREDDO,,
SIC03918,3918,AZIENDA,81LEAD|EmailMirco,,,Maremmana Edilizia srl,,,,IT,,,,,,,,,maremmanaedilizia@libero.it,,3934837093910,3934837093910,,,,,,Italia,,,,,,,,,,,,,,,,,,,,GUEST,FREE,,0,18/06/2026,FREDDO,,
SIC03919,3919,AZIENDA,EmailMirco,,,Mari Sport | Costruzione impianti sportivi - Campi da tennis e paddle,,,,IT,,,,,,,,,marisportsistem@gmail.com,,,,,,,,,Italia,,,,,,,,,,,,,,,,,,,,GUEST,FREE,,0,18/06/2026,FREDDO,,
SIC03920,3920,AZIENDA,81LEAD|ContattiMirco|EmailMirco,,,Mariella Srl,,,,IT,,,,,,,,,mariella@maxilia.it,,3934063220380,3934063220380,,,,,,Italia,,,,,,,,,,,,,,,,,,,,GUEST,FREE,,0,18/06/2026,FREDDO,,
SIC03921,3921,AZIENDA,81LEAD|ContattiMirco|EmailMirco|Labotecnic1|Labotecnic2,,,Marilisascafati,,,,IT,,,,,,,,,marilisascafati@gmail.con,,,,,,,,,Italia,,,,,,,,,,,,,,,,,,,,GUEST,FREE,,0,18/06/2026,FREDDO,,
SIC03922,3922,AZIENDA,81LEAD|ContattiMirco|EmailMirco|Labotecnic1|Labotecnic2,,,Marilisascafati,,,,IT,,,,,,,,,marilisascafati@gmail.com,,,,,,,,,Italia,,,,,,,,,,,,,,,,,,,,GUEST,FREE,,0,18/06/2026,FREDDO,,
SIC03923,3923,AZIENDA,81LEAD|ContattiMirco|EmailMirco,,,Marinelli paolo & c. s.r.l. - materiali edili - ferramenta,,,,IT,,,,,,,,,info@toolmaster.it,,3907175703660,3907175703660,,,,,,Italia,,,,,,,,,,,,,,,,,,,,GUEST,FREE,,0,18/06/2026,FREDDO,,
SIC03924,3924,AZIENDA,81LEAD|ContattiMirco|EmailMirco,,,Martini Pio mario sas impresa edile di martini pio mario & c.,,,,IT,,,,,,,,,info@alifax.com,,390496045450,390496045450,,,,,,Italia,,,,,,,,,,,,,,,,,,,,GUEST,FREE,,0,18/06/2026,FREDDO,,
SIC03925,3925,AZIENDA,81LEAD|ContattiMirco|EmailMirco,,,Masi Ristrutturazioni s.r.l.,,,,IT,,,,,,,,,info@masiristrutturazioni.com,,3905150605920,3905150605920,,,,,,Italia,,,,,,,,,,,,,,,,,,,,GUEST,FREE,,0,18/06/2026,FREDDO,,
SIC03926,3926,AZIENDA,81LEAD|ContattiMirco|EmailMirco,,,Massimo Srl,,,,IT,,,,,,,,,massimo.baccaglini@ronconiauto.it,,3932891345220,3932891345220,,,,,,Italia,,,,,,,,,,,,,,,,,,,,GUEST,FREE,,0,18/06/2026,FREDDO,,
SIC03927,3927,AZIENDA,81LEAD|ContattiMirco|EmailMirco,,,Massimo cooperativa,,,,IT,,,,,,,,,massimo@vivoilmare.it,,3934799708990,3934799708990,,,,,,Italia,,,,,,,,,,,,,,,,,,,,GUEST,FREE,,0,18/06/2026,FREDDO,,
SIC03928,3928,AZIENDA,81LEAD|ContattiMirco|EmailMirco,,,Master Costruzioni srls,,,,IT,,,,,,,,,info@costruzionimastergroup.it,,3934914669890,3934914669890,,,,,,Italia,,,,,,,,,,,,,,,,,,,,GUEST,FREE,,0,18/06/2026,FREDDO,,
SIC03929,3929,AZIENDA,81LEAD|EmailMirco,,,Materiale per edilizia bergamo - Forniture Edili,,,,IT,,,,,,,,,info@fornitureedili.com,,390357848150,390357848150,,,,,,Italia,,,,,,,,,,,,,,,,,,,,GUEST,FREE,,0,18/06/2026,FREDDO,,
SIC03930,3930,AZIENDA,81LEAD|EmailMirco,,,Materiali edili val sabbia - Castelnuovo Carletto,,,,IT,,,,,,,,,castelnuovocarletto@virgilio.it,,3903658242040,3903658242040,,,,,,Italia,,,,,,,,,,,,,,,,,,,,GUEST,FREE,,0,18/06/2026,FREDDO,,
SIC03931,3931,AZIENDA,81LEAD|ContattiMirco|Labotecnic1|Labotecnic2,,,Maurizio Cognome email telefono id cliente backup_sicu,,,,IT,,,,,,,,,maurizio.ulano@artigianfidi.pd.it,,39348692867300,39348692867300,,,,,,Italia,,,,,,,,,,,,,,,,,,,,GUEST,FREE,,0,18/06/2026,FREDDO,,
SIC03932,3932,AZIENDA,81LEAD|ContattiMirco|EmailMirco|Labotecnic1|Labotecnic2,,,Mauro GEOM. CTU,,,,IT,,,,,,,,,mauroca@libero.it,,3933888339890,3933888339890,,,,,,Italia,,,,,,,,,,,,,,,,,,,,GUEST,FREE,,0,18/06/2026,FREDDO,,
SIC03933,3933,AZIENDA,81LEAD|EmailMirco,,,Maxam Costruzioni Srl,,,,IT,,,,,,,,,info@maxamcostruzioni.it,,390632165280,390632165280,,,,,,Italia,,,,,,,,,,,,,,,,,,,,GUEST,FREE,,0,18/06/2026,FREDDO,,
SIC03934,3934,AZIENDA,81LEAD|ContattiMirco|EmailMirco|Labotecnic1|Labotecnic2,,,Mb Srl,,,,IT,,,,,,,,,mb.srl@alice.it,,,,,,,,,Italia,,,,,,,,,,,,,,,,,,,,GUEST,FREE,,0,18/06/2026,FREDDO,,
SIC03935,3935,AZIENDA,81LEAD|ContattiMirco|EmailMirco,,,Mc coperture di chiappetti manuel,,,,IT,,,,,,,,,info@mccoperture.it,,3933478201660,3933478201660,,,,,,Italia,,,,,,,,,,,,,,,,,,,,GUEST,FREE,,0,18/06/2026,FREDDO,,
SIC03936,3936,AZIENDA,81LEAD|EmailMirco,,,McEdil S.r.l.s. Costruzioni e Impianti,,,,IT,,,,,,,,,info@mcedil.it,,3938010327370,3938010327370,,,,,,Italia,,,,,,,,,,,,,,,,,,,,GUEST,FREE,,0,18/06/2026,FREDDO,,
SIC03937,3937,AZIENDA,81LEAD|ContattiMirco|EmailMirco,,,Md Serramenti,,,,IT,,,,,,,,,md.serramenti@libero.it,,3904263225080,3904263225080,,,,,,Italia,,,,,,,,,,,,,,,,,,,,GUEST,FREE,,0,18/06/2026,FREDDO,,
SIC03938,3938,AZIENDA,81LEAD|EmailMirco,,,Mecstore - Edilfer,,,,IT,,,,,,,,,efb.mecstoreedilfer@gmail.com,,3933113337380,3933113337380,,,,,,Italia,,,,,,,,,,,,,,,,,,,,GUEST,FREE,,0,18/06/2026,FREDDO,,
SIC03939,3939,AZIENDA,81LEAD|ContattiMirco|EmailMirco,,,Mentucci aldo srl,,,,IT,,,,,,,,,info@mentuccialdo.it,,3907179211510,3907179211510,,,,,,Italia,,,,,,,,,,,,,,,,,,,,GUEST,FREE,,0,18/06/2026,FREDDO,,
SIC03940,3940,AZIENDA,81LEAD|ContattiMirco|EmailMirco,,,Mesoraca Srl| impresa edile per costruzione e ristrutturazioni di edifici residenziali e industriali| bologna| zola predosa,,,,IT,,,,,,,,,info@mesoracasrl.com,,390517536110,390517536110,,,,,,Italia,,,,,,,,,,,,,,,,,,,,GUEST,FREE,,0,18/06/2026,FREDDO,,
SIC03941,3941,AZIENDA,81LEAD|ContattiMirco|EmailMirco|Labotecnic1|Labotecnic2,,,Mf Impresaedile,,,,IT,,,,,,,,,mf.impresaedile@gmail.com,,,,,,,,,Italia,,,,,,,,,,,,,,,,,,,,GUEST,FREE,,0,18/06/2026,FREDDO,,
SIC03942,3942,AZIENDA,81LEAD|ContattiMirco|EmailMirco,,,Mgm Costruzioni s.r.l. | impresa edile a bologna,,,,IT,,,,,,,,,info@mgmcostruzioni.it,,3937556462940,3937556462940,,,,,,Italia,,,,,,,,,,,,,,,,,,,,GUEST,FREE,,0,18/06/2026,FREDDO,,
SIC03943,3943,AZIENDA,81LEAD|ContattiMirco|EmailMirco|Labotecnic1|Labotecnic2,,,Michelegasparini46,,,,IT,,,,,,,,,michelegasparini46@gmail.com,,3932930960730,3932930960730,,,,,,Italia,,,,,,,,,,,,,,,,,,,,GUEST,FREE,,0,18/06/2026,FREDDO,,
SIC03944,3944,AZIENDA,81LEAD|ContattiMirco|EmailMirco|Labotecnic1|Labotecnic2,,,Millesaporisnc Hair,,,,IT,,,,,,,,,millesaporisnc@libero.it,,3938838693510,3938838693510,,,,,,Italia,,,,,,,,,,,,,,,,,,,,GUEST,FREE,,0,18/06/2026,FREDDO,,
SIC03945,3945,AZIENDA,81LEAD|ContattiMirco,,,Mirco Gasparotto,,,,IT,,,,,,,,,mirco.gasparotto@arroweld.com,,3934827300700,3934827300700,,,,,,Italia,,,,,,,,,,,,,,,,,,,,GUEST,FREE,,0,18/06/2026,FREDDO,,
SIC03946,3946,AZIENDA,81LEAD|EmailMirco,,,Mobilia Costruzioni srl,,,,IT,,,,,,,,,mobiliacostruzionisrl@gmail.com,,3935331997500,3935331997500,,,,,,Italia,,,,,,,,,,,,,,,,,,,,GUEST,FREE,,0,18/06/2026,FREDDO,,
SIC03947,3947,AZIENDA,81LEAD|ContattiMirco|EmailMirco|Labotecnic1|Labotecnic2,,,Moduspm Edile,,,,IT,,,,,,,,,moduspm@gmail.com,,39338371638700,39338371638700,,,,,,Italia,,,,,,,,,,,,,,,,,,,,GUEST,FREE,,0,18/06/2026,FREDDO,,
SIC03948,3948,AZIENDA,81LEAD|ContattiMirco|EmailMirco,,,Molinella Costruzioni s.r.l.,,,,IT,,,,,,,,,info@molinellacostruzioni.it,,390518813500,390518813500,,,,,,Italia,,,,,,,,,,,,,,,,,,,,GUEST,FREE,,0,18/06/2026,FREDDO,,
SIC03949,3949,AZIENDA,81LEAD|ContattiMirco|Labotecnic1|Labotecnic2,,,Mon Apr 23 1973 00:00:00 gmt+0100 (central european standard time),,,,IT,,,,,,,,,23aprile73@libero.it,,,,,,,,,Italia,,,,,,,,,,,,,,,,,,,,GUEST,FREE,,0,18/06/2026,FREDDO,,
SIC03950,3950,AZIENDA,81LEAD|EmailMirco,,,Mondo Infissi | Installazione Infissi e Serramenti,,,,IT,,,,,,,,,info@mondo-infissi.it,,3901879921010,3901879921010,,,,,,Italia,,,,,,,,,,,,,,,,,,,,GUEST,FREE,,0,18/06/2026,FREDDO,,
SIC03951,3951,AZIENDA,81LEAD|EmailMirco,,,Moretti Centro Edile,,,,IT,,,,,,,,,moretticentroedile@gmail.com,,3908037437680,3908037437680,,,,,,Italia,,,,,,,,,,,,,,,,,,,,GUEST,FREE,,0,18/06/2026,FREDDO,,
SIC03952,3952,AZIENDA,81LEAD|ContattiMirco|EmailMirco|Labotecnic1|Labotecnic2,,,Moretti Sas,,,,IT,,,,,,,,,moretticostruzionisas@gmail.com,,339758789400,339758789400,,,,,,Italia,,,,,,,,,,,,,,,,,,,,GUEST,FREE,,0,18/06/2026,FREDDO,,
SIC03953,3953,AZIENDA,81LEAD|ContattiMirco|EmailMirco,,,Morigi Impresa edile,,,,IT,,,,,,,,,info@impresaedilemorigi.it,,39054418236180,39054418236180,,,,,,Italia,,,,,,,,,,,,,,,,,,,,GUEST,FREE,,0,18/06/2026,FREDDO,,
SIC03954,3954,AZIENDA,81LEAD|ContattiMirco|EmailMirco|Labotecnic1|Labotecnic2,,,Movida Design srl,,,,IT,,,,,,,,,movidadesign@gmail.com,,,,,,,,,Italia,,,,,,,,,,,,,,,,,,,,GUEST,FREE,,0,18/06/2026,FREDDO,,
SIC03955,3955,AZIENDA,81LEAD|EmailMirco,,,Movimac S.r.l.,,,,IT,,,,,,,,,info@movi-mac.it,,3908175944030,3908175944030,,,,,,Italia,,,,,,,,,,,,,,,,,,,,GUEST,FREE,,0,18/06/2026,FREDDO,,
SIC03956,3956,AZIENDA,81LEAD|ContattiMirco|EmailMirco|Labotecnic1|Labotecnic2,,,Mtelettricsnc,,,,IT,,,,,,,,,mtelettricsnc@alice.it,,3934008382940,3934008382940,,,,,,Italia,,,,,,,,,,,,,,,,,,,,GUEST,FREE,,0,18/06/2026,FREDDO,,
SIC03957,3957,AZIENDA,81LEAD|ContattiMirco|EmailMirco|Labotecnic1|Labotecnic2,,,Mtvsrl,,,,IT,,,,,,,,,mtvsrl@libero.it,,,,,,,,,Italia,,,,,,,,,,,,,,,,,,,,GUEST,FREE,,0,18/06/2026,FREDDO,,
SIC03958,3958,AZIENDA,81LEAD|ContattiMirco|EmailMirco,,,Mulinari Costruzioni generali srl,,,,IT,,,,,,,,,info@mulinaricostruzioni.it,,390545610130,390545610130,,,,,,Italia,,,,,,,,,,,,,,,,,,,,GUEST,FREE,,0,18/06/2026,FREDDO,,
SIC03959,3959,AZIENDA,81LEAD|ContattiMirco|EmailMirco,,,Multiservices Leone s.r.l.s.,,,,IT,,,,,,,,,info@multiservicesleone.com,,3933427409880,3933427409880,,,,,,Italia,,,,,,,,,,,,,,,,,,,,GUEST,FREE,,0,18/06/2026,FREDDO,,
SIC03960,3960,AZIENDA,81LEAD|EmailMirco,,,Murri - Edilizia,,,,IT,,,,,,,,,info@murri-cisam.it,,3906308107090,3906308107090,,,,,,Italia,,,,,,,,,,,,,,,,,,,,GUEST,FREE,,0,18/06/2026,FREDDO,,
SIC03961,3961,AZIENDA,81LEAD|ContattiMirco|EmailMirco,,,Mvr Artedile srl impresa edile e opere in cartongesso,,,,IT,,,,,,,,,ufficio.mvrartedile.srl@gmail.com,,3905223903110,3905223903110,,,,,,Italia,,,,,,,,,,,,,,,,,,,,GUEST,FREE,,0,18/06/2026,FREDDO,,
SIC03962,3962,AZIENDA,81LEAD|EmailMirco,,,N.T.C. Costruzioni Generali S.R.L.,,,,IT,,,,,,,,,info@ntccostruzionigenerali.com,,390708824190,390708824190,,,,,,Italia,,,,,,,,,,,,,,,,,,,,GUEST,FREE,,0,18/06/2026,FREDDO,,
SIC03963,3963,AZIENDA,ClientiFatt1|ClientiFatt2|81LEAD|ContattiMirco|EmailMirco|Labotecnic1|Labotecnic2,,,NEW STYLE GOMME S.a.s.,,,,IT,,15043102910,0000000,,,,,,newstylegommesas@gmail.com,,3934066576910,3934066576910,,,,,,Italia,,,,,Via Chieppara 15/A,45011,Adria,RO,,,,,,,,,,,,GUEST,FREE,,0,18/06/2026,FREDDO,,
SIC03964,3964,AZIENDA,ClientiFatt1|ClientiFatt2|81LEAD|ContattiMirco|EmailMirco|Labotecnic1|Labotecnic2,,,NEW STYLE GOMME S.r.l.,,,,IT,,13718502960,0000000,,,,,,newstylegomme@libero.it,,3904254754870,3904254754870,,,,,,Italia,,,,,Via M. Di Belfiore 69/T,45100,Rovigo,RO,,,,,,,,,,,,GUEST,FREE,,0,18/06/2026,FREDDO,,
SIC03965,3965,AZIENDA,ClientiFatt1|ClientiFatt2|81LEAD|ContattiMirco|EmailMirco,,,NEW-EDIL SRL,,,,IT,01563790292,15637902920,BA6ET11,,,,,,newedil_t@libero.it,,,,,,,,,Italia,,,,,Via Carabella 29/12,45010,Rosolina,RO,,,,,,,,,,,,GUEST,FREE,,0,18/06/2026,FREDDO,,
SIC03966,3966,AZIENDA,ClientiFatt1|ClientiFatt2|81LEAD|ContattiMirco|EmailMirco|Labotecnic1|Labotecnic2,,,NUOVO ABITARE VENETO S.R.L.,,,,IT,04826060263,48260602630,T04ZHR3,,,,,,nuovoabitare2.0@gmail.com,,,,,,,,,Italia,,,,,Via Piva 59/A,31049,Valdobbiadene,TV,,,,,,,,,,,,GUEST,FREE,,0,18/06/2026,FREDDO,,
SIC03967,3967,AZIENDA,81LEAD|EmailMirco,,,Nalon Srl,,,,IT,,,,,,,,,mira@nalon.it,,3904156765400,3904156765400,,,,,,Italia,,,,,,,,,,,,,,,,,,,,GUEST,FREE,,0,18/06/2026,FREDDO,,
SIC03968,3968,AZIENDA,81LEAD|ContattiMirco|EmailMirco,,,Nd Edilizia e ristrutturazioni srls,,,,IT,,,,,,,,,info@ndediliziaeristrutturazioni.it,,3934983349670,3934983349670,,,,,,Italia,,,,,,,,,,,,,,,,,,,,GUEST,FREE,,0,18/06/2026,FREDDO,,
SIC03969,3969,AZIENDA,81LEAD|ContattiMirco|EmailMirco|Labotecnic1|Labotecnic2,,,Nextimpianti2016,,,,IT,,,,,,,,,nextimpianti2016@gmail.com,,,,,,,,,Italia,,,,,,,,,,,,,,,,,,,,GUEST,FREE,,0,18/06/2026,FREDDO,,
SIC03970,3970,AZIENDA,81LEAD|ContattiMirco|Labotecnic1|Labotecnic2,,,Nome Cognome email telefono id cliente backup_sicu,,,,IT,,,,,,,,,dario.renesto@libero.it,,,,,,,,,Italia,,,,,,,,,,,,,,,,,,,,GUEST,FREE,,0,18/06/2026,FREDDO,,
SIC03971,3971,AZIENDA,81LEAD|ContattiMirco|Labotecnic1|Labotecnic2,,,Nome Cognome email telefono id cliente backup_sicu,,,,IT,,,,,,,,,michi.lazza@gmail.com,,,,,,,,,Italia,,,,,,,,,,,,,,,,,,,,GUEST,FREE,,0,18/06/2026,FREDDO,,
SIC03972,3972,AZIENDA,81LEAD|ContattiMirco|Labotecnic1|Labotecnic2,,,Nome Cognome email telefono id cliente backup_sicu,,,,IT,,,,,,,,,mari.asaro62@gmail.com,,,,,,,,,Italia,,,,,,,,,,,,,,,,,,,,GUEST,FREE,,0,18/06/2026,FREDDO,,
SIC03973,3973,AZIENDA,81LEAD|ContattiMirco|EmailMirco,,,Nome Cognome email telefono id cliente backup_sicu,,,,IT,,,,,,,,,noemi.rita@venditoreadistanza.com,,,,,,,,,Italia,,,,,,,,,,,,,,,,,,,,GUEST,FREE,,0,18/06/2026,FREDDO,,
SIC03974,3974,AZIENDA,81LEAD|ContattiMirco|Labotecnic1|Labotecnic2,,,Nome Cognome email telefono id cliente backup_sicu,,,,IT,,,,,,,,,eddittica@tin.it,,,,,,,,,Italia,,,,,,,,,,,,,,,,,,,,GUEST,FREE,,0,18/06/2026,FREDDO,,
SIC03975,3975,AZIENDA,81LEAD|ContattiMirco|Labotecnic1|Labotecnic2,,,Nome Cognome email telefono id cliente backup_sicu,,,,IT,,,,,,,,,ghelli.m@gmail.com,,,,,,,,,Italia,,,,,,,,,,,,,,,,,,,,GUEST,FREE,,0,18/06/2026,FREDDO,,
SIC03976,3976,AZIENDA,81LEAD|ContattiMirco|Labotecnic1|Labotecnic2,,,Nome Cognome email telefono id cliente backup_sicu,,,,IT,,,,,,,,,elenacaiazzo78@live.it,,3938995558470,3938995558470,,,,,,Italia,,,,,,,,,,,,,,,,,,,,GUEST,FREE,,0,18/06/2026,FREDDO,,
SIC03977,3977,AZIENDA,81LEAD|ContattiMirco|Labotecnic1|Labotecnic2,,,Nome Cognome email telefono id cliente backup_sicu,,,,IT,,,,,,,,,francalarosa@tiscali.it,,3939377643940,3939377643940,,,,,,Italia,,,,,,,,,,,,,,,,,,,,GUEST,FREE,,0,18/06/2026,FREDDO,,
SIC03978,3978,AZIENDA,81LEAD|ContattiMirco|EmailMirco,,,Nome Cognome email telefono id cliente backup_sicu,,,,IT,,,,,,,,,clavomatic@gmail.com,,3932866684660,3932866684660,,,,,,Italia,,,,,,,,,,,,,,,,,,,,GUEST,FREE,,0,18/06/2026,FREDDO,,
SIC03979,3979,AZIENDA,81LEAD|ContattiMirco|Labotecnic1|Labotecnic2,,,Nome Cognome email telefono id cliente backup_sicu,,,,IT,,,,,,,,,crivellari.f40@libero.it,,,,,,,,,Italia,,,,,,,,,,,,,,,,,,,,GUEST,FREE,,0,18/06/2026,FREDDO,,
SIC03980,3980,AZIENDA,81LEAD|ContattiMirco|Labotecnic1|Labotecnic2,,,Nome Cognome email telefono id cliente backup_sicu,,,,IT,,,,,,,,,59antonioromano@gmail.com,,3933465489330,3933465489330,,,,,,Italia,,,,,,,,,,,,,,,,,,,,GUEST,FREE,,0,18/06/2026,FREDDO,,
SIC03981,3981,AZIENDA,81LEAD|ContattiMirco|Labotecnic1|Labotecnic2,,,Nome Cognome email telefono id cliente backup_sicu,,,,IT,,,,,,,,,gestione.partecipazioni@ivgspa.it,,,,,,,,,Italia,,,,,,,,,,,,,,,,,,,,GUEST,FREE,,0,18/06/2026,FREDDO,,
SIC03982,3982,AZIENDA,81LEAD|ContattiMirco|Labotecnic1|Labotecnic2,,,Nome Cognome email telefono id cliente backup_sicu,,,,IT,,,,,,,,,bobisse@libero.it,,,,,,,,,Italia,,,,,,,,,,,,,,,,,,,,GUEST,FREE,,0,18/06/2026,FREDDO,,
SIC03983,3983,AZIENDA,81LEAD|ContattiMirco|EmailMirco,,,Nome Cognome email telefono id cliente backup_sicu,,,,IT,,,,,,,,,bitbuilding.online@gmail.com,,,,,,,,,Italia,,,,,,,,,,,,,,,,,,,,GUEST,FREE,,0,18/06/2026,FREDDO,,
SIC03984,3984,AZIENDA,81LEAD|ContattiMirco|Labotecnic1|Labotecnic2,,,Nome Cognome email telefono id cliente backup_sicu,,,,IT,,,,,,,,,alboino16@gmail.com,,,,,,,,,Italia,,,,,,,,,,,,,,,,,,,,GUEST,FREE,,0,18/06/2026,FREDDO,,
SIC03985,3985,AZIENDA,81LEAD|ContattiMirco|Labotecnic1|Labotecnic2,,,Nome Cognome email telefono id cliente backup_sicu,,,,IT,,,,,,,,,alessandra.dc78@gmail.com,,3933341521060,3933341521060,,,,,,Italia,,,,,,,,,,,,,,,,,,,,GUEST,FREE,,0,18/06/2026,FREDDO,,
SIC03986,3986,AZIENDA,81LEAD|ContattiMirco|EmailMirco,,,Nome Cognome email telefono id cliente backup_sicu,,,,IT,,,,,,,,,biglucaoffice@gmail.com,,349152010000,349152010000,,,,,,Italia,,,,,,,,,,,,,,,,,,,,GUEST,FREE,,0,18/06/2026,FREDDO,,
SIC03987,3987,AZIENDA,81LEAD|ContattiMirco|EmailMirco,,,Nome Cognome email telefono id cliente backup_sicu,,,,IT,,,,,,,,,alessiafulgheri79@gmail.com,,,,,,,,,Italia,,,,,,,,,,,,,,,,,,,,GUEST,FREE,,0,18/06/2026,FREDDO,,
SIC03988,3988,AZIENDA,81LEAD|ContattiMirco|Labotecnic1|Labotecnic2,,,Nome Cognome email telefono id cliente backup_sicu,,,,IT,,,,,,,,,bv.archh@bortolasovantini.it,,3934807179120,3934807179120,,,,,,Italia,,,,,,,,,,,,,,,,,,,,GUEST,FREE,,0,18/06/2026,FREDDO,,
SIC03989,3989,AZIENDA,81LEAD|ContattiMirco|EmailMirco,,,Nova Costruzioni,,,,IT,,,,,,,,,info@nuovacostruzionieimpianti.com,,3904213124280,3904213124280,,,,,,Italia,,,,,,,,,,,,,,,,,,,,GUEST,FREE,,0,18/06/2026,FREDDO,,
SIC03990,3990,AZIENDA,81LEAD|EmailMirco,,,Novamobili | Veneta Cucine - Fattorini Roma Centro,,,,IT,,,,,,,,,info@fattorinidesign.com,,3906681366150,3906681366150,,,,,,Italia,,,,,,,,,,,,,,,,,,,,GUEST,FREE,,0,18/06/2026,FREDDO,,
SIC03991,3991,AZIENDA,81LEAD|EmailMirco,,,Nuova Costruzioni Generali srl,,,,IT,,,,,,,,,studioaprea@newpowergreen.it,,390637001160,390637001160,,,,,,Italia,,,,,,,,,,,,,,,,,,,,GUEST,FREE,,0,18/06/2026,FREDDO,,
SIC03992,3992,AZIENDA,ClientiFatt1|ClientiFatt2|81LEAD|ContattiMirco|EmailMirco|Labotecnic1|Labotecnic2,,,Nuova Errepi S.n.c.,,,,IT,,18048003630,0000000,,,,,,info@nuovaerrepi.it,,390596713710,390596713710,,,,,,Italia,,,,,Loc. Rovereto S/S - Via Leopardi 14/16,41030,Novi di Modena,MO,,,,,,,,,,,,GUEST,FREE,,0,18/06/2026,FREDDO,,
SIC03993,3993,AZIENDA,81LEAD|EmailMirco,,,Nuova Logistica Lucianu Srl,,,,IT,,,,,,,,,ordini.penisola@lucianu.it,,3901876269270,3901876269270,,,,,,Italia,,,,,,,,,,,,,,,,,,,,GUEST,FREE,,0,18/06/2026,FREDDO,,
SIC03994,3994,AZIENDA,81LEAD|EmailMirco,,,Nuova Solai Edilpa Srl,,,,IT,,,,,,,,,info@nuovasolaiedilpa.it,,3905832994720,3905832994720,,,,,,Italia,,,,,,,,,,,,,,,,,,,,GUEST,FREE,,0,18/06/2026,FREDDO,,
SIC03995,3995,AZIENDA,81LEAD|ContattiMirco|EmailMirco,,,Nuova edilizia,,,,IT,,,,,,,,,commerciale@nuovaediliziadue.it,,3907349329580,3907349329580,,,,,,Italia,,,,,,,,,,,,,,,,,,,,GUEST,FREE,,0,18/06/2026,FREDDO,,
SIC03996,3996,AZIENDA,81LEAD|ContattiMirco|EmailMirco|Labotecnic1|Labotecnic2,,,Nuovatmsrl,,,,IT,,,,,,,,,nuovatmsrl@libero.it,,,,,,,,,Italia,,,,,,,,,,,,,,,,,,,,GUEST,FREE,,0,18/06/2026,FREDDO,,
SIC03997,3997,AZIENDA,81LEAD|EmailMirco,,,Nutini Costruzioni Srl,,,,IT,,,,,,,,,nutini@nutini-costruzioni.com,,3905837793790,3905837793790,,,,,,Italia,,,,,,,,,,,,,,,,,,,,GUEST,FREE,,0,18/06/2026,FREDDO,,
SIC03998,3998,AZIENDA,81LEAD|EmailMirco,,,ODAP - Officine di Architettura Pavese,,,,IT,,,,,,,,,info@odap.it,,3935188664060,3935188664060,,,,,,Italia,,,,,,,,,,,,,,,,,,,,GUEST,FREE,,0,18/06/2026,FREDDO,,
SIC03999,3999,AZIENDA,ClientiFatt1|ClientiFatt2|81LEAD|ContattiMirco,,,OFF STAGE SOCIETA' COOPERATIVA,,,,IT,02294070202,22940702020,M5UXCR1,,,,,,anna.andrello@gmail.com,,3933386645000,3933386645000,,,,,,Italia,,,,,"VIA PUTTINA, 11",46019,VIADANA,MN,,,,,,,,,,,,GUEST,FREE,,0,18/06/2026,FREDDO,,
SIC04000,4000,AZIENDA,81LEAD|EmailMirco,,,OMCB Srl | Meccanica di Precisione | Sede Principale e Unità Produttiva,,,,IT,,,,,,,,,info@omcb.it,,390309272780,390309272780,,,,,,Italia,,,,,,,,,,,,,,,,,,,,GUEST,FREE,,0,18/06/2026,FREDDO,,
SIC04001,4001,AZIENDA,81LEAD|EmailMirco,,,OPR di GALEONE ANGELO,,,,IT,,,,,,,,,privacy@titrovo.it,,3901877364830,3901877364830,,,,,,Italia,,,,,,,,,,,,,,,,,,,,GUEST,FREE,,0,18/06/2026,FREDDO,,
SIC04002,4002,AZIENDA,EmailMirco,,,Omar Costruzioni,,,,IT,,,,,,,,,omarcostruzioni@libero.it,,,,,,,,,Italia,,,,,,,,,,,,,,,,,,,,GUEST,FREE,,0,18/06/2026,FREDDO,,
SIC04003,4003,AZIENDA,81LEAD|ContattiMirco|EmailMirco,,,Opera Edile,,,,IT,,,,,,,,,info@operaedile.com,,3904147649380,3904147649380,,,,,,Italia,,,,,,,,,,,,,,,,,,,,GUEST,FREE,,0,18/06/2026,FREDDO,,
SIC04004,4004,AZIENDA,81LEAD|ContattiMirco|EmailMirco,,,Ottavianelli Edilizia,,,,IT,,,,,,,,,info@almaristrutturazioni.it,,3938913543620,3938913543620,,,,,,Italia,,,,,,,,,,,,,,,,,,,,GUEST,FREE,,0,18/06/2026,FREDDO,,
SIC04005,4005,AZIENDA,ClientiFatt1|ClientiFatt2|81LEAD|ContattiMirco|EmailMirco,,,P&B Srl,,,,IT,04480550278,44805502780,USAL8PV,,,,,,befedchioggia@gmail.com,,,,,,,,,Italia,,,,,Via Maestri del Lavoro 50,30015,Chioggia,VE,,,,,,,,,,,,GUEST,FREE,,0,18/06/2026,FREDDO,,
SIC04006,4006,AZIENDA,81LEAD|ContattiMirco,,,P.m.a. Di valisena | impresa edile - reggio emilia,,,,IT,,,,,,,,,pmadivalisena@libero.it,,3905223940130,3905223940130,,,,,,Italia,,,,,,,,,,,,,,,,,,,,GUEST,FREE,,0,18/06/2026,FREDDO,,
SIC04007,4007,AZIENDA,ClientiFatt1|ClientiFatt2|81LEAD|ContattiMirco|EmailMirco|Labotecnic1|Labotecnic2,,,PADANA PESCA S.R.L. UNIPERSONALE,,,,IT,,39118802700,0000000,,,,,,padanapesca@libero.it,,3904155065990,3904155065990,,,,,,Italia,,,,,Via Don Eugenio Bellemo 118,30015,Chioggia,VE,,,,,,,,,,,,GUEST,FREE,,0,18/06/2026,FREDDO,,
SIC04008,4008,AZIENDA,ClientiFatt1|ClientiFatt2|81LEAD|ContattiMirco|EmailMirco,,,PANIFICIO FINOTTI S.A.S. DI FINOTTI ANDREA & C.,,,,IT,01539510295,15395102950,USAL8PV,,,,,,panificiofinotti@gmail.com,,,,,,,,,Italia,,,,,"VIA FORNI, 24",45014,PORTO VIRO,RO,,,,,,,,,,,,GUEST,FREE,,0,18/06/2026,FREDDO,,
SIC04009,4009,AZIENDA,ClientiFatt1|ClientiFatt2|81LEAD|ContattiMirco|EmailMirco,,,PANIFICIO GIROTTI di Girotti Stefania ed Elena s.n.c.,,,,IT,01292870290,12928702900,P62QHVQ,,,,,,elenagirotti2014@libero.it,,3937142272830,3937142272830,,,,,,Italia,,,,,Via Romea 85,45019,Taglio di Po,RO,,,,,,,,,,,,GUEST,FREE,,0,18/06/2026,FREDDO,,
SIC04010,4010,AZIENDA,81LEAD,,,PERRONE GROUP SRL,,,,IT,,,,,,,,,98071preventivi@gruppoperrone.com,,,,,,,,,Italia,,,,,,,,,,,,,,,,,,,,GUEST,FREE,,0,18/06/2026,FREDDO,,
SIC04011,4011,AZIENDA,ClientiFatt1|ClientiFatt2,,,PIADINERIA DAL BAFFO DI FERRO RICCARDO,,,,IT,FRRRCR77E04A059Q,15802202990,J6URRTW,,,,,,piadineriadalbaffo@pec.it,,,,,,,,,Italia,,,,,Via Roma 3/A,45014,Porto Viro,RO,,,,,,,,,,,,GUEST,FREE,,0,18/06/2026,FREDDO,,
SIC04012,4012,AZIENDA,ClientiFatt1|ClientiFatt2|81LEAD|ContattiMirco|EmailMirco|Labotecnic1|Labotecnic2,,,"PIEMME RESTAURI SNC 
di Piron Ighlin e Munegato Marco",,,,IT,04256900277,42569002770,,,,,,,piemmerestaurisnc@gmail.com,,,,,,,,,Italia,,,,,Via Pier Paolo Pasolini 19,30010,Campolongo Maggiore,VE,,,,,,,,,,,,GUEST,FREE,,0,18/06/2026,FREDDO,,
SIC04013,4013,AZIENDA,ClientiFatt1|ClientiFatt2|81LEAD|ContattiMirco|EmailMirco,,,PL POSE E SERVIZI SRLS,,,,IT,01564610291,15646102910,PL.poseeservizi@pec.it,,,,,,paololapavimenti@alice.it,,3934817578000,3934817578000,,,,,,Italia,,,,,Via Vicenza 1,45019,Taglio di Po,RO,,,,,,,,,,,,GUEST,FREE,,0,18/06/2026,FREDDO,,
SIC04014,4014,AZIENDA,81LEAD|EmailMirco,,,PRAS Tecnica Edilizia Srl,,,,IT,,,,,,,,,pras@pras.it,,390668783740,390668783740,,,,,,Italia,,,,,,,,,,,,,,,,,,,,GUEST,FREE,,0,18/06/2026,FREDDO,,
SIC04015,4015,AZIENDA,ClientiFatt1|ClientiFatt2|81LEAD|ContattiMirco|EmailMirco|Labotecnic1|Labotecnic2,,,PRO-LOCO DI SALARA,,,,IT,01257370294,12573702940,X2PH38J,,,,,,proloco.salara@alice.it,,3932996858450,3932996858450,,,,,,Italia,,,,,Via Roma 133,45030,Salara,RO,,,,,,,,,,,,GUEST,FREE,,0,18/06/2026,FREDDO,,
SIC04016,4016,AZIENDA,ClientiFatt1|ClientiFatt2|81LEAD|ContattiMirco,,,PROFILDELTA SAS DI SEGA MARIANO & C.,,,,IT,01310100290,13101002900,SU9YNJA,,,,,,profildelta@libero.it,,,,,,,,,Italia,,,,,Via Nicola Badaloni 46,45014,Porto Viro,RO,,,,,,,,,,,,GUEST,FREE,,0,18/06/2026,FREDDO,,
SIC04017,4017,AZIENDA,81LEAD|EmailMirco,,,PROGETTOB SRL,,,,IT,,,,,,,,,info.progettob@gmail.com,,390583254830,390583254830,,,,,,Italia,,,,,,,,,,,,,,,,,,,,GUEST,FREE,,0,18/06/2026,FREDDO,,
SIC04018,4018,AZIENDA,81LEAD|EmailMirco,,,Pagani Coperture - Civili e Industriali,,,,IT,,,,,,,,,info@paganicoperture.it,,390353422820,390353422820,,,,,,Italia,,,,,,,,,,,,,,,,,,,,GUEST,FREE,,0,18/06/2026,FREDDO,,
SIC04019,4019,AZIENDA,81LEAD|EmailMirco,,,Pagano Costruzioni in Legno Srl,,,,IT,,,,,,,,,contact@pagano.it,,3906506524800,3906506524800,,,,,,Italia,,,,,,,,,,,,,,,,,,,,GUEST,FREE,,0,18/06/2026,FREDDO,,
SIC04020,4020,AZIENDA,81LEAD|EmailMirco,,,Palumbo Costruzioni S.R.L.,,,,IT,,,,,,,,,info@palumbocostruzionisrl.com,,3905839550300,3905839550300,,,,,,Italia,,,,,,,,,,,,,,,,,,,,GUEST,FREE,,0,18/06/2026,FREDDO,,
SIC04021,4021,AZIENDA,ClientiFatt1|ClientiFatt2|81LEAD|ContattiMirco|EmailMirco|Labotecnic1|Labotecnic2,,,"Panificio Piva S.n.c.
di Piva Angela & C.",,,,IT,,21873302750,0000000,,,,,,giova.nello@libero.it,,,,,,,,,Italia,,,,,Via A. Vespucci 253,30015,Chioggia,VE,,,,,,,,,,,,GUEST,FREE,,0,18/06/2026,FREDDO,,
SIC04022,4022,AZIENDA,81LEAD|EmailMirco,,,Pareti Manovrabili Roma - Logicity Srl,,,,IT,,,,,,,,,info@logicity.it,,3939064857310,3939064857310,,,,,,Italia,,,,,,,,,,,,,,,,,,,,GUEST,FREE,,0,18/06/2026,FREDDO,,
SIC04023,4023,AZIENDA,81LEAD|EmailMirco,,,Parilegno di Mattoccia Dario,,,,IT,,,,,,,,,info@parilegno.it,,3906644001630,3906644001630,,,,,,Italia,,,,,,,,,,,,,,,,,,,,GUEST,FREE,,0,18/06/2026,FREDDO,,
SIC04024,4024,AZIENDA,81LEAD|ContattiMirco|EmailMirco,,,Pasqualini costruzioni,,,,IT,,,,,,,,,info@pasqualinicostruzioni.it,,3907178191620,3907178191620,,,,,,Italia,,,,,,,,,,,,,,,,,,,,GUEST,FREE,,0,18/06/2026,FREDDO,,
SIC04025,4025,AZIENDA,81LEAD|ContattiMirco|EmailMirco|Labotecnic1|Labotecnic2,,,Passarellasnc,,,,IT,,,,,,,,,passarellasnc@alice.it,,,,,,,,,Italia,,,,,,,,,,,,,,,,,,,,GUEST,FREE,,0,18/06/2026,FREDDO,,
SIC04026,4026,AZIENDA,81LEAD|ContattiMirco|EmailMirco,,,Pastrello Costruzioni di pastrello michele & c. s.n.c.,,,,IT,,,,,,,,,info@pastrellocostruzioni.it,,3932945167960,3932945167960,,,,,,Italia,,,,,,,,,,,,,,,,,,,,GUEST,FREE,,0,18/06/2026,FREDDO,,
SIC04027,4027,AZIENDA,81LEAD|ContattiMirco|EmailMirco,,,Pellegrino Giovanni costruzioni,,,,IT,,,,,,,,,info@pellegrinocostruzioni.it,,3932700783800,3932700783800,,,,,,Italia,,,,,,,,,,,,,,,,,,,,GUEST,FREE,,0,18/06/2026,FREDDO,,
SIC04028,4028,AZIENDA,81LEAD|EmailMirco,,,Penny Lift Ascensori e Montascale,,,,IT,,,,,,,,,info@pennylift.it,,390691039960,390691039960,,,,,,Italia,,,,,,,,,,,,,,,,,,,,GUEST,FREE,,0,18/06/2026,FREDDO,,
SIC04029,4029,AZIENDA,81LEAD|ContattiMirco|EmailMirco,,,Perale Edilizia srl,,,,IT,,,,,,,,,edilizia@gruppoperale.it,,390416124940,390416124940,,,,,,Italia,,,,,,,,,,,,,,,,,,,,GUEST,FREE,,0,18/06/2026,FREDDO,,
SIC04030,4030,AZIENDA,81LEAD|ContattiMirco|EmailMirco,,,Perin Impresa edile,,,,IT,,,,,,,,,perinponteggi@perinponteggi.it,,3934854174220,3934854174220,,,,,,Italia,,,,,,,,,,,,,,,,,,,,GUEST,FREE,,0,18/06/2026,FREDDO,,
SIC04031,4031,AZIENDA,81LEAD|ContattiMirco|EmailMirco|Labotecnic1|Labotecnic2,,,Peritoedilepenzo,,,,IT,,,,,,,,,peritoedilepenzo@hotmail.it,,,,,,,,,Italia,,,,,,,,,,,,,,,,,,,,GUEST,FREE,,0,18/06/2026,FREDDO,,
SIC04032,4032,AZIENDA,81LEAD|ContattiMirco|EmailMirco|Labotecnic1|Labotecnic2,,,Peruchglobal,,,,IT,,,,,,,,,peruchglobal@gmail.com,,,,,,,,,Italia,,,,,,,,,,,,,,,,,,,,GUEST,FREE,,0,18/06/2026,FREDDO,,
SIC04033,4033,AZIENDA,81LEAD|ContattiMirco|EmailMirco,,,Pesce Costruzioni,,,,IT,,,,,,,,,info@pescecostruzioni.it,,3904158410260,3904158410260,,,,,,Italia,,,,,,,,,,,,,,,,,,,,GUEST,FREE,,0,18/06/2026,FREDDO,,
SIC04034,4034,AZIENDA,81LEAD|EmailMirco,,,Pfa Srl,,,,IT,,,,,,,,,inferriate.milano@gmail.com,,39348289181400,39348289181400,,,,,,Italia,,,,,,,,,,,,,,,,,,,,GUEST,FREE,,0,18/06/2026,FREDDO,,
SIC04035,4035,AZIENDA,81LEAD|ContattiMirco|EmailMirco|Labotecnic1|Labotecnic2,,,Piadaservice,,,,IT,,,,,,,,,piadaservice@gmail.com,,,,,,,,,Italia,,,,,,,,,,,,,,,,,,,,GUEST,FREE,,0,18/06/2026,FREDDO,,
SIC04036,4036,AZIENDA,81LEAD|EmailMirco,,,Pieroni srl,,,,IT,,,,,,,,,matteo@pieroni.it,,3905838383750,3905838383750,,,,,,Italia,,,,,,,,,,,,,,,,,,,,GUEST,FREE,,0,18/06/2026,FREDDO,,
SIC04037,4037,AZIENDA,81LEAD|ContattiMirco|EmailMirco,,,Piga Costruzioni s.r.l.,,,,IT,,,,,,,,,info@schiavinagroup.com,,3905322416130,3905322416130,,,,,,Italia,,,,,,,,,,,,,,,,,,,,GUEST,FREE,,0,18/06/2026,FREDDO,,
SIC04038,4038,AZIENDA,ClientiFatt1|ClientiFatt2|81LEAD|ContattiMirco|EmailMirco|Labotecnic1|Labotecnic2,,,"Pizza Export Kennedy
di Bertaglia Valerio",,,,IT,BRTVLR68D11A059B,12095302920,M5UXCR1,,,,,,pizzeriakennedy@libero.it,,347693534300,347693534300,,,,,,Italia,,,,,Via Argine PO 222/86,45015,Corbola,RO,,,,,,,,,,,,GUEST,FREE,,0,18/06/2026,FREDDO,,
SIC04039,4039,AZIENDA,81LEAD|ContattiMirco|EmailMirco,,,Pizzardi Costruzioni,,,,IT,,,,,,,,,g.pizzardi@alice.it,,3933843975140,3933843975140,,,,,,Italia,,,,,,,,,,,,,,,,,,,,GUEST,FREE,,0,18/06/2026,FREDDO,,
SIC04040,4040,AZIENDA,81LEAD|ContattiMirco|EmailMirco|Labotecnic1|Labotecnic2,,,Pmf Srl,,,,IT,,,,,,,,,pmf.srl@gmail.com,,,,,,,,,Italia,,,,,,,,,,,,,,,,,,,,GUEST,FREE,,0,18/06/2026,FREDDO,,
SIC04041,4041,AZIENDA,81LEAD|EmailMirco,,,Policaro Srl,,,,IT,,,,,,,,,policarosrl@micso.net,,3939294424400,3939294424400,,,,,,Italia,,,,,,,,,,,,,,,,,,,,GUEST,FREE,,0,18/06/2026,FREDDO,,
SIC04042,4042,AZIENDA,81LEAD|ContattiMirco|EmailMirco|Labotecnic1|Labotecnic2,,,Posetilsrl,,,,IT,,,,,,,,,posetilsrl@yahoo.it,,,,,,,,,Italia,,,,,,,,,,,,,,,,,,,,GUEST,FREE,,0,18/06/2026,FREDDO,,
SIC04043,4043,AZIENDA,81LEAD|ContattiMirco,,,Pozzati Costruzioni srl,,,,IT,,,,,,,,,info@pozzaticostruzioni.it,,3905328630570,3905328630570,,,,,,Italia,,,,,,,,,,,,,,,,,,,,GUEST,FREE,,0,18/06/2026,FREDDO,,
SIC04044,4044,AZIENDA,81LEAD|EmailMirco,,,Pra Ristrutturazioni - Ditta Ristrutturazioni Roma,,,,IT,,,,,,,,,commerciale.pra@gmail.com,,3906692838390,3906692838390,,,,,,Italia,,,,,,,,,,,,,,,,,,,,GUEST,FREE,,0,18/06/2026,FREDDO,,
SIC04045,4045,AZIENDA,81LEAD|ContattiMirco|EmailMirco|Labotecnic1|Labotecnic2,,,Primaclassesnc,,,,IT,,,,,,,,,primaclassesnc@gmail.com,,,,,,,,,Italia,,,,,,,,,,,,,,,,,,,,GUEST,FREE,,0,18/06/2026,FREDDO,,
SIC04046,4046,AZIENDA,81LEAD|EmailMirco,,,Progetto Creativo Srl,,,,IT,,,,,,,,,info@progettocreativosrl.it,,3906234826060,3906234826060,,,,,,Italia,,,,,,,,,,,,,,,,,,,,GUEST,FREE,,0,18/06/2026,FREDDO,,
SIC04047,4047,AZIENDA,81LEAD|EmailMirco,,,Pucci Edilizia e Strade di Alessandro Pucci,,,,IT,,,,,,,,,pucci@pucciediliziaestrade.it,,393353946090,393353946090,,,,,,Italia,,,,,,,,,,,,,,,,,,,,GUEST,FREE,,0,18/06/2026,FREDDO,,
SIC04048,4048,AZIENDA,81LEAD|ContattiMirco|EmailMirco|Labotecnic1|Labotecnic2,,,Puntoevirgolasnc,,,,IT,,,,,,,,,puntoevirgolasnc@virgilio.it,,,,,,,,,Italia,,,,,,,,,,,,,,,,,,,,GUEST,FREE,,0,18/06/2026,FREDDO,,
SIC04049,4049,AZIENDA,ClientiFatt1|ClientiFatt2,,,QUBO IMPIANTI DI LAZZARO ANTONIO,,,,IT,LZZNTN77H09E506E,47547402820,W7YVJK9,,,,,,info@pec.quboimpianti.com,,,,,,,,,Italia,,,,,Via Santuario 40/A,35031,Abano Terme,PD,,,,,,,,,,,,GUEST,FREE,,0,18/06/2026,FREDDO,,
SIC04050,4050,AZIENDA,81LEAD|EmailMirco,,,Quadrilatero Marche-Umbria S.p.A.,,,,IT,,,,,,,,,responsabileprotezionedati@quadrilaterospa.it,,3939068456010,3939068456010,,,,,,Italia,,,,,,,,,,,,,,,,,,,,GUEST,FREE,,0,18/06/2026,FREDDO,,
SIC04051,4051,AZIENDA,81LEAD|ContattiMirco|EmailMirco,,,Qualificamarketingsrl,,,,IT,,,,,,,,,qualificamarketingsrl@gmail.com,,,,,,,,,Italia,,,,,,,,,,,,,,,,,,,,GUEST,FREE,,0,18/06/2026,FREDDO,,
SIC04052,4052,AZIENDA,ClientiFatt1|ClientiFatt2|81LEAD|ContattiMirco|EmailMirco,,,R.C.M. - Rinascita Cooperativa Musicale Soc. Coop. a r.l.,,,,IT,00984510297,09845102970,A4707H7,,,,,,info@cooprcm.it,,,,,,,,,Italia,,,,,Viale J.F. Kennedy 41,45019,Taglio di Po,RO,,,,,,,,,,,,GUEST,FREE,,0,18/06/2026,FREDDO,,
SIC04053,4053,AZIENDA,81LEAD|ContattiMirco|EmailMirco,,,R.g. Impresa edile,,,,IT,,,,,,,,,rgsrl.info@gmail.com,,3905442156580,3905442156580,,,,,,Italia,,,,,,,,,,,,,,,,,,,,GUEST,FREE,,0,18/06/2026,FREDDO,,
SIC04054,4054,AZIENDA,ClientiFatt1|ClientiFatt2|81LEAD|ContattiMirco|EmailMirco,,,RANZATO SIMONE DITTA INDIVIDUALE - CHIOSCO DAI BOLLA,,,,IT,RNZSMN82A21C638A,42288202720,SUBM70N,,,,,,www.webposte@pcert.it,,,,,,,,,Italia,,,,,Via Biancospino 2,30015,Chioggia,VE,,,,,,,,,,,,GUEST,FREE,,0,18/06/2026,FREDDO,,
SIC04055,4055,AZIENDA,81LEAD,,,RE.I.M. S.r.l.,,,,IT,,,,,,,,,reimsrl@autiero.legalmail.it,,3908158458430,3908158458430,,,,,,Italia,,,,,,,,,,,,,,,,,,,,GUEST,FREE,,0,18/06/2026,FREDDO,,
SIC04056,4056,AZIENDA,ClientiFatt1|ClientiFatt2|81LEAD|ContattiMirco|EmailMirco|Labotecnic1|Labotecnic2,,,RISTORANTE PIZZERIA TIFFANY S.N.C. DI RONDINA SIMONE & C.,,,,IT,01192150298,11921502980,M5UXCR1,,,,,,simone_rondina@yahoo.it,tiffany@dadapec.com,3934841901270,3934841901270,,,,,,Italia,,,,,Via Chieppara 37,45011,Adria,RO,,,,,,,,,,,,GUEST,FREE,,0,18/06/2026,FREDDO,,
SIC04057,4057,AZIENDA,81LEAD|EmailMirco,,,RM srl,,,,IT,,,,,,,,,info@rmmarine.it,,3901874150660,3901874150660,,,,,,Italia,,,,,,,,,,,,,,,,,,,,GUEST,FREE,,0,18/06/2026,FREDDO,,
SIC04058,4058,AZIENDA,ClientiFatt1|ClientiFatt2|81LEAD|ContattiMirco|EmailMirco|Labotecnic1|Labotecnic2,,,ROCCATELLO MAURO,,,,IT,RCCMRA74A05C383Q,31996402710,0000000,,,,,,roccatello.mauro@libero.it,,3932822860240,3932822860240,,,,,,Italia,,,,,Via San Pietro 9,30014,Cavarzere,VE,,,,,,,,,,,,GUEST,FREE,,0,18/06/2026,FREDDO,,
SIC04059,4059,AZIENDA,81LEAD|EmailMirco,,,ROMA EDILIZIA,,,,IT,,,,,,,,,info@edilroma.com,,390663850350,390663850350,,,,,,Italia,,,,,,,,,,,,,,,,,,,,GUEST,FREE,,0,18/06/2026,FREDDO,,
SIC04060,4060,AZIENDA,ClientiFatt1|ClientiFatt2|81LEAD|ContattiMirco|EmailMirco|Labotecnic1|Labotecnic2,,,ROSMAR PARK SNC DI CASSETTA MIRIAM & C.,,,,IT,,11297002960,W7YVJK9,,,,,,www.capeto2008@libero.it,silvia@ccdegrandis.it,,,,,,,,Italia,,,,,Strada Sud 141,45010,Rosolina,RO,,,,,,,,,,,,GUEST,FREE,,0,18/06/2026,FREDDO,,
SIC04061,4061,AZIENDA,ClientiFatt1|ClientiFatt2|81LEAD|ContattiMirco|EmailMirco,,,ROUTE 443 di Ferro Gessica,,,,IT,,15735902940,0000000,,,,,,jessicaferro85@gmail.com,,,,,,,,,Italia,,,,,Zona Industriale 81,45010,Villadose,RO,,,,,,,,,,,,GUEST,FREE,,0,18/06/2026,FREDDO,,
SIC04062,4062,AZIENDA,81LEAD|ContattiMirco|EmailMirco|Labotecnic1|Labotecnic2,,,Raimpianti77,,,,IT,,,,,,,,,raimpianti77@gmail.com,,,,,,,,,Italia,,,,,,,,,,,,,,,,,,,,GUEST,FREE,,0,18/06/2026,FREDDO,,
SIC04063,4063,AZIENDA,81LEAD|EmailMirco,,,Rapid work di iurescia Massimiliano impresa edile e impianti idraulici,,,,IT,,,,,,,,,massimiliano5764@tiscali.it,,3937147468310,3937147468310,,,,,,Italia,,,,,,,,,,,,,,,,,,,,GUEST,FREE,,0,18/06/2026,FREDDO,,
SIC04064,4064,AZIENDA,81LEAD|EmailMirco,,,Rastelli Edilizia,,,,IT,,,,,,,,,davidrastelli@libero.it,,390678275450,390678275450,,,,,,Italia,,,,,,,,,,,,,,,,,,,,GUEST,FREE,,0,18/06/2026,FREDDO,,
SIC04065,4065,AZIENDA,81LEAD|ContattiMirco|EmailMirco,,,Rce Costruzioni s.r.l. | impresa edile per nuove costruzioni e ristrutturazioni | modena | carpi,,,,IT,,,,,,,,,info@rcecostruzioni.com,,3905947259600,3905947259600,,,,,,Italia,,,,,,,,,,,,,,,,,,,,GUEST,FREE,,0,18/06/2026,FREDDO,,
SIC04066,4066,AZIENDA,81LEAD|EmailMirco,,,Ready Room Srl,,,,IT,,,,,,,,,info@centom.it,,,,,,,,,Italia,,,,,,,,,,,,,,,,,,,,GUEST,FREE,,0,18/06/2026,FREDDO,,
SIC04067,4067,AZIENDA,81LEAD|EmailMirco,,,Ready Room Srl,,,,IT,,,,,,,,,segreteria100m@gmail.com,,,,,,,,,Italia,,,,,,,,,,,,,,,,,,,,GUEST,FREE,,0,18/06/2026,FREDDO,,
SIC04068,4068,AZIENDA,EmailMirco,,,Ready Room Srl,,,,IT,,,,,,,,,info@angelomarcoccia.it,,,,,,,,,Italia,,,,,,,,,,,,,,,,,,,,GUEST,FREE,,0,18/06/2026,FREDDO,,
SIC04069,4069,AZIENDA,81LEAD|ContattiMirco|Labotecnic1|Labotecnic2,,,Reclasnc Cognome email telefono id cliente backup_sicu,,,,IT,,,,,,,,,reclasnc@gmail.com,,3934072310360,3934072310360,,,,,,Italia,,,,,,,,,,,,,,,,,,,,GUEST,FREE,,0,18/06/2026,FREDDO,,
SIC04070,4070,AZIENDA,81LEAD|ContattiMirco|EmailMirco|Labotecnic1|Labotecnic2,,,Recordsrl,,,,IT,,,,,,,,,info.recordsrl@gmail.com,,,,,,,,,Italia,,,,,,,,,,,,,,,,,,,,GUEST,FREE,,0,18/06/2026,FREDDO,,
SIC04071,4071,AZIENDA,81LEAD|ContattiMirco|EmailMirco,,,Red Edil costruzioni,,,,IT,,,,,,,,,info@casagroupimmobiliare.it,,3933827269550,3933827269550,,,,,,Italia,,,,,,,,,,,,,,,,,,,,GUEST,FREE,,0,18/06/2026,FREDDO,,
SIC04072,4072,AZIENDA,81LEAD|EmailMirco,,,Redil Srl - Per l'edilizia,,,,IT,,,,,,,,,redil@redil.it,,3907592910310,3907592910310,,,,,,Italia,,,,,,,,,,,,,,,,,,,,GUEST,FREE,,0,18/06/2026,FREDDO,,
SIC04073,4073,AZIENDA,81LEAD|ContattiMirco|EmailMirco,,,Reghellin Claudio impresa edile,,,,IT,,,,,,,,,info@impresareghellin.it,,3933556286530,3933556286530,,,,,,Italia,,,,,,,,,,,,,,,,,,,,GUEST,FREE,,0,18/06/2026,FREDDO,,
SIC04074,4074,AZIENDA,81LEAD|ContattiMirco|EmailMirco,,,Renda S.r.l.,,,,IT,,,,,,,,,impresarendasrl@gmail.com,,3936644951930,3936644951930,,,,,,Italia,,,,,,,,,,,,,,,,,,,,GUEST,FREE,,0,18/06/2026,FREDDO,,
SIC04075,4075,AZIENDA,81LEAD|EmailMirco,,,Renova Red S.p.A.,,,,IT,,,,,,,,,ufficiosegreteria@renova.red,,3906978487550,3906978487550,,,,,,Italia,,,,,,,,,,,,,,,,,,,,GUEST,FREE,,0,18/06/2026,FREDDO,,
SIC04076,4076,AZIENDA,81LEAD|EmailMirco,,,Repin S.r.l.,,,,IT,,,,,,,,,repin@repin.it,,3909571100000,3909571100000,,,,,,Italia,,,,,,,,,,,,,,,,,,,,GUEST,FREE,,0,18/06/2026,FREDDO,,
SIC04077,4077,AZIENDA,81LEAD|EmailMirco,,,Residence Bonetti - vacanze in Val di Rabbi Trentino alle porte del Parco Nazionale dello Stelvio CIN IT022150B4UPCH6CJG,,,,IT,,,,,,,,,info@residencebonetti.com,,3904639015260,3904639015260,,,,,,Italia,,,,,,,,,,,,,,,,,,,,GUEST,FREE,,0,18/06/2026,FREDDO,,
SIC04078,4078,AZIENDA,81LEAD|ContattiMirco|EmailMirco,,,Riccobono Costruzioni,,,,IT,,,,,,,,,info@riccobonocostruzioni.com,,3934639788410,3934639788410,,,,,,Italia,,,,,,,,,,,,,,,,,,,,GUEST,FREE,,0,18/06/2026,FREDDO,,
SIC04079,4079,AZIENDA,81LEAD|ContattiMirco|EmailMirco|Labotecnic1|Labotecnic2,,,Ristoranteanticoguerriero,,,,IT,,,,,,,,,ristoranteanticoguerriero@gmail.com,,,,,,,,,Italia,,,,,,,,,,,,,,,,,,,,GUEST,FREE,,0,18/06/2026,FREDDO,,
SIC04080,4080,AZIENDA,81LEAD|ContattiMirco|EmailMirco|Labotecnic1|Labotecnic2,,,Ristorantepeppino,,,,IT,,,,,,,,,ristorantepeppino@gmail.com,,,,,,,,,Italia,,,,,,,,,,,,,,,,,,,,GUEST,FREE,,0,18/06/2026,FREDDO,,
SIC04081,4081,AZIENDA,81LEAD|ContattiMirco|EmailMirco,,,Ristrutturazioni Bologna - impresa edile bologna - posapiù,,,,IT,,,,,,,,,dittaposapiu@yahoo.it,,3905141292390,3905141292390,,,,,,Italia,,,,,,,,,,,,,,,,,,,,GUEST,FREE,,0,18/06/2026,FREDDO,,
SIC04082,4082,AZIENDA,81LEAD|EmailMirco,,,Ristrutturazioni Roma Nord - Building Technologies,,,,IT,,,,,,,,,info@buildingtechnologies.it,,3932790311010,3932790311010,,,,,,Italia,,,,,,,,,,,,,,,,,,,,GUEST,FREE,,0,18/06/2026,FREDDO,,
SIC04083,4083,AZIENDA,81LEAD|EmailMirco,,,Road On s.r.l.,,,,IT,,,,,,,,,roadon.soluzionistradali@gmail.com,,3939233782070,3939233782070,,,,,,Italia,,,,,,,,,,,,,,,,,,,,GUEST,FREE,,0,18/06/2026,FREDDO,,
SIC04084,4084,AZIENDA,81LEAD|ContattiMirco|EmailMirco|Labotecnic1|Labotecnic2,,,Rocchipregnolatosnc,,,,IT,,,,,,,,,rocchipregnolatosnc@virgilio.it,,,,,,,,,Italia,,,,,,,,,,,,,,,,,,,,GUEST,FREE,,0,18/06/2026,FREDDO,,
SIC04085,4085,AZIENDA,81LEAD|EmailMirco,,,Roma Edilizia - Ristrutturazioni Roma,,,,IT,,,,,,,,,inforomaedilizia@gmail.com,,3906933798940,3906933798940,,,,,,Italia,,,,,,,,,,,,,,,,,,,,GUEST,FREE,,0,18/06/2026,FREDDO,,
SIC04086,4086,AZIENDA,81LEAD|EmailMirco,,,Romea Asfalti Srl,,,,IT,,,,,,,,,info@romeasfalti.it,,390416983660,390416983660,,,,,,Italia,,,,,,,,,,,,,,,,,,,,GUEST,FREE,,0,18/06/2026,FREDDO,,
SIC04087,4087,AZIENDA,81LEAD|EmailMirco,,,Ruatti Legnami S.r.l.,,,,IT,,,,,,,,,info@ruattilegnami.it,,3904639012700,3904639012700,,,,,,Italia,,,,,,,,,,,,,,,,,,,,GUEST,FREE,,0,18/06/2026,FREDDO,,
SIC04088,4088,AZIENDA,81LEAD|EmailMirco,,,S. I. P. I. Nord Srl,,,,IT,,,,,,,,,info@solitec.eu,,3906363812990,3906363812990,,,,,,Italia,,,,,,,,,,,,,,,,,,,,GUEST,FREE,,0,18/06/2026,FREDDO,,
SIC04089,4089,AZIENDA,81LEAD|EmailMirco,,,S.c.s. Costruzioni Edili S.r.l. Societa Unipersonale,,,,IT,,,,,,,,,info@scscostruzioniedilisrl.com,,,,,,,,,Italia,,,,,,,,,,,,,,,,,,,,GUEST,FREE,,0,18/06/2026,FREDDO,,
SIC04090,4090,AZIENDA,81LEAD|ContattiMirco|EmailMirco,,,S.i.c.e.s. Group s.r.l.,,,,IT,,,,,,,,,sicesgroupsrl@libero.it,,3934511933770,3934511933770,,,,,,Italia,,,,,,,,,,,,,,,,,,,,GUEST,FREE,,0,18/06/2026,FREDDO,,
SIC04091,4091,AZIENDA,81LEAD|EmailMirco,,,S.i.m.e. S.r.l.,,,,IT,,,,,,,,,simemarsala@gmail.com,,3909239694920,3909239694920,,,,,,Italia,,,,,,,,,,,,,,,,,,,,GUEST,FREE,,0,18/06/2026,FREDDO,,
SIC04092,4092,AZIENDA,81LEAD|ContattiMirco|EmailMirco,,,"S.lj.co. Srl | impresa edile di costruzione, restauro e ristrutturazione | bologna",,,,IT,,,,,,,,,info@sljco.it,,390514740400,390514740400,,,,,,Italia,,,,,,,,,,,,,,,,,,,,GUEST,FREE,,0,18/06/2026,FREDDO,,
SIC04093,4093,AZIENDA,81LEAD|ContattiMirco|EmailMirco,,,S.p. Costruzioni,,,,IT,,,,,,,,,spcostruzioni84@gmail.com,,3938952157200,3938952157200,,,,,,Italia,,,,,,,,,,,,,,,,,,,,GUEST,FREE,,0,18/06/2026,FREDDO,,
SIC04094,4094,AZIENDA,81LEAD|ContattiMirco|EmailMirco,,,S.p.s. Impresa edile,,,,IT,,,,,,,,,info@irce.it,,3905426706210,3905426706210,,,,,,Italia,,,,,,,,,,,,,,,,,,,,GUEST,FREE,,0,18/06/2026,FREDDO,,
SIC04095,4095,AZIENDA,81LEAD|ContattiMirco|EmailMirco,,,S.v.s. Costruzioni s.r.l.,,,,IT,,,,,,,,,svscostruzionisrl@virgilio.it,,3909235538480,3909235538480,,,,,,Italia,,,,,,,,,,,,,,,,,,,,GUEST,FREE,,0,18/06/2026,FREDDO,,
SIC04096,4096,AZIENDA,81LEAD|EmailMirco,,,SAC • Società Appalti Costruzioni S.p.A.,,,,IT,,,,,,,,,odv@sacspa.it,,390680847410,390680847410,,,,,,Italia,,,,,,,,,,,,,,,,,,,,GUEST,FREE,,0,18/06/2026,FREDDO,,
SIC04097,4097,AZIENDA,ClientiFatt1|ClientiFatt2|81LEAD|ContattiMirco|EmailMirco,,,SALGAIM ECOLOGIC SPA,,,,IT,02335540288,23355402880,M5IT0JA,,,,,,amministrazione@salgaim.it,,,,,,,,,Italia,,,,,Via E. Degli Scrovegni 1,35131,Padova,PD,,,,,,,,,,,,GUEST,FREE,,0,18/06/2026,FREDDO,,
SIC04098,4098,AZIENDA,ClientiFatt1|ClientiFatt2|81LEAD|ContattiMirco,,,SALUTE & MOVIMENTO A.S.D.,,,,IT,,15737802910,KRRH6B9,,,,,,lessenzadibellessere@gmail.com,,,,,,,,,Italia,,,,,Via Aldo Moro 4,45018,Porto Tolle,RO,,,,,,,,,,,,GUEST,FREE,,0,18/06/2026,FREDDO,,
SIC04099,4099,AZIENDA,81LEAD|EmailMirco,,,SARDA HOUSE S.R.L.,,,,IT,,,,,,,,,info@sardahousesrl.com,,3932812951280,3932812951280,,,,,,Italia,,,,,,,,,,,,,,,,,,,,GUEST,FREE,,0,18/06/2026,FREDDO,,
SIC04100,4100,AZIENDA,ClientiFatt1|ClientiFatt2|81LEAD|ContattiMirco|EmailMirco,,,SAURO E THOMAS S.N.C. DI VIVIAN SAURO E C.,,,,IT,01463670297,14636702970,BA6ET11,,,,,,sauro.vivian@gmail.com,,,,,,,,,Italia,,,,,VIA MARIANGELA MARANGON 23,45010,ROSOLINA,RO,,,,,,REVOLUT BANK UAB,,,,,,GUEST,FREE,,0,18/06/2026,FREDDO,,
SIC04101,4101,AZIENDA,81LEAD|EmailMirco,,,SE Impresa Edile,,,,IT,,,,,,,,,seimpresaedile@gmail.com,,3933584852310,3933584852310,,,,,,Italia,,,,,,,,,,,,,,,,,,,,GUEST,FREE,,0,18/06/2026,FREDDO,,
SIC04102,4102,AZIENDA,81LEAD|EmailMirco,,,SERRAMENTI ALBARESTAURI,,,,IT,,,,,,,,,info@albarestauri.it,,3939221868550,3939221868550,,,,,,Italia,,,,,,,,,,,,,,,,,,,,GUEST,FREE,,0,18/06/2026,FREDDO,,
SIC04103,4103,AZIENDA,ClientiFatt1|ClientiFatt2|81LEAD|ContattiMirco|EmailMirco|Labotecnic1|Labotecnic2,,,SERVICE PLANTS S.r.l.,,,,IT,02574960411,25749604110,XLV1JTE,,,,,,amministrazione@serviceplants.it,,,,,,,,,Italia,,,,,Via Strada Mondolfo 38/B,61039,San Costanzo,PU,,,,,,,,,,,,GUEST,FREE,,0,18/06/2026,FREDDO,,
SIC04104,4104,AZIENDA,ClientiFatt1|ClientiFatt2|81LEAD|ContattiMirco|EmailMirco|Labotecnic1|Labotecnic2,,,SI.T.A. DI MANTOVANI G. & C. S.N.C.,,,,IT,01172520387,11725203870,M5UXCR1,,,,,,info@sitasnc.it,,3933828931120,3933828931120,,,,,,Italia,,,,,Via A. Forti - Loc. Migliarino n. 25/B,44027,Fiscaglia,FE,,,,,,,,,,,,GUEST,FREE,,0,18/06/2026,FREDDO,,
SIC04105,4105,AZIENDA,81LEAD|EmailMirco,,,SM Costruzioni di Mura srl,,,,IT,,,,,,,,,sm-costruzioni@outlook.com,,3932856153580,3932856153580,,,,,,Italia,,,,,,,,,,,,,,,,,,,,GUEST,FREE,,0,18/06/2026,FREDDO,,
SIC04106,4106,AZIENDA,81LEAD|EmailMirco,,,"SMN Design | Interior Design & Brand Identity | Progettazione Boutique, Ristoranti, Bar, Hotel & Uffici",,,,IT,,,,,,,,,hello@smndesign.net,,,,,,,,,Italia,,,,,,,,,,,,,,,,,,,,GUEST,FREE,,0,18/06/2026,FREDDO,,
SIC04107,4107,AZIENDA,81LEAD|EmailMirco,,,"SMN Design | Interior Design & Brand Identity | Progettazione Boutique, Ristoranti, Bar, Hotel & Uffici",,,,IT,,,,,,,,,smn-design@outlook.com,,,,,,,,,Italia,,,,,,,,,,,,,,,,,,,,GUEST,FREE,,0,18/06/2026,FREDDO,,
SIC04108,4108,AZIENDA,ClientiFatt1|ClientiFatt2|81LEAD|ContattiMirco|EmailMirco|Labotecnic1|Labotecnic2,,,SOCIETA' COOPERATIVA FACCHINI CONTARINA,,,,IT,00159400290,01594002900,SUBM70N,,,,,,porzionatodiego@tiscali.it,,3934836412990,3934836412990,,,,,,Italia,,,,,Piazza G. Marconi 8,45014,Porto Viro,RO,,,,,,,,,,,,GUEST,FREE,,0,18/06/2026,FREDDO,,
SIC04109,4109,AZIENDA,ClientiFatt1|ClientiFatt2|81LEAD|ContattiMirco,,,SOCIETA' METANO DONADA DI SANTE PANETTO & C Snc,,,,IT,00077060291,770602910,metanodonada@pec.it,,,,,,metanodonada@gmail.com,,,,,,,,,Italia,,,,,VIA MANTOVANA 133,45014,Porto Viro,RO,,,,,,,,,,,,GUEST,FREE,,0,18/06/2026,FREDDO,,
SIC04110,4110,AZIENDA,ClientiFatt1|ClientiFatt2|81LEAD|ContattiMirco|EmailMirco|Labotecnic1|Labotecnic2,,,SPIGOLON KATIA & SCARPA BILLY,,,,IT,SPGKTA87H50D442G,,0000000,,,,,,katia.spigolon.1987@gmail.com,,,,,,,,,Italia,,,,,Via Borgo S. Giovanni 1273,30015,Chioggia,VE,,,,,,,,,,,,GUEST,FREE,,0,18/06/2026,FREDDO,,
SIC04111,4111,AZIENDA,ClientiFatt1|ClientiFatt2|81LEAD,,,STABILIMENTO BAGNI LIDO DI PADOVA S.R.L.,,,,IT,00166310276,01663102760,BA6ET11,,,,,,bagni_clodia@legalmail.it,,,,,,,,,Italia,,,,,Lungomare Adriatico SNC,30015,Chioggia,VE,,,,,,,,,,,,GUEST,FREE,,0,18/06/2026,FREDDO,,
SIC04112,4112,AZIENDA,ClientiFatt1|ClientiFatt2|81LEAD|ContattiMirco|EmailMirco,,,STUDIO TECNICO EDIL/B di Bagno Geom. Pierluigi & Bezzi Geom. Gianni Carlo,,,,IT,01349840296,13498402960,QULXG4S,,,,,,studioedilb@libero.it,,,,,,,,,Italia,,,,,Via L. Savoia 11,45014,Porto Viro,RO,,,,,,ING DIRECT,,,,,,GUEST,FREE,,0,18/06/2026,FREDDO,,
SIC04113,4113,AZIENDA,ClientiFatt1|ClientiFatt2|81LEAD|EmailMirco,,,SUNRISE RENT SCAVI S.R.L.,,,,IT,01452790296,14527902960,BA6ET11,,,,,,sunriserent@libero.it,,,,,,,,,Italia,,,,,VIA TRENTO 60,45014,PORTO VIRO,RO,,,,,,Banco Bilbao Vizcaya Argentaria BBVA,,,,,,GUEST,FREE,,0,18/06/2026,FREDDO,,
SIC04114,4114,AZIENDA,81LEAD|ContattiMirco|EmailMirco,,,Safer - impresa edile - ristrutturazioni - manutenzioni - recupero edifici,,,,IT,,,,,,,,,info@saferlugo.it,,390545304930,390545304930,,,,,,Italia,,,,,,,,,,,,,,,,,,,,GUEST,FREE,,0,18/06/2026,FREDDO,,
SIC04115,4115,AZIENDA,81LEAD|ContattiMirco|EmailMirco,,,Salvatore Zingaro impresa edile,,,,IT,,,,,,,,,zngcostruzioni@virgilio.it,,3905168413880,3905168413880,,,,,,Italia,,,,,,,,,,,,,,,,,,,,GUEST,FREE,,0,18/06/2026,FREDDO,,
SIC04116,4116,AZIENDA,81LEAD|ContattiMirco|EmailMirco,,,Sara Costruzioni e servizi s.r.l,,,,IT,,,,,,,,,aziendasarasrl@libero.it,,3933324892100,3933324892100,,,,,,Italia,,,,,,,,,,,,,,,,,,,,GUEST,FREE,,0,18/06/2026,FREDDO,,
SIC04117,4117,AZIENDA,81LEAD|EmailMirco,,,Sarda Strade Srl,,,,IT,,,,,,,,,sardastrade@gmail.com,,390702433720,390702433720,,,,,,Italia,,,,,,,,,,,,,,,,,,,,GUEST,FREE,,0,18/06/2026,FREDDO,,
SIC04118,4118,AZIENDA,81LEAD|EmailMirco,,,Saritalia Srl,,,,IT,,,,,,,,,info@saritalia.eu,,3906646512520,3906646512520,,,,,,Italia,,,,,,,,,,,,,,,,,,,,GUEST,FREE,,0,18/06/2026,FREDDO,,
SIC04119,4119,AZIENDA,81LEAD|ContattiMirco|EmailMirco,,,Sarmuci Costruzioni srl di nino stellino,,,,IT,,,,,,,,,info@sarmucicostruzioni.it,,3938992184150,3938992184150,,,,,,Italia,,,,,,,,,,,,,,,,,,,,GUEST,FREE,,0,18/06/2026,FREDDO,,
SIC04120,4120,AZIENDA,81LEAD|EmailMirco,,,Sarotto Group,,,,IT,,,,,,,,,sarotto@sarotto.it,,,,,,,,,Italia,,,,,,,,,,,,,,,,,,,,GUEST,FREE,,0,18/06/2026,FREDDO,,
SIC04121,4121,AZIENDA,81LEAD|EmailMirco,,,Sarotto Group,,,,IT,,,,,,,,,info@sarotto.it,,,,,,,,,Italia,,,,,,,,,,,,,,,,,,,,GUEST,FREE,,0,18/06/2026,FREDDO,,
SIC04122,4122,AZIENDA,81LEAD,,,Scavitel S.r.l.,,,,IT,,,,,,,,,g.parisi@scavitelsrl.it,,3939293966070,3939293966070,,,,,,Italia,,,,,,,,,,,,,,,,,,,,GUEST,FREE,,0,18/06/2026,FREDDO,,
SIC04123,4123,AZIENDA,81LEAD|EmailMirco,,,Scegliere Infissi Lucca - Diemme Infissi,,,,IT,,,,,,,,,info@diemmeinfissi.com,,3905839902440,3905839902440,,,,,,Italia,,,,,,,,,,,,,,,,,,,,GUEST,FREE,,0,18/06/2026,FREDDO,,
SIC04124,4124,AZIENDA,81LEAD|EmailMirco,,,Sciacca Francesco & Figli S.a.s,,,,IT,,,,,,,,,info@ceramichesciacca.it,,3909239906030,3909239906030,,,,,,Italia,,,,,,,,,,,,,,,,,,,,GUEST,FREE,,0,18/06/2026,FREDDO,,
SIC04125,4125,AZIENDA,81LEAD|ContattiMirco|EmailMirco|Labotecnic1|Labotecnic2,,,Scuttariservice,,,,IT,,,,,,,,,scuttariservice@gmail.com,,,,,,,,,Italia,,,,,,,,,,,,,,,,,,,,GUEST,FREE,,0,18/06/2026,FREDDO,,
SIC04126,4126,AZIENDA,81LEAD|EmailMirco,,,Se. Car. Srl,,,,IT,,,,,,,,,info@se-car.it,,3904156311810,3904156311810,,,,,,Italia,,,,,,,,,,,,,,,,,,,,GUEST,FREE,,0,18/06/2026,FREDDO,,
SIC04127,4127,AZIENDA,81LEAD|EmailMirco,,,Sec S.R.L.,,,,IT,,,,,,,,,info@secsrl.it,,3904563019790,3904563019790,,,,,,Italia,,,,,,,,,,,,,,,,,,,,GUEST,FREE,,0,18/06/2026,FREDDO,,
SIC04128,4128,AZIENDA,81LEAD|ContattiMirco|EmailMirco,,,Segreteria Srl,,,,IT,,,,,,,,,segreteria@outsphera.it,,,,,,,,,Italia,,,,,,,,,,,,,,,,,,,,GUEST,FREE,,0,18/06/2026,FREDDO,,
SIC04129,4129,AZIENDA,81LEAD|ContattiMirco|EmailMirco,,,Service,,,,IT,,,,,,,,,service@hyperbc.com,,,,,,,,,Italia,,,,,,,,,,,,,,,,,,,,GUEST,FREE,,0,18/06/2026,FREDDO,,
SIC04130,4130,AZIENDA,81LEAD|ContattiMirco|EmailMirco,,,Service At,,,,IT,,,,,,,,,service.at@organic.plus,,,,,,,,,Italia,,,,,,,,,,,,,,,,,,,,GUEST,FREE,,0,18/06/2026,FREDDO,,
SIC04131,4131,AZIENDA,81LEAD|ContattiMirco|EmailMirco,,,Service It,,,,IT,,,,,,,,,service.it@organic.plus,,3933361844610,3933361844610,,,,,,Italia,,,,,,,,,,,,,,,,,,,,GUEST,FREE,,0,18/06/2026,FREDDO,,
SIC04132,4132,AZIENDA,81LEAD|ContattiMirco|EmailMirco,,,Service It,,,,IT,,,,,,,,,service.it@cashbackworld.com,,3938818094750,3938818094750,,,,,,Italia,,,,,,,,,,,,,,,,,,,,GUEST,FREE,,0,18/06/2026,FREDDO,,
SIC04133,4133,AZIENDA,81LEAD|ContattiMirco|EmailMirco,,,Service It,,,,IT,,,,,,,,,service.it@cashback-solutions.com,,3933868962890,3933868962890,,,,,,Italia,,,,,,,,,,,,,,,,,,,,GUEST,FREE,,0,18/06/2026,FREDDO,,
SIC04134,4134,AZIENDA,81LEAD|ContattiMirco|EmailMirco|Labotecnic1|Labotecnic2,,,Service Plants,,,,IT,,,,,,,,,serviceplants@yahoo.it,,2990015000,2990015000,,,,,,Italia,,,,,,,,,,,,,,,,,,,,GUEST,FREE,,0,18/06/2026,FREDDO,,
SIC04135,4135,AZIENDA,81LEAD|ContattiMirco|EmailMirco,,,Servizi Edili r.c.,,,,IT,,,,,,,,,rec_srl@virgilio.it,,3933893478650,3933893478650,,,,,,Italia,,,,,,,,,,,,,,,,,,,,GUEST,FREE,,0,18/06/2026,FREDDO,,
SIC04136,4136,AZIENDA,81LEAD|ContattiMirco|EmailMirco,,,Servizi Online,,,,IT,,,,,,,,,servizi.online@agsm.it,,,,,,,,,Italia,,,,,,,,,,,,,,,,,,,,GUEST,FREE,,0,18/06/2026,FREDDO,,
SIC04137,4137,AZIENDA,81LEAD|ContattiMirco|EmailMirco|Labotecnic1|Labotecnic2,,,Servizicontabilidozzi,,,,IT,,,,,,,,,servizicontabilidozzi@yahoo.it,,,,,,,,,Italia,,,,,,,,,,,,,,,,,,,,GUEST,FREE,,0,18/06/2026,FREDDO,,
SIC04138,4138,AZIENDA,81LEAD|ContattiMirco|EmailMirco,,,Serviziimmobiliari Rovigo,,,,IT,,,,,,,,,serviziimmobiliari.rovigo@gmail.com,,,,,,,,,Italia,,,,,,,,,,,,,,,,,,,,GUEST,FREE,,0,18/06/2026,FREDDO,,
SIC04139,4139,AZIENDA,81LEAD|ContattiMirco|EmailMirco,,,Servizio,,,,IT,,,,,,,,,servizio_clienti@genertel.it,,,,,,,,,Italia,,,,,,,,,,,,,,,,,,,,GUEST,FREE,,0,18/06/2026,FREDDO,,
SIC04140,4140,AZIENDA,81LEAD|EmailMirco,,,Servizio Adria,,,,IT,,,,,,,,,vaccinazioniadria@aulss5.veneto.it,,,,,,,,,Italia,,,,,,,,,,,,,,,,,,,,GUEST,FREE,,0,18/06/2026,FREDDO,,
SIC04141,4141,AZIENDA,81LEAD|ContattiMirco|EmailMirco,,,Servizio Ascotrade,,,,IT,,,,,,,,,servizio.clienti@ascotrade.it,,,,,,,,,Italia,,,,,,,,,,,,,,,,,,,,GUEST,FREE,,0,18/06/2026,FREDDO,,
SIC04142,4142,AZIENDA,81LEAD|ContattiMirco|EmailMirco,,,Servizio Performance,,,,IT,,,,,,,,,servizioclienti@hiperformance.it,,,,,,,,,Italia,,,,,,,,,,,,,,,,,,,,GUEST,FREE,,0,18/06/2026,FREDDO,,
SIC04143,4143,AZIENDA,81LEAD|ContattiMirco|EmailMirco|Labotecnic1|Labotecnic2,,,Servizioalcliente,,,,IT,,,,,,,,,servizioalcliente@sinfon.it,,,,,,,,,Italia,,,,,,,,,,,,,,,,,,,,GUEST,FREE,,0,18/06/2026,FREDDO,,
SIC04144,4144,AZIENDA,81LEAD|ContattiMirco|EmailMirco,,,Servizioclienti,,,,IT,,,,,,,,,servizioclienti@housers.com,,,,,,,,,Italia,,,,,,,,,,,,,,,,,,,,GUEST,FREE,,0,18/06/2026,FREDDO,,
SIC04145,4145,AZIENDA,81LEAD|ContattiMirco|EmailMirco|Labotecnic1|Labotecnic2,,,Servizisalvatempo,,,,IT,,,,,,,,,servizisalvatempo@gmail.com,,,,,,,,,Italia,,,,,,,,,,,,,,,,,,,,GUEST,FREE,,0,18/06/2026,FREDDO,,
SIC04146,4146,AZIENDA,81LEAD|ContattiMirco|EmailMirco,,,Sicil Funi sicilia impresa edile,,,,IT,,,,,,,,,info@edilfuni.it,,3935053224610,3935053224610,,,,,,Italia,,,,,,,,,,,,,,,,,,,,GUEST,FREE,,0,18/06/2026,FREDDO,,
SIC04147,4147,AZIENDA,81LEAD|EmailMirco,,,Sicilia ponteggi srls,,,,IT,,,,,,,,,siciliaponteggisrls2020@gmail.com,,3932753599570,3932753599570,,,,,,Italia,,,,,,,,,,,,,,,,,,,,GUEST,FREE,,0,18/06/2026,FREDDO,,
SIC04148,4148,AZIENDA,81LEAD,,,Sicilscavi di Spampinato Salvatore,,,,IT,,,,,,,,,sicilscavi@live.it,,3935153203640,3935153203640,,,,,,Italia,,,,,,,,,,,,,,,,,,,,GUEST,FREE,,0,18/06/2026,FREDDO,,
SIC04149,4149,AZIENDA,81LEAD|EmailMirco,,,Sidermori Srl,,,,IT,,,,,,,,,giorgio@sidermori.it,,3904649186310,3904649186310,,,,,,Italia,,,,,,,,,,,,,,,,,,,,GUEST,FREE,,0,18/06/2026,FREDDO,,
SIC04150,4150,AZIENDA,81LEAD|ContattiMirco|EmailMirco|Labotecnic1|Labotecnic2,,,Simone Cognome email telefono id cliente backup_sicu,,,,IT,,,,,,,,,gigosimone@gmail.com,,39338838934300,39338838934300,,,,,,Italia,,,,,,,,,,,,,,,,,,,,GUEST,FREE,,0,18/06/2026,FREDDO,,
SIC04151,4151,AZIENDA,81LEAD|ContattiMirco|EmailMirco|Labotecnic1|Labotecnic2,,,Simone Finardi italy,,,,IT,,,,,,,,,simone.finardi@gmail.com,,3934280277000,3934280277000,,,,,,Italia,,,,,,,,,,,,,,,,,,,,GUEST,FREE,,0,18/06/2026,FREDDO,,
SIC04152,4152,AZIENDA,81LEAD|ContattiMirco|EmailMirco,,,Sip Srl - impresa edile,,,,IT,,,,,,,,,info@sipimpresaedile.it,,3937590809600,3937590809600,,,,,,Italia,,,,,,,,,,,,,,,,,,,,GUEST,FREE,,0,18/06/2026,FREDDO,,
SIC04153,4153,AZIENDA,81LEAD|EmailMirco,,,Sirco S.r.l.,,,,IT,,,,,,,,,tecnico@sircosrl.it,,3905186594360,3905186594360,,,,,,Italia,,,,,,,,,,,,,,,,,,,,GUEST,FREE,,0,18/06/2026,FREDDO,,
SIC04154,4154,AZIENDA,81LEAD|ContattiMirco|EmailMirco,,,Sme-service Teknotherm,,,,IT,,,,,,,,,sme-service@lyoness.it,,3934023069610,3934023069610,,,,,,Italia,,,,,,,,,,,,,,,,,,,,GUEST,FREE,,0,18/06/2026,FREDDO,,
SIC04155,4155,AZIENDA,81LEAD|EmailMirco,,,So.ge.se. srl,,,,IT,,,,,,,,,paolo.vaccai@sogeseitalia.it,,3905166506470,3905166506470,,,,,,Italia,,,,,,,,,,,,,,,,,,,,GUEST,FREE,,0,18/06/2026,FREDDO,,
SIC04156,4156,AZIENDA,81LEAD|ContattiMirco|EmailMirco|Labotecnic1|Labotecnic2,,,Societaelimarsrl,,,,IT,,,,,,,,,societaelimarsrl@gmail.com,,,,,,,,,Italia,,,,,,,,,,,,,,,,,,,,GUEST,FREE,,0,18/06/2026,FREDDO,,
SIC04157,4157,AZIENDA,81LEAD|ContattiMirco|EmailMirco,,,Solida - impresa edile,,,,IT,,,,,,,,,info@solidaedilizia.it,,3938915357860,3938915357860,,,,,,Italia,,,,,,,,,,,,,,,,,,,,GUEST,FREE,,0,18/06/2026,FREDDO,,
SIC04158,4158,AZIENDA,81LEAD|ContattiMirco|EmailMirco,,,Solida Costruzioni srl,,,,IT,,,,,,,,,info@solidacostruzioni.com,,3934736391710,3934736391710,,,,,,Italia,,,,,,,,,,,,,,,,,,,,GUEST,FREE,,0,18/06/2026,FREDDO,,
SIC04159,4159,AZIENDA,81LEAD|EmailMirco,,,Soluzioni e Costruzioni Soc. Coop.,,,,IT,,,,,,,,,info@soluzioniecostruzioni.it,,3934905485840,3934905485840,,,,,,Italia,,,,,,,,,,,,,,,,,,,,GUEST,FREE,,0,18/06/2026,FREDDO,,
SIC04160,4160,AZIENDA,81LEAD|EmailMirco,,,Sonepar - Napoli - Distributore di Materiale Elettrico,,,,IT,,,,,,,,,marco.fresco@sonepar.it,,3908155031110,3908155031110,,,,,,Italia,,,,,,,,,,,,,,,,,,,,GUEST,FREE,,0,18/06/2026,FREDDO,,
SIC04161,4161,AZIENDA,81LEAD|ContattiMirco|EmailMirco,,,Spadaro uncini materiali e soluzioni per l'edilizia,,,,IT,,,,,,,,,info@spadarouncini.it,,390719088000,390719088000,,,,,,Italia,,,,,,,,,,,,,,,,,,,,GUEST,FREE,,0,18/06/2026,FREDDO,,
SIC04162,4162,AZIENDA,81LEAD|ContattiMirco|EmailMirco|Labotecnic1|Labotecnic2,,,Spagnoli Spagnoli,,,,IT,,,,,,,,,spagnoli@waveelectric.it,,3934086249860,3934086249860,,,,,,Italia,,,,,,,,,,,,,,,,,,,,GUEST,FREE,,0,18/06/2026,FREDDO,,
SIC04163,4163,AZIENDA,81LEAD|ContattiMirco|EmailMirco|Labotecnic1|Labotecnic2,,,Spazioliberonews Libero news,,,,IT,,,,,,,,,spazioliberonews@gmail.com,,,,,,,,,Italia,,,,,,,,,,,,,,,,,,,,GUEST,FREE,,0,18/06/2026,FREDDO,,
SIC04164,4164,AZIENDA,81LEAD|ContattiMirco|EmailMirco|Labotecnic1|Labotecnic2,,,Srl Logik,,,,IT,,,,,,,,,srl.logik@gmail.com,,,,,,,,,Italia,,,,,,,,,,,,,,,,,,,,GUEST,FREE,,0,18/06/2026,FREDDO,,
SIC04165,4165,AZIENDA,81LEAD|ContattiMirco|EmailMirco,,,Stafftre S.r.l.,,,,IT,,,,,,,,,info@villaggiobiancocalce.it,,3933570205460,3933570205460,,,,,,Italia,,,,,,,,,,,,,,,,,,,,GUEST,FREE,,0,18/06/2026,FREDDO,,
SIC04166,4166,AZIENDA,81LEAD|EmailMirco,,,Stefanedil - Il Mondo dell'Edilizia,,,,IT,,,,,,,,,trionfale@stefanedil.com,,3906612837310,3906612837310,,,,,,Italia,,,,,,,,,,,,,,,,,,,,GUEST,FREE,,0,18/06/2026,FREDDO,,
SIC04167,4167,AZIENDA,81LEAD|ContattiMirco|EmailMirco|Labotecnic1|Labotecnic2,,,Stefania Pastore,,,,IT,,,,,,,,,stefania.pastore@attivamenteonlus.it,,3934852049900,3934852049900,,,,,,Italia,,,,,,,,,,,,,,,,,,,,GUEST,FREE,,0,18/06/2026,FREDDO,,
SIC04168,4168,AZIENDA,81LEAD|ContattiMirco|EmailMirco|Labotecnic1|Labotecnic2,,,Stefano Di lisi,,,,IT,,,,,,,,,stefano.di.lisi@gmail.com,,3932812149290,3932812149290,,,,,,Italia,,,,,,,,,,,,,,,,,,,,GUEST,FREE,,0,18/06/2026,FREDDO,,
SIC04169,4169,AZIENDA,81LEAD|EmailMirco,,,Steldo Srl,,,,IT,,,,,,,,,riva@steldo.it,,3904645943000,3904645943000,,,,,,Italia,,,,,,,,,,,,,,,,,,,,GUEST,FREE,,0,18/06/2026,FREDDO,,
SIC04170,4170,AZIENDA,81LEAD|ContattiMirco|EmailMirco,,,Stil casa costruzioni,,,,IT,,,,,,,,,info@stilcasacostruzioni.it,,3934700524960,3934700524960,,,,,,Italia,,,,,,,,,,,,,,,,,,,,GUEST,FREE,,0,18/06/2026,FREDDO,,
SIC04171,4171,AZIENDA,81LEAD|EmailMirco,,,Stile Costruzioni Edili Di Rebecchini Ing.Luigi & C. Spa,,,,IT,,,,,,,,,vendite@stilespa.it,,390667915000,390667915000,,,,,,Italia,,,,,,,,,,,,,,,,,,,,GUEST,FREE,,0,18/06/2026,FREDDO,,
SIC04172,4172,AZIENDA,81LEAD|EmailMirco,,,Storo Diesel S.r.l.,,,,IT,,,,,,,,,zocchi@storodiesel.it,,3904656864110,3904656864110,,,,,,Italia,,,,,,,,,,,,,,,,,,,,GUEST,FREE,,0,18/06/2026,FREDDO,,
SIC04173,4173,AZIENDA,81LEAD|ContattiMirco|EmailMirco|Labotecnic1|Labotecnic2,,,Stsrltrasporti,,,,IT,,,,,,,,,stsrltrasporti@gmail.com,,,,,,,,,Italia,,,,,,,,,,,,,,,,,,,,GUEST,FREE,,0,18/06/2026,FREDDO,,
SIC04174,4174,AZIENDA,81LEAD|ContattiMirco|EmailMirco|Labotecnic1|Labotecnic2,,,Studio,,,,IT,,,,,,,,,studio@gamoservizi.it,,,,,,,,,Italia,,,,,,,,,,,,,,,,,,,,GUEST,FREE,,0,18/06/2026,FREDDO,,
SIC04175,4175,AZIENDA,81LEAD|ContattiMirco|EmailMirco|Labotecnic1|Labotecnic2,,,Studio,,,,IT,,,,,,,,,studio@brvarchitetti.it,,,,,,,,,Italia,,,,,,,,,,,,,,,,,,,,GUEST,FREE,,0,18/06/2026,FREDDO,,
SIC04176,4176,AZIENDA,81LEAD|ContattiMirco|EmailMirco|Labotecnic1|Labotecnic2,,,Studio Albiero,,,,IT,,,,,,,,,studio.albiero@tiscali.it,,,,,,,,,Italia,,,,,,,,,,,,,,,,,,,,GUEST,FREE,,0,18/06/2026,FREDDO,,
SIC04177,4177,AZIENDA,81LEAD|ContattiMirco|EmailMirco,,,Studio Bucatari,,,,IT,,,,,,,,,bucatari@studiobucatari.it,,348220840000,348220840000,,,,,,Italia,,,,,,,,,,,,,,,,,,,,GUEST,FREE,,0,18/06/2026,FREDDO,,
SIC04178,4178,AZIENDA,81LEAD|ContattiMirco|EmailMirco,,,Studio Bucatari - D. ssa Destro,,,,IT,,,,,,,,,contabilita@studiobucatari.it,,39042515730340,39042515730340,,,,,,Italia,,,,,,,,,,,,,,,,,,,,GUEST,FREE,,0,18/06/2026,FREDDO,,
SIC04179,4179,AZIENDA,81LEAD|ContattiMirco|EmailMirco|Labotecnic1|Labotecnic2,,,Studio Cuppoletti,,,,IT,,,,,,,,,studio@cuppoletti.it,,,,,,,,,Italia,,,,,,,,,,,,,,,,,,,,GUEST,FREE,,0,18/06/2026,FREDDO,,
SIC04180,4180,AZIENDA,81LEAD|ContattiMirco|EmailMirco|Labotecnic1|Labotecnic2,,,Studio Donà | Viro,,,,IT,,,,,,,,,portoviro@studiodona.net,,347869395100,347869395100,,,,,,Italia,,,,,,,,,,,,,,,,,,,,GUEST,FREE,,0,18/06/2026,FREDDO,,
SIC04181,4181,AZIENDA,81LEAD|ContattiMirco|EmailMirco|Labotecnic1|Labotecnic2,,,Studio Fenzi,,,,IT,,,,,,,,,studio.fenzi@gmail.com,,,,,,,,,Italia,,,,,,,,,,,,,,,,,,,,GUEST,FREE,,0,18/06/2026,FREDDO,,
SIC04182,4182,AZIENDA,81LEAD|ContattiMirco|EmailMirco,,,Studio Leone-Fell & C.,,,,IT,,,,,,,,,inuripoctinaccpt0qbf-smtpreply@mg.msgsndr.us,,,,,,,,,Italia,,,,,,,,,,,,,,,,,,,,GUEST,FREE,,0,18/06/2026,FREDDO,,
SIC04183,4183,AZIENDA,81LEAD|ContattiMirco|EmailMirco|Labotecnic1|Labotecnic2,,,Studio Lim ch,,,,IT,,,,,,,,,studio.lim.ch@gmail.com,,,,,,,,,Italia,,,,,,,,,,,,,,,,,,,,GUEST,FREE,,0,18/06/2026,FREDDO,,
SIC04184,4184,AZIENDA,81LEAD|ContattiMirco|EmailMirco|Labotecnic1|Labotecnic2,,,Studio Maila,,,,IT,,,,,,,,,maila.contabilita@chioggia.it,,3013726300,3013726300,,,,,,Italia,,,,,,,,,,,,,,,,,,,,GUEST,FREE,,0,18/06/2026,FREDDO,,
SIC04185,4185,AZIENDA,81LEAD|ContattiMirco|EmailMirco|Labotecnic1|Labotecnic2,,,Studio Micheletti e Crepaldi,,,,IT,,,,,,,,,debora@micheletticrepaldi.it,,3933315718360,3933315718360,,,,,,Italia,,,,,,,,,,,,,,,,,,,,GUEST,FREE,,0,18/06/2026,FREDDO,,
SIC04186,4186,AZIENDA,81LEAD|ContattiMirco|EmailMirco|Labotecnic1|Labotecnic2,,,Studio Poggio,,,,IT,,,,,,,,,info@biscaropoggio.it,,,,,,,,,Italia,,,,,,,,,,,,,,,,,,,,GUEST,FREE,,0,18/06/2026,FREDDO,,
SIC04187,4187,AZIENDA,81LEAD|ContattiMirco|EmailMirco|Labotecnic1|Labotecnic2,,,Studio Renzotiozzo,,,,IT,,,,,,,,,studio.renzotiozzo@libero.it,,,,,,,,,Italia,,,,,,,,,,,,,,,,,,,,GUEST,FREE,,0,18/06/2026,FREDDO,,
SIC04188,4188,AZIENDA,81LEAD|ContattiMirco|EmailMirco,,,Studio Rossi,,,,IT,,,,,,,,,info@studio-rossi.net,,,,,,,,,Italia,,,,,,,,,,,,,,,,,,,,GUEST,FREE,,0,18/06/2026,FREDDO,,
SIC04189,4189,AZIENDA,81LEAD|ContattiMirco|EmailMirco|Labotecnic1|Labotecnic2,,,Studio Sixte,,,,IT,,,,,,,,,studio.sixte@gmail.com,,,,,,,,,Italia,,,,,,,,,,,,,,,,,,,,GUEST,FREE,,0,18/06/2026,FREDDO,,
SIC04190,4190,AZIENDA,ClientiFatt1|ClientiFatt2|81LEAD|ContattiMirco|EmailMirco|Labotecnic1|Labotecnic2,,,Studio Tecnico Tonon Geom. Massimo,,,,IT,TNNMSM58M31G224R,15416402880,0000000,,,,,,tononmax@libero.it,,3932915857840,3932915857840,,,,,,Italia,,,,,Via Roma 97,35028,Piove di Sacco,PD,,,,,,,,,,,,GUEST,FREE,,0,18/06/2026,FREDDO,,
SIC04191,4191,AZIENDA,81LEAD|ContattiMirco|EmailMirco,,,Studio Tecnico ed impresa edile,,,,IT,,,,,,,,,info@tecnoedi.com,,3932998864080,3932998864080,,,,,,Italia,,,,,,,,,,,,,,,,,,,,GUEST,FREE,,0,18/06/2026,FREDDO,,
SIC04192,4192,AZIENDA,81LEAD|ContattiMirco|EmailMirco|Labotecnic1|Labotecnic2,,,Studio Vdv,,,,IT,,,,,,,,,studio@vdv.it,,,,,,,,,Italia,,,,,,,,,,,,,,,,,,,,GUEST,FREE,,0,18/06/2026,FREDDO,,
SIC04193,4193,AZIENDA,81LEAD|ContattiMirco|EmailMirco,,,Studio design bastianoni,,,,IT,,,,,,,,,info@studiobastianoni.com,,3907166097260,3907166097260,,,,,,Italia,,,,,,,,,,,,,,,,,,,,GUEST,FREE,,0,18/06/2026,FREDDO,,
SIC04194,4194,AZIENDA,81LEAD|ContattiMirco|EmailMirco,,,Studio tecnico ing. callari,,,,IT,,,,,,,,,info@studiocallari.it,,3907128050680,3907128050680,,,,,,Italia,,,,,,,,,,,,,,,,,,,,GUEST,FREE,,0,18/06/2026,FREDDO,,
SIC04195,4195,AZIENDA,81LEAD|ContattiMirco|EmailMirco,,,Studio tecnico ing. luigi fagiani,,,,IT,,,,,,,,,info@studiofagiani.eu,,3907179310460,3907179310460,,,,,,Italia,,,,,,,,,,,,,,,,,,,,GUEST,FREE,,0,18/06/2026,FREDDO,,
SIC04196,4196,AZIENDA,81LEAD|ContattiMirco|EmailMirco,,,Studio zoppi ingegneria e associati,,,,IT,,,,,,,,,info.studiozoppi@gmail.com,,3907120765810,3907120765810,,,,,,Italia,,,,,,,,,,,,,,,,,,,,GUEST,FREE,,0,18/06/2026,FREDDO,,
SIC04197,4197,AZIENDA,81LEAD|ContattiMirco|EmailMirco|Labotecnic1|Labotecnic2,,,Studiobanin,,,,IT,,,,,,,,,info.studiobanin@libero.it,,,,,,,,,Italia,,,,,,,,,,,,,,,,,,,,GUEST,FREE,,0,18/06/2026,FREDDO,,
SIC04198,4198,AZIENDA,81LEAD|ContattiMirco|EmailMirco|Labotecnic1|Labotecnic2,,,Studioboschelli,,,,IT,,,,,,,,,studioboschelli@gmail.com,,,,,,,,,Italia,,,,,,,,,,,,,,,,,,,,GUEST,FREE,,0,18/06/2026,FREDDO,,
SIC04199,4199,AZIENDA,81LEAD|ContattiMirco|EmailMirco,,,Studiocentonza,,,,IT,,,,,,,,,studiocentonza@libero.it,,3934827395400,3934827395400,,,,,,Italia,,,,,,,,,,,,,,,,,,,,GUEST,FREE,,0,18/06/2026,FREDDO,,
SIC04200,4200,AZIENDA,81LEAD|ContattiMirco|EmailMirco|Labotecnic1|Labotecnic2,,,Studiochiappini Dr. pietro,,,,IT,,,,,,,,,studiochiappini@chimici.it,,,,,,,,,Italia,,,,,,,,,,,,,,,,,,,,GUEST,FREE,,0,18/06/2026,FREDDO,,
SIC04201,4201,AZIENDA,81LEAD|ContattiMirco|EmailMirco|Labotecnic1|Labotecnic2,,,Studiocolaiacomo,,,,IT,,,,,,,,,studiocolaiacomo@tiscali.it,,,,,,,,,Italia,,,,,,,,,,,,,,,,,,,,GUEST,FREE,,0,18/06/2026,FREDDO,,
SIC04202,4202,AZIENDA,81LEAD|ContattiMirco|EmailMirco|Labotecnic1|Labotecnic2,,,Studiodesolei,,,,IT,,,,,,,,,studiodesolei@interfree.it,,,,,,,,,Italia,,,,,,,,,,,,,,,,,,,,GUEST,FREE,,0,18/06/2026,FREDDO,,
SIC04203,4203,AZIENDA,81LEAD|ContattiMirco|EmailMirco|Labotecnic1|Labotecnic2,,,Studiogaliotto,,,,IT,,,,,,,,,studiogaliotto@galiotto.it,,,,,,,,,Italia,,,,,,,,,,,,,,,,,,,,GUEST,FREE,,0,18/06/2026,FREDDO,,
SIC04204,4204,AZIENDA,81LEAD|ContattiMirco|EmailMirco|Labotecnic1|Labotecnic2,,,Studiogiacon,,,,IT,,,,,,,,,studiogiacon@libero.it,,3934000045370,3934000045370,,,,,,Italia,,,,,,,,,,,,,,,,,,,,GUEST,FREE,,0,18/06/2026,FREDDO,,
SIC04205,4205,AZIENDA,81LEAD|ContattiMirco|EmailMirco|Labotecnic1|Labotecnic2,,,Studioignaziog Romano,,,,IT,,,,,,,,,studioignaziog.romano@gmail.com,,,,,,,,,Italia,,,,,,,,,,,,,,,,,,,,GUEST,FREE,,0,18/06/2026,FREDDO,,
SIC04206,4206,AZIENDA,81LEAD|ContattiMirco|EmailMirco,,,Studioioleterrentin,,,,IT,,,,,,,,,studioioleterrentin@libero.it,,329240956900,329240956900,,,,,,Italia,,,,,,,,,,,,,,,,,,,,GUEST,FREE,,0,18/06/2026,FREDDO,,
SIC04207,4207,AZIENDA,81LEAD|ContattiMirco|EmailMirco|Labotecnic1|Labotecnic2,,,Studiolanza Lanza,,,,IT,,,,,,,,,studiolanza@yahoo.it,,,,,,,,,Italia,,,,,,,,,,,,,,,,,,,,GUEST,FREE,,0,18/06/2026,FREDDO,,
SIC04208,4208,AZIENDA,81LEAD|ContattiMirco|EmailMirco|Labotecnic1|Labotecnic2,,,Studiomoscariellodevivo,,,,IT,,,,,,,,,studiomoscariellodevivo@gmail.com,,,,,,,,,Italia,,,,,,,,,,,,,,,,,,,,GUEST,FREE,,0,18/06/2026,FREDDO,,
SIC04209,4209,AZIENDA,81LEAD|ContattiMirco|EmailMirco|Labotecnic1|Labotecnic2,,,Studiopezzato,,,,IT,,,,,,,,,studiopezzato@virgilio.it,,,,,,,,,Italia,,,,,,,,,,,,,,,,,,,,GUEST,FREE,,0,18/06/2026,FREDDO,,
SIC04210,4210,AZIENDA,81LEAD|ContattiMirco|EmailMirco|Labotecnic1|Labotecnic2,,,Studioravag,,,,IT,,,,,,,,,studioravagnan@gmail.com,,,,,,,,,Italia,,,,,,,,,,,,,,,,,,,,GUEST,FREE,,0,18/06/2026,FREDDO,,
SIC04211,4211,AZIENDA,81LEAD|ContattiMirco|EmailMirco|Labotecnic1|Labotecnic2,,,Studiorondinelli,,,,IT,,,,,,,,,studiorondinelli@yahoo.it,,,,,,,,,Italia,,,,,,,,,,,,,,,,,,,,GUEST,FREE,,0,18/06/2026,FREDDO,,
SIC04212,4212,AZIENDA,81LEAD|ContattiMirco|EmailMirco,,,Studiosicurezzapadalino F150,,,,IT,,,,,,,,,studiosicurezzapadalino@gmail.com,,39346584036100,39346584036100,,,,,,Italia,,,,,,,,,,,,,,,,,,,,GUEST,FREE,,0,18/06/2026,FREDDO,,
SIC04213,4213,AZIENDA,81LEAD|ContattiMirco|EmailMirco|Labotecnic1|Labotecnic2,,,Studiotecnicoaprea,,,,IT,,,,,,,,,studiotecnicoaprea@virgilio.it,,,,,,,,,Italia,,,,,,,,,,,,,,,,,,,,GUEST,FREE,,0,18/06/2026,FREDDO,,
SIC04214,4214,AZIENDA,81LEAD|ContattiMirco|EmailMirco|Labotecnic1|Labotecnic2,,,Studiotecnicocrivellari,,,,IT,,,,,,,,,studiotecnicocrivellari@gmail.com,,,,,,,,,Italia,,,,,,,,,,,,,,,,,,,,GUEST,FREE,,0,18/06/2026,FREDDO,,
SIC04215,4215,AZIENDA,81LEAD|ContattiMirco|EmailMirco|Labotecnic1|Labotecnic2,,,Studiothiene,,,,IT,,,,,,,,,studiothiene@gmail.com,,,,,,,,,Italia,,,,,,,,,,,,,,,,,,,,GUEST,FREE,,0,18/06/2026,FREDDO,,
SIC04216,4216,AZIENDA,81LEAD|ContattiMirco,,,Stufreg Rag. freguglia,,,,IT,,,,,,,,,stufreg@gmail.com,,39346436015800,39346436015800,,,,,,Italia,,,,,,,,,,,,,,,,,,,,GUEST,FREE,,0,18/06/2026,FREDDO,,
SIC04217,4217,AZIENDA,81LEAD|EmailMirco,,,T Costruzioni SRLS,,,,IT,,,,,,,,,tcostruzionicontact@gmail.com,,3933849525510,3933849525510,,,,,,Italia,,,,,,,,,,,,,,,,,,,,GUEST,FREE,,0,18/06/2026,FREDDO,,
SIC04218,4218,AZIENDA,81LEAD|EmailMirco,,,T.L. Arte del Pulito SRL - Impresa di Pulizie Mira,,,,IT,,,,,,,,,lily_tudos@icloud.com,,3932787128130,3932787128130,,,,,,Italia,,,,,,,,,,,,,,,,,,,,GUEST,FREE,,0,18/06/2026,FREDDO,,
SIC04219,4219,AZIENDA,81LEAD|EmailMirco,,,T.c.a. srl,,,,IT,,,,,,,,,tcasrl@cisanaelio.it,,3902903942540,3902903942540,,,,,,Italia,,,,,,,,,,,,,,,,,,,,GUEST,FREE,,0,18/06/2026,FREDDO,,
SIC04220,4220,AZIENDA,81LEAD|EmailMirco,,,TECNOEDIL sas di Toffali M.W. e C. | Rappresentanze Edili,,,,IT,,,,,,,,,tecnoedil@tecnologieedili.it,,3934885677240,3934885677240,,,,,,Italia,,,,,,,,,,,,,,,,,,,,GUEST,FREE,,0,18/06/2026,FREDDO,,
SIC04221,4221,AZIENDA,ClientiFatt1|ClientiFatt2|81LEAD|ContattiMirco|EmailMirco|Labotecnic1|Labotecnic2,,,TEO PIZZA SAS DI CROCCO CINZIA & C.,,,,IT,01370190298,13701902980,0000000,,,,,,cin.ele66@yahoo.it,,4149500180,4149500180,,,,,,Italia,,,,,"VIA ROMA, 1071/6 1071/6",45015,CORBOLA,RO,,,,,,,,,,,,GUEST,FREE,,0,18/06/2026,FREDDO,,
SIC04222,4222,AZIENDA,ClientiFatt1|ClientiFatt2|81LEAD|ContattiMirco|EmailMirco|Labotecnic1|Labotecnic2,,,TEQUILA S.a.s. di Cecchini Pietro & C.,,,,IT,,43576502760,0000000,,,,,,tequilasas@yahoo.it,,,,,,,,,Italia,,,,,Vicolo Salice 6,30015,Chioggia,VE,,,,,,,,,,,,GUEST,FREE,,0,18/06/2026,FREDDO,,
SIC04223,4223,AZIENDA,ClientiFatt1|ClientiFatt2,,,TIOZZO GUGLIELMO Impresa individuale,,,,IT,TZZGLL65B16C166M,43226102720,SUBM70N,,,,,,guglielmo.tiozzo@pec.it,,,,,,,,,Italia,,,,,Viale Nicolo' Zeno 130/F,30015,Chioggia,VE,,,,,,,,,,,,GUEST,FREE,,0,18/06/2026,FREDDO,,
SIC04224,4224,AZIENDA,81LEAD|EmailMirco,,,Taglio cemento armato bergamo - Tecno Edilizia Srl,,,,IT,,,,,,,,,info@tecnoedilizia.com,,390357209340,390357209340,,,,,,Italia,,,,,,,,,,,,,,,,,,,,GUEST,FREE,,0,18/06/2026,FREDDO,,
SIC04225,4225,AZIENDA,81LEAD|EmailMirco,,,Talarico S.r.l. - Materiali per l' edilizia - marmi - arredobagno - idraulica - rivestimenti,,,,IT,,,,,,,,,info@talaricosrl.com,,3909619611550,3909619611550,,,,,,Italia,,,,,,,,,,,,,,,,,,,,GUEST,FREE,,0,18/06/2026,FREDDO,,
SIC04226,4226,AZIENDA,81LEAD|ContattiMirco|EmailMirco,,,Teatro Studios,,,,IT,,,,,,,,,info@teatrodellevoci.com,,,,,,,,,Italia,,,,,,,,,,,,,,,,,,,,GUEST,FREE,,0,18/06/2026,FREDDO,,
SIC04227,4227,AZIENDA,81LEAD|EmailMirco,,,Tecnica Edilizia Srl,,,,IT,,,,,,,,,tecnicaediliziasrl@tiscali.it,,3908624530120,3908624530120,,,,,,Italia,,,,,,,,,,,,,,,,,,,,GUEST,FREE,,0,18/06/2026,FREDDO,,
SIC04228,4228,AZIENDA,81LEAD|ContattiMirco|Labotecnic1|Labotecnic2,,,Tecnico - Freguglia S. l,,,,IT,,,,,,,,,sanelli@fregugliasrl.it,,348626815700,348626815700,,,,,,Italia,,,,,,,,,,,,,,,,,,,,GUEST,FREE,,0,18/06/2026,FREDDO,,
SIC04229,4229,AZIENDA,81LEAD|ContattiMirco|EmailMirco,,,Tecno Impianti caruso,,,,IT,,,,,,,,,info@tecnoimpianticaruso.it,,3932097082600,3932097082600,,,,,,Italia,,,,,,,,,,,,,,,,,,,,GUEST,FREE,,0,18/06/2026,FREDDO,,
SIC04230,4230,AZIENDA,81LEAD|EmailMirco,,,Terme Di Rabbi,,,,IT,,,,,,,,,info@termedirabbi.it,,3904639830000,3904639830000,,,,,,Italia,,,,,,,,,,,,,,,,,,,,GUEST,FREE,,0,18/06/2026,FREDDO,,
SIC04231,4231,AZIENDA,81LEAD|EmailMirco,,,Termoidraulica Coico,,,,IT,,,,,,,,,info@termoidraulicacoico.com,,3906332533870,3906332533870,,,,,,Italia,,,,,,,,,,,,,,,,,,,,GUEST,FREE,,0,18/06/2026,FREDDO,,
SIC04232,4232,AZIENDA,81LEAD|EmailMirco,,,Termoidraulica Mei Srl,,,,IT,,,,,,,,,termoidraulicamei@gmail.com,,390658103100,390658103100,,,,,,Italia,,,,,,,,,,,,,,,,,,,,GUEST,FREE,,0,18/06/2026,FREDDO,,
SIC04233,4233,AZIENDA,81LEAD|ContattiMirco|Labotecnic1|Labotecnic2,,,Termoidraulicamc Mc,,,,IT,,,,,,,,,termoidraulicamc@tiscali.it,,,,,,,,,Italia,,,,,,,,,,,,,,,,,,,,GUEST,FREE,,0,18/06/2026,FREDDO,,
SIC04234,4234,AZIENDA,81LEAD|ContattiMirco|EmailMirco,,,Terranova Costruzioni srl,,,,IT,,,,,,,,,distrettopesca@gmail.com,,3909239477630,3909239477630,,,,,,Italia,,,,,,,,,,,,,,,,,,,,GUEST,FREE,,0,18/06/2026,FREDDO,,
SIC04235,4235,AZIENDA,81LEAD|EmailMirco,,,Terre dell'Etruria - Casino di Terra,,,,IT,,,,,,,,,raggi@terretruria.it,,390588360430,390588360430,,,,,,Italia,,,,,,,,,,,,,,,,,,,,GUEST,FREE,,0,18/06/2026,FREDDO,,
SIC04236,4236,AZIENDA,81LEAD|EmailMirco,,,Terreverdi Soc. Coop. Per Azioni,,,,IT,,,,,,,,,commerciale@terreverdicoop.it,,3907179587190,3907179587190,,,,,,Italia,,,,,,,,,,,,,,,,,,,,GUEST,FREE,,0,18/06/2026,FREDDO,,
SIC04237,4237,AZIENDA,81LEAD|ContattiMirco|EmailMirco,,,Teving S.r.l.,,,,IT,,,,,,,,,info@teving.it,,3909235512380,3909235512380,,,,,,Italia,,,,,,,,,,,,,,,,,,,,GUEST,FREE,,0,18/06/2026,FREDDO,,
SIC04238,4238,AZIENDA,81LEAD|EmailMirco,,,The trailed Roma Srl,,,,IT,,,,,,,,,g.mancini1478@gmail.com,,390665306400,390665306400,,,,,,Italia,,,,,,,,,,,,,,,,,,,,GUEST,FREE,,0,18/06/2026,FREDDO,,
SIC04239,4239,AZIENDA,81LEAD|ContattiMirco|EmailMirco,,,Tiemme Costruzioni edili spa,,,,IT,,,,,,,,,info@tiemmecostruzioni.it,,3904957920220,3904957920220,,,,,,Italia,,,,,,,,,,,,,,,,,,,,GUEST,FREE,,0,18/06/2026,FREDDO,,
SIC04240,4240,AZIENDA,81LEAD|ContattiMirco|EmailMirco|Labotecnic1|Labotecnic2,,,Tizianalio Cognome email telefono id cliente backup_sicu,,,,IT,,,,,,,,,tizianalio@libero.it,,3932846609840,3932846609840,,,,,,Italia,,,,,,,,,,,,,,,,,,,,GUEST,FREE,,0,18/06/2026,FREDDO,,
SIC04241,4241,AZIENDA,81LEAD|EmailMirco,,,Top Color Srl - Forniture Professionali,,,,IT,,,,,,,,,oriago@topcolorsrl.it,,3904156303020,3904156303020,,,,,,Italia,,,,,,,,,,,,,,,,,,,,GUEST,FREE,,0,18/06/2026,FREDDO,,
SIC04242,4242,AZIENDA,81LEAD|ContattiMirco|EmailMirco,,,Toschi Costruzioni - impresa edile,,,,IT,,,,,,,,,info@toschicostruzioni.it,,3933858593980,3933858593980,,,,,,Italia,,,,,,,,,,,,,,,,,,,,GUEST,FREE,,0,18/06/2026,FREDDO,,
SIC04243,4243,AZIENDA,81LEAD|ContattiMirco|EmailMirco,,,Towerhotelbologna Bo,,,,IT,,,,,,,,,towerhotelbologna.bo@bestwestern.it,,377000124300,377000124300,,,,,,Italia,,,,,,,,,,,,,,,,,,,,GUEST,FREE,,0,18/06/2026,FREDDO,,
SIC04244,4244,AZIENDA,ClientiFatt1|ClientiFatt2|81LEAD|ContattiMirco|Labotecnic1|Labotecnic2,,,Transdelta S.r.l.,,,,IT,01359710298,13597102980,5RUO82D,,,,,,transdeltasrl@alice.it,,,,,,,,,Italia,,,,,Via Mantovana 114/G,45014,Porto Viro,RO,,,,,,,,,,,,GUEST,FREE,,0,18/06/2026,FREDDO,,
SIC04245,4245,AZIENDA,81LEAD|ContattiMirco|EmailMirco,,,Travaglia_impianti,,,,IT,,,,,,,,,travaglia_impianti@libero.it,,,,,,,,,Italia,,,,,,,,,,,,,,,,,,,,GUEST,FREE,,0,18/06/2026,FREDDO,,
SIC04246,4246,AZIENDA,81LEAD|EmailMirco,,,Trediemme Restauri | Restauro Opere Architettoniche,,,,IT,,,,,,,,,trediemmerestauri@mclink.it,,390657559830,390657559830,,,,,,Italia,,,,,,,,,,,,,,,,,,,,GUEST,FREE,,0,18/06/2026,FREDDO,,
SIC04247,4247,AZIENDA,81LEAD|EmailMirco,,,Trentinabeton srl,,,,IT,,,,,,,,,mirtis@trentinabeton.com,,3904617573290,3904617573290,,,,,,Italia,,,,,,,,,,,,,,,,,,,,GUEST,FREE,,0,18/06/2026,FREDDO,,
SIC04248,4248,AZIENDA,81LEAD|EmailMirco,,,Tuttedile di Genna Leonarda & Francesco s.n.c.,,,,IT,,,,,,,,,info@tuttedile.it,,3903324702380,3903324702380,,,,,,Italia,,,,,,,,,,,,,,,,,,,,GUEST,FREE,,0,18/06/2026,FREDDO,,
SIC04249,4249,AZIENDA,81LEAD|ContattiMirco|EmailMirco,,,Tutto Per l'edilizia,,,,IT,,,,,,,,,info@materialiperledilizia.com,,3932918155480,3932918155480,,,,,,Italia,,,,,,,,,,,,,,,,,,,,GUEST,FREE,,0,18/06/2026,FREDDO,,
SIC04250,4250,AZIENDA,81LEAD|ContattiMirco,,,Tutto Per l'edilizia di lillo curseri,,,,IT,,,,,,,,,lillocurseri@hotmail.it,,3934012604430,3934012604430,,,,,,Italia,,,,,,,,,,,,,,,,,,,,GUEST,FREE,,0,18/06/2026,FREDDO,,
SIC04251,4251,AZIENDA,81LEAD|ContattiMirco|EmailMirco,,,UFFICIO snc,,,,IT,,,,,,,,,info@ufficioservice.com,,,,,,,,,Italia,,,,,,,,,,,,,,,,,,,,GUEST,FREE,,0,18/06/2026,FREDDO,,
SIC04252,4252,AZIENDA,81LEAD|EmailMirco,,,ULMA Construction Casseforme e Ponteggi,,,,IT,,,,,,,,,press@ulmaconstruction.es,,3904572379000,3904572379000,,,,,,Italia,,,,,,,,,,,,,,,,,,,,GUEST,FREE,,0,18/06/2026,FREDDO,,
SIC04253,4253,AZIENDA,81LEAD,,,UNIONCASA REGIONE LAZIO - ROMA,,,,IT,,,,,,,,,lazio@unioncasa.org,,3906375010580,3906375010580,,,,,,Italia,,,,,,,,,,,,,,,,,,,,GUEST,FREE,,0,18/06/2026,FREDDO,,
SIC04254,4254,AZIENDA,81LEAD|ContattiMirco|EmailMirco,,,Urbano Costruzioni di urbano gennaro - impresa edile,,,,IT,,,,,,,,,gennaro.urbano@gmail.com,,3933942184080,3933942184080,,,,,,Italia,,,,,,,,,,,,,,,,,,,,GUEST,FREE,,0,18/06/2026,FREDDO,,
SIC04255,4255,AZIENDA,81LEAD|EmailMirco,,,Utensilferramenta Pistoiese spa,,,,IT,,,,,,,,,marco.f@ufptrade.it,,3939057393860,3939057393860,,,,,,Italia,,,,,,,,,,,,,,,,,,,,GUEST,FREE,,0,18/06/2026,FREDDO,,
SIC04256,4256,AZIENDA,ClientiFatt1|ClientiFatt2,,,VIALE PAOLO,,,,IT,VLIPLA66D13C812S,37188102800,SU9YNJA,,,,,,viale.paolo@pec.it,,,,,,,,,Italia,,,,,Via Bosco 58,35020,Codevigo,PD,,,,,,,,,,,,GUEST,FREE,,0,18/06/2026,FREDDO,,
SIC04257,4257,AZIENDA,81LEAD|ContattiMirco,,,Vaccari Srl,,,,IT,,,,,,,,,vaccaricostruzioni@gmail.com,,390532662250,390532662250,,,,,,Italia,,,,,,,,,,,,,,,,,,,,GUEST,FREE,,0,18/06/2026,FREDDO,,
SIC04258,4258,AZIENDA,81LEAD|ContattiMirco|EmailMirco,,,Valeria Srl,,,,IT,,,,,,,,,valeria.tiozzo@sambin.com,,39347843612100,39347843612100,,,,,,Italia,,,,,,,,,,,,,,,,,,,,GUEST,FREE,,0,18/06/2026,FREDDO,,
SIC04259,4259,AZIENDA,81LEAD|EmailMirco,,,Valm Edil Srl,,,,IT,,,,,,,,,info@valmedil.it,,3903425585550,3903425585550,,,,,,Italia,,,,,,,,,,,,,,,,,,,,GUEST,FREE,,0,18/06/2026,FREDDO,,
SIC04260,4260,AZIENDA,81LEAD|EmailMirco,,,Valteo Costruzioni,,,,IT,,,,,,,,,info@valteosrl.it,,3934886109250,3934886109250,,,,,,Italia,,,,,,,,,,,,,,,,,,,,GUEST,FREE,,0,18/06/2026,FREDDO,,
SIC04261,4261,AZIENDA,81LEAD|EmailMirco,,,Vanin Impianti Srl,,,,IT,,,,,,,,,info@vanin.net,,390414297540,390414297540,,,,,,Italia,,,,,,,,,,,,,,,,,,,,GUEST,FREE,,0,18/06/2026,FREDDO,,
SIC04262,4262,AZIENDA,81LEAD|EmailMirco,,,Varese Costruzioni Srl,,,,IT,,,,,,,,,varesecostruzioni@gmail.com,,3903328213270,3903328213270,,,,,,Italia,,,,,,,,,,,,,,,,,,,,GUEST,FREE,,0,18/06/2026,FREDDO,,
SIC04263,4263,AZIENDA,81LEAD|EmailMirco,,,Vargiu Clelia Srl di Murgia,,,,IT,,,,,,,,,vargiucleliasrl@tiscali.it,,390707406750,390707406750,,,,,,Italia,,,,,,,,,,,,,,,,,,,,GUEST,FREE,,0,18/06/2026,FREDDO,,
SIC04264,4264,AZIENDA,81LEAD|EmailMirco,,,Varia Costruzioni,,,,IT,,,,,,,,,info@variacostruzioni.it,,3905835118880,3905835118880,,,,,,Italia,,,,,,,,,,,,,,,,,,,,GUEST,FREE,,0,18/06/2026,FREDDO,,
SIC04265,4265,AZIENDA,81LEAD|ContattiMirco,,,Verifiche impianti di terra di bevilacqua fabrizio,,,,IT,,,,,,,,,info@fabriziobevilacqua.it,,3938999684940,3938999684940,,,,,,Italia,,,,,,,,,,,,,,,,,,,,GUEST,FREE,,0,18/06/2026,FREDDO,,
SIC04266,4266,AZIENDA,81LEAD|EmailMirco,,,Verniciatura Fratelli Brina Di Cristiano E Davide Brina S.N.C.,,,,IT,,,,,,,,,info@verniciaturabrina.it,,390356364300,390356364300,,,,,,Italia,,,,,,,,,,,,,,,,,,,,GUEST,FREE,,0,18/06/2026,FREDDO,,
SIC04267,4267,AZIENDA,81LEAD|EmailMirco,,,Virgin Water Srl,,,,IT,,,,,,,,,info@virginwater.it,,3935135826680,3935135826680,,,,,,Italia,,,,,,,,,,,,,,,,,,,,GUEST,FREE,,0,18/06/2026,FREDDO,,
SIC04268,4268,AZIENDA,81LEAD|EmailMirco,,,Volpato Costruzioni Srl,,,,IT,,,,,,,,,info@volcer.com,,3904151382370,3904151382370,,,,,,Italia,,,,,,,,,,,,,,,,,,,,GUEST,FREE,,0,18/06/2026,FREDDO,,
SIC04269,4269,AZIENDA,81LEAD|ContattiMirco|EmailMirco,,,Volpi Costruzioni - impresa edile costruzioni e ristrutturazioni a parma,,,,IT,,,,,,,,,info@volpicostruzioni.it,,3933563424780,3933563424780,,,,,,Italia,,,,,,,,,,,,,,,,,,,,GUEST,FREE,,0,18/06/2026,FREDDO,,
SIC04270,4270,AZIENDA,ClientiFatt1|ClientiFatt2|81LEAD|ContattiMirco|EmailMirco|Labotecnic1|Labotecnic2,,,Voltan Michele,,,,IT,VLTMHL69R20A059H,08788002910,SUBM70N,,,,,,michelevoltan@libero.it,,3933834043280,3933834043280,,,,,,Italia,,,,,Via Cavanella Po 661,45017,Loreo,RO,,,,,,,,,,,,GUEST,FREE,,0,18/06/2026,FREDDO,,
SIC04271,4271,AZIENDA,81LEAD|ContattiMirco|EmailMirco,,,"Vultaggio G., vario v. & c. s.n.c.",,,,IT,,,,,,,,,info@vultaggioevario.it,,390924210940,390924210940,,,,,,Italia,,,,,,,,,,,,,,,,,,,,GUEST,FREE,,0,18/06/2026,FREDDO,,
SIC04272,4272,AZIENDA,81LEAD|EmailMirco,,,Vultaggio Srl,,,,IT,,,,,,,,,info@vultaggio.it,,3909238334990,3909238334990,,,,,,Italia,,,,,,,,,,,,,,,,,,,,GUEST,FREE,,0,18/06/2026,FREDDO,,
SIC04273,4273,AZIENDA,81LEAD|ContattiMirco|EmailMirco|Labotecnic1|Labotecnic2,,,Waterlandstudio,,,,IT,,,,,,,,,waterlandstudio@gmail.com,,,,,,,,,Italia,,,,,,,,,,,,,,,,,,,,GUEST,FREE,,0,18/06/2026,FREDDO,,
SIC04274,4274,AZIENDA,81LEAD|EmailMirco,,,Weber G e D Ingrosso Materiali Edili,,,,IT,,,,,,,,,lauren.ae.bowers@gmail.com,,390953380140,390953380140,,,,,,Italia,,,,,,,,,,,,,,,,,,,,GUEST,FREE,,0,18/06/2026,FREDDO,,
SIC04275,4275,AZIENDA,81LEAD,,,William Srl Costruzioni in Ferro,,,,IT,,,,,,,,,williamsrl@legalmail.it,,3906523732090,3906523732090,,,,,,Italia,,,,,,,,,,,,,,,,,,,,GUEST,FREE,,0,18/06/2026,FREDDO,,
SIC04276,4276,AZIENDA,81LEAD|ContattiMirco|EmailMirco,,,Work Di gioia,,,,IT,,,,,,,,,work@kervinchery.com,,39347282242400,39347282242400,,,,,,Italia,,,,,,,,,,,,,,,,,,,,GUEST,FREE,,0,18/06/2026,FREDDO,,
SIC04277,4277,AZIENDA,81LEAD|EmailMirco,,,Z.D.L. Costruzioni Srl,,,,IT,,,,,,,,,info@zdlcostruzioni.com,,3934695543670,3934695543670,,,,,,Italia,,,,,,,,,,,,,,,,,,,,GUEST,FREE,,0,18/06/2026,FREDDO,,
SIC04278,4278,AZIENDA,81LEAD|ContattiMirco|EmailMirco,,,Z2g Costruzioni,,,,IT,,,,,,,,,email@mail.com,,3933391740670,3933391740670,,,,,,Italia,,,,,,,,,,,,,,,,,,,,GUEST,FREE,,0,18/06/2026,FREDDO,,
SIC04279,4279,AZIENDA,ClientiFatt1|ClientiFatt2|81LEAD,,,ZETA 2000 S.r.l.,,,,IT,02119310304,21193103040,USAL8PV,,,,,,zeta2000s.r.l@legalmail.it,,,,,,,,,Italia,,,,,Via San Giorgio 61,33050,Carlino,UD,,,,,,,,,,,,GUEST,FREE,,0,18/06/2026,FREDDO,,
SIC04280,4280,AZIENDA,ClientiFatt1|ClientiFatt2|81LEAD|ContattiMirco|EmailMirco,,,ZHU ZHENWEI,,,,IT,ZHUZNW84T12Z210G,14744402920,M5UXCR1,,,,,,zhenweizhu@yahoo.it,,,,,,,,,Italia,,,,,VIA MANTOVANA 82,45014,PORTO VIRO,RO,,,,,,,,,,,,GUEST,FREE,,0,18/06/2026,FREDDO,,
SIC04281,4281,AZIENDA,81LEAD|EmailMirco,,,ZM Termoidraulica,,,,IT,,,,,,,,,zmtermoidro@gmail.com,,3904212425630,3904212425630,,,,,,Italia,,,,,,,,,,,,,,,,,,,,GUEST,FREE,,0,18/06/2026,FREDDO,,
SIC04282,4282,AZIENDA,81LEAD|ContattiMirco|EmailMirco|Labotecnic1|Labotecnic2,,,Zaia Impianti,,,,IT,,,,,,,,,info@zaiaimpianti.it,,,,,,,,,Italia,,,,,,,,,,,,,,,,,,,,GUEST,FREE,,0,18/06/2026,FREDDO,,
SIC04283,4283,AZIENDA,81LEAD|EmailMirco,,,Zanchi & C. S.N.C.,,,,IT,,,,,,,,,matteo@zanchiedil.it,,390345916190,390345916190,,,,,,Italia,,,,,,,,,,,,,,,,,,,,GUEST,FREE,,0,18/06/2026,FREDDO,,
SIC04284,4284,AZIENDA,ContattiMirco|EmailMirco,,,Zanibellato Impresa edile,,,,IT,,,,,,,,,zanibellatomariosas@libero.it,,3933570735190,3933570735190,,,,,,Italia,,,,,,,,,,,,,,,,,,,,GUEST,FREE,,0,18/06/2026,FREDDO,,
SIC04285,4285,AZIENDA,ClientiFatt1|ClientiFatt2|81LEAD|ContattiMirco|EmailMirco|Labotecnic1|Labotecnic2,,,Zanzibar & Slot Srl,,,,IT,01512880293,15128802930,UNI0W8G,,,,,,silvia.trombin@virgilio.it,,,,,,,,,Italia,,,,,Via Romea 144,45019,Taglio di Po,RO,,,,,,,,,,,,GUEST,FREE,,0,18/06/2026,FREDDO,,
SIC04286,4286,AZIENDA,81LEAD|EmailMirco,,,Zavan Supplies Srl,,,,IT,,,,,,,,,info@zavanforniture.it,,390414293770,390414293770,,,,,,Italia,,,,,,,,,,,,,,,,,,,,GUEST,FREE,,0,18/06/2026,FREDDO,,
SIC04287,4287,AZIENDA,81LEAD|ContattiMirco|EmailMirco,,,Zennaro Costruzioni srl,,,,IT,,,,,,,,,info@zennarocostruzioni.it,,3904156301900,3904156301900,,,,,,Italia,,,,,,,,,,,,,,,,,,,,GUEST,FREE,,0,18/06/2026,FREDDO,,
SIC04288,4288,AZIENDA,81LEAD|ContattiMirco|EmailMirco,,,Zeta Due - impresa edile zeta due srl,,,,IT,,,,,,,,,info@zetadue.com,,3904227577360,3904227577360,,,,,,Italia,,,,,,,,,,,,,,,,,,,,GUEST,FREE,,0,18/06/2026,FREDDO,,
SIC04289,4289,AZIENDA,81LEAD|ContattiMirco|EmailMirco,,,Zeta costruzioni srl,,,,IT,,,,,,,,,info@zetacostruzioniancona.it,,3907197356030,3907197356030,,,,,,Italia,,,,,,,,,,,,,,,,,,,,GUEST,FREE,,0,18/06/2026,FREDDO,,
SIC04290,4290,AZIENDA,81LEAD|ContattiMirco|EmailMirco,,,Zuliani Impresa edile albinea,,,,IT,,,,,,,,,impresa@zuliani.re.it,,3905223471590,3905223471590,,,,,,Italia,,,,,,,,,,,,,,,,,,,,GUEST,FREE,,0,18/06/2026,FREDDO,,
SIC04291,4291,AZIENDA,81LEAD|EmailMirco,,,bauexpert AG | SpA - Mattarello,,,,IT,,,,,,,,,info@bauexpert.it,,3904619230500,3904619230500,,,,,,Italia,,,,,,,,,,,,,,,,,,,,GUEST,FREE,,0,18/06/2026,FREDDO,,
SIC04292,4292,AZIENDA,81LEAD|EmailMirco,,,edil sas di mascanzoni luca & c.,,,,IT,,,,,,,,,luca@edilsnc.it,,3904583455240,3904583455240,,,,,,Italia,,,,,,,,,,,,,,,,,,,,GUEST,FREE,,0,18/06/2026,FREDDO,,
SIC04293,4293,AZIENDA,81LEAD|ContattiMirco|EmailMirco|Labotecnic1|Labotecnic2,,,geo stefano arch. Tamburin,,,,IT,,,,,,,,,geostefano.za@gmail.com,,39334169015100,39334169015100,,,,,,Italia,,,,,,,,,,,,,,,,,,,,GUEST,FREE,,0,18/06/2026,FREDDO,,
SIC04294,4294,AZIENDA,81LEAD|ContattiMirco|EmailMirco,,,geom. Capuzzo,,,,IT,,,,,,,,,padova@corsigeometri.it,,347325252400,347325252400,,,,,,Italia,,,,,,,,,,,,,,,,,,,,GUEST,FREE,,0,18/06/2026,FREDDO,,
SIC04295,4295,AZIENDA,81LEAD,,,impresa edile bologna pinto tommaso,,,,IT,,,,,,,,,.tommaso@gmail.com,,393378612300,393378612300,,,,,,Italia,,,,,,,,,,,,,,,,,,,,GUEST,FREE,,0,18/06/2026,FREDDO,,
SIC04296,4296,AZIENDA,81LEAD|EmailMirco,,,int&ext Ristrutturazioni Costruzioni Restyling,,,,IT,,,,,,,,,intext@tiscali.it,,398005879690,398005879690,,,,,,Italia,,,,,,,,,,,,,,,,,,,,GUEST,FREE,,0,18/06/2026,FREDDO,,
SIC04297,4297,AZIENDA,81LEAD|ContattiMirco|EmailMirco,,,studio 3g,,,,IT,,,,,,,,,info@sta3g.it,,,,,,,,,Italia,,,,,,,,,,,,,,,,,,,,GUEST,FREE,,0,18/06/2026,FREDDO,,
SIC04298,4298,AZIENDA,81LEAD|EmailMirco,,,studiorocas architects,,,,IT,,,,,,,,,r.casconi@awn.it,,3906929182310,3906929182310,,,,,,Italia,,,,,,,,,,,,,,,,,,,,GUEST,FREE,,0,18/06/2026,FREDDO,,
